date,close,daily_return,ret_252,ema_20,ema_50,ema_200,high_252,drawdown
2007-01-02,3947.795845415675,0.0101060214973216,0.4096543055485795,3853.0348911728215,3780.365888215855,3429.982646243205,3955.5322806234417,-0.1955851869965608
2007-01-03,3965.152062742592,0.0043964323401048,0.4461026644143484,3863.712717036609,3787.612404863962,3435.3077150640947,3965.152062742592,0.0
2007-01-04,3933.5442427122734,-0.0079714017344536,0.4047697554253548,3870.3633385295298,3793.335222034485,3440.265292453629,3965.152062742592,-0.7971401734453654
2007-01-05,3926.8764788846793,-0.0016951033002736,0.4081219378821408,3875.7455423728775,3798.5721340678256,3445.107194806177,3965.152062742592,-0.965299268533948
2007-01-08,3877.301310614921,-0.0126245805123563,0.3786944536203935,3875.8937107768816,3801.659552755947,3449.407633769448,3965.152062742592,-2.215570821435453
2007-01-09,3851.190189402109,-0.0067343544184526,0.3601049360106778,3873.540994455475,3803.60193066364,3453.4054701439027,3965.152062742592,-2.8740858241299905
2007-01-10,3796.5251630239936,-0.0141943201165566,0.3406305513932754,3866.2061533667625,3803.324410364046,3456.819596441217,3965.152062742592,-4.252722141555488
2007-01-11,3883.663633250368,0.0229521645411583,0.3490452962009371,3867.868770498535,3806.474968124294,3461.066800787577,3965.152062742592,-2.055114865780472
2007-01-12,3989.888822854856,0.027351799649957,0.3743294243780402,3879.489727865803,3813.6676683098062,3466.328711454913,3989.888822854856,0.0
2007-01-15,4016.050643826169,0.0065570300659638,0.3820324274433004,3892.495529385838,3821.6042555849576,3471.7985814287567,4016.050643826169,0.0
2007-01-16,4020.5808163651895,0.0011280167858402,0.3765750246893347,3904.694128145776,3829.407257968496,3477.2591011793684,4020.5808163651895,0.0
2007-01-17,4021.598787986861,0.0002531901902154,0.378388738371995,3915.8279052734974,3836.9441807143135,3482.675416470985,4021.598787986861,0.0
2007-01-18,4049.084021771993,0.0068344047315793,0.4065561848068364,3928.5189639876407,3845.2633901675567,3488.311322991394,4049.084021771993,0.0
2007-01-19,4031.727555916848,-0.0042865165953137,0.4086713663443095,3938.348353695184,3852.575710393019,3493.7184496871696,4049.084021771993,-0.4286516595313761
2007-01-22,4041.652779228145,0.0024617792679795,0.4118128574654363,3948.186870412609,3859.9904974061615,3499.1705325681746,4049.084021771993,-0.1835289785020566
2007-01-23,4000.5265765956783,-0.0101755902545197,0.4066001072719287,3953.171604334806,3865.501716197907,3504.1591499216825,4049.084021771993,-1.1992204882689594
2007-01-24,4026.383204903072,0.0064633062204018,0.4195528046204728,3960.14413772226,3871.810794186345,3509.355409175229,4049.084021771993,-0.5606407954702353
2007-01-25,4081.099179567917,0.0135893609426482,0.449455942144169,3971.6636655170846,3880.018181848368,3515.0444019154547,4081.099179567917,0.0
2007-01-29,4060.128864750192,-0.0051383987242243,0.4120405768169961,3980.0889225869046,3887.081345883733,3520.4681279138103,4081.099179567917,-0.5138398724224391
2007-01-31,4019.206455264642,-0.0100790912921104,0.3829004509467659,3983.8144018895455,3892.2627227222006,3525.430698335212,4081.099179567917,-1.5165699626498164
2007-02-01,4069.799595156072,0.0125878430119354,0.4067629690393823,3992.00346791493,3899.224953013725,3530.847304273728,4081.099179567917,-0.2768760060627095
2007-02-02,4114.386801890931,0.0109556270996555,0.4014632945893046,4003.659023531692,3907.662672577537,3536.653667434098,4114.386801890931,0.0
2007-02-05,4145.689429257331,0.0076080905548339,0.3891020721412126,4017.185728838896,3916.997055192431,3542.713724765673,4145.689429257331,0.0
2007-02-06,4130.979789029822,-0.0035481770833334,0.3898859871540403,4028.023258380888,3925.388534950761,3548.567118439943,4145.689429257331,-0.3548177083333437
2007-02-07,4157.7015440987,0.0064686240150191,0.3872595432646739,4040.3735713063934,3934.498849034993,3554.6281575012245,4157.7015440987,0.0
2007-02-08,4156.785220522259,-0.0002203918599548,0.4015445005470224,4051.4603950412384,3943.215961642337,3560.619770068598,4157.7015440987,-0.0220391859954816
2007-02-09,4113.674271461407,-0.0103712236196403,0.3882714372965776,4057.3855261288736,3949.900601243085,3566.122799933203,4157.7015440987,-1.0589329746331644
2007-02-12,3982.712073216426,-0.031835821118247,0.3541464656182276,4050.273768708641,3951.187325634197,3570.267966831544,4157.7015440987,-4.208803085701229
2007-02-13,3967.289902559394,-0.0038722785814083,0.3245364659713277,4042.370543361093,3951.8187992391054,3574.218433853712,4157.7015440987,-4.579733285799936
2007-02-14,3972.227164335792,0.0012444923102827,0.3160984269896074,4035.69022154916,3952.619127282114,3578.1787197291555,4157.7015440987,-4.460983497628979
2007-02-15,4074.024326502945,0.0256272257239285,0.3537300946965163,4039.341088687616,3957.380115486853,3583.112506861233,4157.7015440987,-2.0125835562805894
2007-02-19,4088.0721360594302,0.0034481408137647,0.3487035769191349,4043.982140818264,3962.5052927642087,3588.136980783604,4157.7015440987,-1.6747091464056396
2007-02-20,4033.254513349355,-0.0134091622861907,0.3239933329417295,4042.9604620117016,3965.279772002842,3592.566010958388,4157.7015440987,-2.9931689282983958
2007-02-21,4021.293346794714,-0.0029656364395184,0.3300673565077863,4040.896927229132,3967.476382778994,3596.83195459855,4157.7015440987,-3.2808559214068334
2007-02-22,3965.40655564801,-0.0138977155673685,0.310854249442855,4033.7073680309295,3967.395213087583,3600.4993635642163,4157.7015440987,-4.6250310757304565
2007-02-23,3867.681279967543,-0.0246444530488999,0.2786565347016734,4017.89535964394,3963.48486276915,3603.157890095593,4157.7015440987,-6.975495019424905
2007-02-26,3875.01087446616,0.0018950875131775,0.2996466860532139,4004.287313436532,3960.0152946004055,3605.8628949152007,4157.7015440987,-6.799205441616685
2007-02-27,3835.4116292662006,-0.0102191313735126,0.2793983076210111,3988.20391494412,3955.1288763520056,3608.1469619236686,4157.7015440987,-7.751636605324553
2007-02-28,3691.3686447996783,-0.0375560691758346,0.2198748005259627,3959.9338892160777,3944.785337859757,3608.975038370196,4157.7015440987,-11.216122522332528
2007-03-01,3750.00390961925,0.0158844240339353,0.2343313203766888,3939.940557825904,3937.1468504777768,3610.378310720933,4157.7015440987,-9.805841765100286
2007-03-02,3670.296681936723,-0.0212552385553699,0.2063773744120003,3914.2601886936,3926.6821379859703,3610.974513419598,4157.7015440987,-11.722940114683864
2007-03-05,3521.061942788385,-0.0406601297063513,0.1578876566553686,3876.812736702628,3910.775463664497,3610.0798609755066,4157.7015440987,-15.312296819716163
2007-03-06,3592.879890402957,0.0203966725895479,0.1746626282212646,3849.771513245517,3898.308970595417,3609.9087169897102,4157.7015440987,-13.584949465587092
2007-03-07,3557.6072731233294,-0.0098173661117494,0.1603692118233188,3821.946347519594,3884.948119714159,3609.3883046129295,4157.7015440987,-14.433317654248745
2007-03-08,3693.8119258086263,0.0382854661092817,0.1866895912537813,3809.743069261407,3877.452582698256,3610.2283406447286,4157.7015440987,-11.157357337216812
2007-03-09,3652.889267794848,-0.011078706451688,0.1619525305087832,3794.804611978877,3868.64617819224,3610.652827482043,4157.7015440987,-12.141618895670003
2007-03-12,3670.907564321017,0.0049326150357265,0.1674949729360584,3783.0048931543192,3860.89172274631,3611.252377102332,4157.7015440987,-11.708247324020205
2007-03-13,3705.773092363267,0.0094977951450268,0.1637947882532768,3775.649483555171,3854.8086392018768,3612.1928817317935,4157.7015440987,-10.869670344108384
2007-03-14,3582.5985261410115,-0.0332385613344998,0.1260299005385396,3757.263678087156,3844.133732807333,3611.8984105318864,4157.7015440987,-13.832234273139932
2007-03-15,3585.4995961458385,0.0008097669843993,0.1503502257893056,3740.9051940927448,3833.9912176441376,3611.635735761876,4157.7015440987,-13.762458461334848
2007-03-16,3552.059377490865,-0.0093265158057525,0.134895591890523,3722.919878225899,3822.935067049892,3611.04293617709,4157.7015440987,-14.566754255544446
2007-03-19,3620.7215136669647,0.0193302332194125,0.1381942445171973,3713.186700648858,3815.005123779973,3611.139240430721,4157.7015440987,-12.91530969061274
2007-03-20,3643.218537388969,0.0062134090227834,0.1397952062923972,3706.5230660526777,3808.268394901895,3611.458437415381,4157.7015440987,-12.3742168900981
2007-03-21,3705.773092363267,0.0171701352340862,0.1620858022637132,3706.45163998702,3804.248971272929,3612.396891693469,4157.7015440987,-10.869670344108384
2007-03-22,3812.201826586444,0.028719711534012,0.1839896173368984,3716.523086329822,3804.5608479518905,3614.385000498375,4157.7015440987,-8.309872987459777
2007-03-23,3806.3484897618328,-0.0015354215466216,0.1801382456734079,3725.07788665668,3804.6309515522807,3616.295084968658,4157.7015440987,-8.450655984087307
2007-03-26,3768.225502235879,-0.0100156324699368,0.1575589343243149,3729.187183378509,3803.2032868732063,3617.806830414104,4157.7015440987,-9.367580566614498
2007-03-28,3711.4735843276912,-0.0150606480091263,0.1414996716255088,3727.500173945097,3799.606043636127,3618.738837915731,4157.7015440987,-10.732563533916217
2007-03-29,3740.3841275001,0.0077895053044396,0.1588268067984704,3728.727217140812,3797.2836155523614,3619.9492388071194,4157.7015440987,-10.037214364049929
2007-03-30,3768.07290590392,0.0074026563743134,0.1649436201073619,3732.474425594441,3796.1380975269326,3621.4231061414152,4157.7015440987,-9.371250775510951
2007-04-02,3586.0595302434035,-0.0483041013817254,0.0974470174259038,3718.5301498467234,3787.899722339344,3621.071229764321,4157.7015440987,-13.748991066149651
2007-04-03,3635.6346985131618,0.0138244130783833,0.1005161239263154,3710.635344957813,3781.928544934395,3621.216139901125,4157.7015440987,-12.556621490220763
2007-04-04,3675.53913637704,0.0109759206226627,0.1135389058885891,3707.292848902501,3777.75641126548,3621.756667229244,4157.7015440987,-11.596849908719983
2007-04-05,3697.781915721855,0.0060515691765259,0.1111111111111111,3706.38704574244,3774.6201565382794,3622.5131373634986,4157.7015440987,-11.06187213051979
2007-04-09,3790.5192298674224,0.0250791734772883,0.1212116779059593,3714.399634706724,3775.24364961001,3624.184839776473,4157.7015440987,-8.831377392935845
2007-04-10,3796.9832005481,0.001705299535152,0.1240036782398008,3722.264736215426,3776.096181019347,3625.9042264508175,4157.7015440987,-8.675907583183573
2007-04-11,3807.366461383504,0.0027346080524941,0.1041359184535404,3730.3696624219097,3777.322466523824,3627.709820828257,4157.7015440987,-8.426171984673825
2007-04-12,3779.321542029036,-0.0073659627038573,0.0908183039977228,3735.0317461940167,3777.4008616416754,3629.218395168564,4157.7015440987,-9.100701386484166
2007-04-13,3867.223242443436,0.0232585926962984,0.1060982944383308,3747.621412503485,3780.923307947627,3631.586602604135,4157.7015440987,-6.986511623653192
2007-04-16,3959.24802615948,0.0237960877732776,0.1506272273354298,3767.7763280897702,3787.9164341520136,3634.846915276328,4157.7015440987,-4.773154490150889
2007-04-17,3933.289749806856,-0.0065563652949027,0.1353912570239479,3783.539511110445,3793.6173484914193,3637.8164957194176,4157.7015440987,-5.39749647519473
2007-04-18,3959.8077117288167,0.0067419294302595,0.1737247912633139,3800.3269587883856,3800.134617637984,3641.0203884160287,4157.7015440987,-4.759693072504612
2007-04-19,3949.424450893413,-0.0026221628905487,0.1868699497580515,3814.526719941245,3805.989120902903,3644.089085555107,4157.7015440987,-5.00942867101436
2007-04-20,4027.146683619325,0.0196793820700458,0.1827110419824957,3834.776240291538,3814.6619664996256,3647.9006039438063,4157.7015440987,-3.1400729247793024
2007-04-23,4024.0418204675816,-0.0007709833774799,0.1525957787407406,3852.801533641638,3822.872941165036,3651.6433026156847,4157.7015440987,-3.214750318498216
2007-04-24,4081.3027241866057,0.014229698962813,0.1642950486423697,3874.5635517887777,3833.0074424599993,3655.9185207407686,4157.7015440987,-1.837525351489744
2007-04-25,4106.853911301852,0.0062605468993577,0.1600293406792201,3896.686443170975,3843.746519669484,3660.4054400498335,4157.7015440987,-1.2229745751957344
2007-04-26,4115.404773512602,0.0020820955396583,0.1635319518173337,3917.516760346368,3854.399784526077,3664.932796601703,4157.7015440987,-1.01731137113803
2007-04-27,4030.098701910882,-0.0207284766132274,0.1459107744957164,3928.238850019179,3861.2899381490106,3668.56628819682,4157.7015440987,-3.069071717495764
2007-04-30,4042.416257944399,0.0030563906605256,0.1760672850699574,3939.1128888692,3868.392931082163,3672.286188393313,4157.7015440987,-2.77281293357704
2007-05-03,4106.03948429887,0.0157389101702316,0.1650587605941063,3955.010659862502,3877.712403757328,3676.6021415864034,4157.7015440987,-1.2425629702342955
2007-05-04,4076.161917791519,-0.0072764927423616,0.1710583727638084,3966.5488749033607,3885.494737641022,3680.577860752624,4157.7015440987,-1.961170744035623
2007-05-07,4067.967196531418,-0.0020104013101964,0.1663163895148431,3976.207762677461,3892.650520342606,3684.432481009129,4157.7015440987,-2.15826813482195
2007-05-08,4031.6766076301183,-0.0089210623262259,0.1224157076404033,3981.4905098158097,3898.102523765646,3687.887646448144,4157.7015440987,-3.031120322897085
2007-05-09,4037.631841028188,0.0014771108840423,0.1144720077758407,3986.837303264608,3903.5742616975103,3691.3676881852593,4157.7015440987,-2.8878865353126337
2007-05-10,4026.73934585372,-0.0026977435297057,0.1063671512719266,3990.637497796904,3908.404264997754,3694.704719604846,4157.7015440987,-3.1498701110680427
2007-05-11,4038.344371457712,0.0028819907640511,0.1050894185939832,3995.181009574124,3913.499955447164,3698.124019623283,4157.7015440987,-2.870748931230982
2007-05-14,4097.081284322515,0.0145448004087873,0.1134857577376378,4004.885797645399,3920.6992232461976,3702.093743650141,4157.7015440987,-1.4580233605807291
2007-05-15,4086.85061981907,-0.0024970616381453,0.1035458909213509,4012.691971185749,3927.214964288271,3705.922170278688,4157.7015440987,-1.7040887501940438
2007-05-16,4133.626366129231,0.0114454259921623,0.1058113325765535,4024.2095326089375,3935.309529066348,3710.17793342148,4157.7015440987,-0.5790501726522401
2007-05-17,4182.692797116381,0.0118700691937709,0.1336635604142979,4039.3031768477417,3945.010833695761,3714.8795738562553,4182.692797116381,0.0
2007-05-18,4178.773506961656,-0.0009370255825212,0.1485730274202574,4052.586065430019,3954.177997353247,3719.495433887155,4182.692797116381,-0.0937025582521289
2007-05-21,4226.4143800333,0.011400683236906,0.212753177030178,4069.141143011284,3964.853933928936,3724.539403500549,4226.4143800333,0.0
2007-05-22,4247.130201945608,0.0049015122630129,0.2137869383169377,4086.09248195741,3975.923591498217,3729.739311942789,4247.130201945608,0.0
2007-05-23,4211.755688092522,-0.0083290391796514,0.16750376582672,4098.06040635123,3985.171909011719,3734.53549479005,4247.130201945608,-0.8329039179651443
2007-05-24,4172.105991662289,-0.0094140542250185,0.2432543521580807,4105.112366857045,3992.502657350957,3738.8894300823113,4247.130201945608,-1.7664683378190382
2007-05-25,4211.7049883340205,0.0094913688077118,0.3111967502385775,4115.264045092948,4001.09882719343,3743.5940625027274,4247.130201945608,-0.8340976595292315
2007-05-28,4222.953375930909,0.0026707444201445,0.3891204201407936,4125.52017183942,4009.799005575292,3748.3638069149474,4247.130201945608,-0.5692508791848128
2007-05-29,4259.804147458,0.0087263031927196,0.3471983739415647,4138.309121898333,4019.603128786379,3753.452765527317,4259.804147458,0.0
2007-05-30,4214.606306867076,-0.0106103095415539,0.3665830676845529,4145.575520466784,4027.250312240524,3758.0413579784586,4259.804147458,-1.0610309541553953
2007-05-31,4256.088650450191,0.0098425192207218,0.3592386942835797,4156.100580465203,4036.2243647193354,3762.9970524309138,4259.804147458,-0.0872222496432595
2007-06-01,4265.097301656819,0.0021166502736438,0.3440045986841435,4166.48122057869,4045.199774011001,3767.993074811271,4265.097301656819,0.0
2007-06-04,4234.76194615359,-0.0071124650524256,0.3281612086596246,4172.984146823918,4052.633584683259,3772.637541192787,4265.097301656819,-0.7112465052425687
2007-06-05,4260.007443548461,0.0059614915114183,0.3483044074708012,4181.272079845304,4060.765892874051,3777.48699295752,4265.097301656819,-0.1193374441042727
2007-06-06,4174.701620474969,-0.020024806107483,0.3677978820978904,4180.646321810033,4065.233960623106,3781.439377310928,4265.097301656819,-2.1194283456730245
2007-06-07,4156.072690092735,-0.004462338168282,0.4106732853974182,4178.305975932196,4068.7962637395626,3785.167071965473,4265.097301656819,-2.5562045564993863
2007-06-08,4122.886964343179,-0.0079848761617341,0.3469577684678002,4173.02797482848,4070.9174676848015,3788.527468904555,4265.097301656819,-3.33428119584509
2007-06-11,4120.800072813106,-0.0005061723855446,0.3788340392650724,4168.053888922254,4072.8736482780696,3791.833663968322,4265.097301656819,-3.383210713332574
2007-06-12,4126.093475540153,0.0012845570358945,0.4173441734417344,4164.05765907634,4074.9607003275632,3795.159632242669,4265.097301656819,-3.259100936868853
2007-06-13,4087.919539727471,-0.0092518349472644,0.4503837471783294,4156.806409614544,4075.468890107952,3798.072666147991,4265.097301656819,-4.154131767650915
2007-06-14,4148.641447548886,0.0148539880081552,0.5545467464649618,4156.028794179719,4078.3384021644592,3801.560912729095,4265.097301656819,-2.730438390296364
2007-06-15,4155.003770184334,0.0015335918314189,0.4739455345636816,4155.931172846825,4081.344887184847,3805.077757081883,4265.097301656819,-2.581266585166009
2007-06-18,4134.084652181566,-0.0050346808715026,0.511810180607259,4153.850551831086,4083.4131132631496,3808.351457530636,4265.097301656819,-3.0717388188156947
2007-06-19,4202.084957686642,0.0164486969247696,0.6073750030658986,4158.444304769711,4088.066911083679,3812.269203800845,4265.097301656819,-1.4773952272014723
2007-06-20,4242.04034383725,0.0095084669998208,0.64462460416758,4166.405832299953,4094.105084917153,3816.545533552452,4265.097301656819,-0.5405962909829087
2007-06-21,4260.313133268836,0.0043075473004714,0.5542393038759761,4175.34938477318,4100.623047597611,3820.96113155958,4265.097301656819,-0.1121702050296491
2007-06-22,4248.606459619614,-0.0027478434760592,0.4972018766842907,4182.3262490442685,4106.426318657297,3825.216308953212,4265.097301656819,-0.3866463264694753
2007-06-25,4258.83687559483,0.0024079462460104,0.4848538020056869,4189.612975382417,4112.403203243083,3829.530941457109,4265.097301656819,-0.1467827254387876
2007-06-26,4284.13356980466,0.0059398128993366,0.52,4198.614936755964,4119.1377274219685,3834.054350694399,4284.13356980466,0.0
2007-06-27,4264.232423423563,-0.004645314170726,0.4816341658192591,4204.864221200497,4124.827715500463,3838.334729527525,4284.13356980466,-0.4645314170726
2007-06-28,4280.519969370308,0.0038195727459124,0.4516347105993377,4212.069530550003,4130.933294083594,3842.734582660289,4284.13356980466,-0.084348454021621
2007-06-29,4325.106927576939,0.0104162481487475,0.4468755320960327,4222.83499693352,4138.547946377451,3847.5343074853295,4325.106927576939,0.0
2007-07-02,4324.954331244979,-3.528151662268719e-05,0.4986243730709876,4232.560647820326,4145.858000685981,3852.284755482939,4325.106927576939,-0.0035281516622687
2007-07-03,4367.505346208267,0.0098384888496705,0.4962422973033378,4245.412523857273,4154.550053451561,3857.4113285249823,4367.505346208267,0.0
2007-07-04,4363.840548958958,-0.0008391053836924,0.4971273712552273,4256.691383390767,4162.757523863616,3862.450425245719,4367.505346208267,-0.0839105383692473
2007-07-05,4355.544179653626,-0.0019011623390572,0.4863648152542681,4266.1059354158015,4170.317784874989,3867.356830762216,4367.505346208267,-0.2738672447195833
2007-07-06,4384.047385060429,0.0065441203742009,0.4340442676480147,4277.338454429576,4178.699337823438,3872.4980303074713,4384.047385060429,0.0
2007-07-09,4421.916128209193,0.0086378498731125,0.4369811234200396,4291.107756694301,4188.2372511719,3877.9648770527615,4421.916128209193,0.0
2007-07-10,4409.903764839595,-0.0027165516082419,0.4383590326233899,4302.421662231948,4196.930055629457,3883.257801309348,4421.916128209193,-0.2716551608241913
2007-07-11,4399.011766721584,-0.0024698947412081,0.4094653097662384,4311.620719802389,4204.854828613462,3888.389681562206,4421.916128209193,-0.5179736752918718
2007-07-12,4461.8715143598,0.0142895156848064,0.4464961268965683,4325.930319284048,4214.933914329004,3894.0959684557142,4461.8715143598,0.0
2007-07-13,4512.71889862842,0.0113959768014331,0.5010495822957584,4343.719707793036,4226.611756850551,3900.2514204972335,4512.71889862842,0.0
2007-07-16,4523.35690089747,0.0023573376733665,0.4750452528751328,4360.82801189822,4238.248821322979,3906.45147502858,4523.35690089747,0.0
2007-07-17,4505.542397518218,-0.0039383368965905,0.4798468179560022,4374.61033433822,4248.730922350243,3912.412578734945,4523.35690089747,-0.3938336896590511
2007-07-18,4505.084111465883,-0.0001017160669906,0.4458329072763303,4387.036408350378,4258.783988590072,3918.3098079163474,4523.35690089747,-0.4039652371441549
2007-07-19,4560.410968515023,0.0122809820372338,0.4745486715082021,4403.5482712232015,4270.612497606737,3924.698874190961,4560.410968515023,0.0
2007-07-20,4561.123747472775,0.0001562970887212,0.4957021827386096,4418.555459437446,4282.005095640699,3931.031459994761,4561.123747472775,0.0
2007-07-23,4614.821750515949,0.0117729765768637,0.5700185888300453,4437.2474871592085,4295.056729165219,3937.835343482534,4614.821750515949,0.0
2007-07-24,4611.615239318975,-0.0006948288298709,0.5792923811443262,4453.853939745853,4307.470788386935,3944.539621053046,4614.821750515949,-0.069482882987093
2007-07-25,4577.6657863249375,-0.0073617271242799,0.6021555527411595,4465.645544181956,4318.066670659014,3950.8393838915727,4614.821750515949,-0.8051440813907407
2007-07-26,4606.932470447994,0.0063933641050175,0.5647604501972785,4479.101441921579,4329.394741238973,3957.3676733100447,4614.821750515949,-0.1709552501583222
2007-07-27,4435.098562475966,-0.0372989856209718,0.5456495981152996,4474.910691498188,4333.539989130621,3962.1212144957753,4614.821750515949,-3.894477354838022
2007-07-30,4429.75421146219,-0.0012050129074904,0.5222395023328148,4470.610074351902,4337.313095888721,3966.774279142208,4614.821750515949,-4.010285750106557
2007-07-31,4515.874710066893,0.0194413717993342,0.521991963721743,4474.920992039044,4344.315512131003,3972.237965022055,4614.821750515949,-2.144114026462518
2007-08-01,4328.619128494288,-0.0414660710482447,0.4275595772321741,4460.987481225257,4343.699967674661,3975.784046250634,4614.821750515949,-6.201813146730162
2007-08-02,4341.699666187602,0.003021873097406,0.4119875742561374,4449.626736935957,4343.62152447909,3979.4249976927936,4614.821750515949,-5.918366929292807
2007-08-03,4393.8707117982685,0.012016272340753,0.4361815215743667,4444.316639303796,4345.592080844548,3983.548835644092,4614.821750515949,-4.787856404052393
2007-08-06,4333.454493697228,-0.0137501128421492,0.4091894856402469,4433.758339722218,4345.116097034849,3987.030483982929,4614.821750515949,-6.097034122439582
2007-08-07,4354.780700937373,0.0049212948402164,0.4153749347231068,4426.236659837947,4345.495101109458,3990.68969012178,4614.821750515949,-5.634909940985333
2007-08-08,4458.46121001591,0.0238084340403685,0.4327891684243627,4429.305664616801,4349.925144595985,3995.344133105801,4614.821750515949,-3.3882249186018343
2007-08-09,4391.682172222966,-0.0149780461570295,0.4081502663776113,4425.722474865007,4351.5626750911615,3999.287795186569,4614.821750515949,-4.835280545083576
2007-08-10,4325.463317055815,-0.0150782439553528,0.3933531273864765,4416.173983645084,4350.539170854481,4002.5333227673577,4614.821750515949,-6.270197400967515
2007-08-13,4364.858520580629,0.0091077419081269,0.4151154470915839,4411.286796686565,4351.100713980997,4006.138548616246,4614.821750515949,-5.416530549795839
2007-08-14,4358.903784239016,-0.0013642449837804,0.3872259251135974,4406.297938358227,4351.406716736214,4009.648650463239,4614.821750515949,-5.5455655735418325
2007-08-16,4163.707477255271,-0.0447810542846894,0.3073161424891075,4383.19408491985,4344.045962246765,4011.181574112911,4614.821750515949,-9.775334729022688
2007-08-17,4095.910716368883,-0.0162827867367568,0.2816665782705012,4355.833764105472,4334.31516829077,4012.024650155259,4614.821750515949,-11.244443712025287
2007-08-20,4194.501367339063,0.0240705078302054,0.306358392240877,4340.468773937243,4328.8322741358015,4013.840338883456,4614.821750515949,-9.10805239942134
2007-08-21,4058.092921506849,-0.0325207775337429,0.2487508666729989,4313.575835610539,4318.215044620941,4014.280663088664,4614.821750515949,-12.063929206948377
2007-08-22,4127.620432972661,0.0171330506251676,0.2531872290056458,4295.865797264074,4310.7407461249295,4015.408421992983,4614.821750515949,-10.557316054272691
2007-08-23,4090.668013400338,-0.0089524752026943,0.2434092117267574,4276.323151181813,4302.110442880828,4016.1572736487774,4614.821750515949,-11.358049464359254
2007-08-24,4162.893050252288,0.0176560494802688,0.2643066632690525,4265.5202844266205,4296.650937287552,4017.61733112742,4614.821750515949,-9.79298279967442
2007-08-27,4279.043711696301,0.0279014281755265,0.2935437819046544,4266.808229880876,4295.9604578526005,4020.218588645518,4614.821750515949,-7.276078188331048
2007-08-28,4305.103884622384,0.0060901861915665,0.3015418810526573,4270.455435094353,4296.319023608278,4023.053268207477,4614.821750515949,-6.711372240085723
2007-08-29,4342.107252481435,0.0085952322756313,0.3259710791063108,4277.279417702646,4298.114640426834,4026.227934717666,4614.821750515949,-5.909534815814366
2007-08-30,4386.1345251187295,0.0101396096589123,0.3262640077914582,4287.646570789892,4301.56640061083,4029.8090948211593,4614.821750515949,-4.955494226221235
2007-08-31,4444.514799976428,0.0133101879396,0.3361640574742102,4302.586402140991,4307.172220193795,4033.9355197480777,4614.821750515949,-3.690433991745856
2007-09-03,4465.230621888734,0.0046609861468829,0.3359729044286839,4318.076327831252,4313.370588887714,4038.227013301717,4614.821750515949,-3.241536438769066
2007-09-04,4473.01800538323,0.0017440047679333,0.3291337950019239,4332.832678074297,4319.631271887538,4042.553291829891,4614.821750515949,-3.072789216980376
2007-09-05,4468.081240663289,-0.0011036764694442,0.3261224637622899,4345.713493558963,4325.452839290509,4046.7874007735063,4614.821750515949,-3.179765498770448
2007-09-06,4512.413705964501,0.0099220365327625,0.3466446109165875,4361.589704264252,4332.784637983606,4051.4204983375967,4614.821750515949,-2.2191115949386053
2007-09-07,4496.787742160552,-0.0034628836853533,0.3325892281756364,4374.465707873424,4339.216132265055,4055.852013201507,4614.821750515949,-2.557715438135844
2007-09-10,4499.994253357526,0.0007130670560477,0.3170509871605769,4386.420807443338,4345.521156621623,4060.271338974204,4614.821750515949,-2.4882325551487505
2007-09-11,4488.695166002137,-0.0025109115077111,0.3128638957681999,4396.161222544176,4351.135823656153,4064.534262626223,4614.821750515949,-2.733075974163268
2007-09-12,4494.192113347872,0.0012246203278336,0.3118936476209046,4405.497497858813,4356.745874232299,4068.8094651209663,4614.821750515949,-2.6139609217753823
2007-09-13,4531.602570444301,0.0083241784402849,0.330901707925979,4417.507504771717,4363.602999573946,4073.414371641597,4614.821750515949,-1.8033021548956696
2007-09-14,4512.515602537959,-0.0042119686379448,0.3188296328847517,4426.555895035169,4369.442709494104,4077.7835381181776,4614.821750515949,-2.216903566568995
2007-09-17,4494.64990234375,-0.0039591442485342,0.35630028172842,4433.041038588367,4374.352795488207,4081.9314621403223,4614.821750515949,-2.6040409504172857
2007-09-18,4546.2001953125,0.0114692565803331,0.3608410180624837,4443.818101133523,4381.091909206807,4086.551051525121,4614.821750515949,-1.4869817061899937
2007-09-19,4732.35009765625,0.0409462615693179,0.3892992527366334,4471.297338897592,4394.866740126393,4092.976912680655,4732.35009765625,0.0
2007-09-20,4747.5498046875,0.0032118728998469,0.3862216444975028,4497.60709754425,4408.697448540554,4099.4900757852,4747.5498046875,0.0
2007-09-21,4837.5498046875,0.0189571470974645,0.4099441032742936,4529.982593462654,4425.515187997297,4106.833953684726,4837.5498046875,0.0
2007-09-24,4932.2001953125,0.0195657707819949,0.4318592600465236,4568.289031734068,4445.385188284168,4115.046553103908,4932.2001953125,0.0
2007-09-25,4938.85009765625,0.0013482628604715,0.4489697299375956,4603.580561821895,4464.736753357583,4123.243603298459,4938.85009765625,0.0
2007-09-26,4940.5,0.0003340660905122,0.4321525735385985,4635.668127362666,4483.394135578855,4131.375507743251,4940.5,0.0
2007-09-27,5000.5498046875,0.0121546006856594,0.4295225405482938,4670.418763298365,4503.674750053704,4140.024008210357,5000.5498046875,0.0
2007-09-28,5021.35009765625,0.0041596012001023,0.4389654235273432,4703.840795141973,4523.975744077334,4148.79342203569,5021.35009765625,0.0
2007-10-01,5068.9501953125,0.0094795417030306,0.4614096589956895,4738.613118967737,4545.347291184596,4157.949210824514,5068.9501953125,0.0
2007-10-03,5210.7998046875,0.0279840211304847,0.483389567474261,4783.583279512476,4571.44346818471,4168.425336136584,5210.7998046875,0.0
2007-10-04,5208.64990234375,-0.0004125858648064,0.477276376737886,4824.065815020216,4596.43195579879,4178.775829332675,5210.7998046875,-0.0412585864806414
2007-10-05,5185.85009765625,-0.0043772964424506,0.4702156749359183,4858.521460985553,4619.546392734377,4188.796468818482,5210.7998046875,-0.4788076296618815
2007-10-08,5085.10009765625,-0.0194278658470159,0.4355416305362436,4880.100378763715,4637.803400770529,4197.714912886519,5210.7998046875,-2.4122920039678752
2007-10-09,5327.25,0.0476194957215017,0.5108264968074434,4922.686056976694,4664.84052230894,4208.954067982176,5327.25,0.0
2007-10-10,5441.4501953125,0.021436988185743,0.564922772198829,4972.092165389628,4695.295803603198,4221.217711040189,5441.4501953125,0.0
2007-10-11,5524.85009765625,0.0153267785884716,0.5661657084944194,5024.735777986449,4727.827344546455,4234.189177573682,5524.85009765625,0.0
2007-10-12,5428.25,-0.0174846549587345,0.5363214021297587,5063.165703892501,4755.29489966228,4246.070379786879,5524.85009765625,-1.7484654958734525
2007-10-15,5670.39990234375,0.0446092022924053,0.60487850308954,5120.99753231643,4791.181370355671,4260.2428128471465,5670.39990234375,0.0
2007-10-16,5668.0498046875,-0.000414450073491,0.6029203453103369,5173.097748732722,4825.568367780449,4274.250842616702,5670.39990234375,-0.0414450073491057
2007-10-17,5559.2998046875,-0.0191864933702705,0.5800578461829446,5209.878896918891,4854.342149619942,4287.037399453228,5670.39990234375,-1.9592991600174248
2007-10-18,5351.0,-0.0374687122489536,0.4952656632130339,5223.319001974234,4873.818928066218,4297.624091995983,5670.39990234375,-5.632757968476476
2007-10-19,5215.2998046875,-0.0253597823420855,0.4376146071800961,5222.555268899308,4887.210334992543,4306.755193614804,5670.39990234375,-8.02589068661883
2007-10-22,5184.0,-0.0060015350717456,0.412557040956149,5218.883338527945,4898.849145384992,4315.483997658438,5670.39990234375,-8.577876529355644
2007-10-23,5473.7001953125,0.0558835253303433,0.4952491478291785,5243.151610602665,4921.392323813522,4327.008536938578,5670.39990234375,-3.468885976630109
2007-10-24,5496.14990234375,0.004101376807315,0.5027607730243742,5267.246686006578,4943.931836697061,4338.641784355545,5670.39990234375,-3.072975504390385
2007-10-25,5568.9501953125,0.01324568912098,0.5374939730938515,5295.980353559523,4968.442360564333,4350.883659091435,5670.39990234375,-1.789110270499927
2007-10-26,5702.2998046875,0.023945196975768,0.5741325435337317,5334.67744414314,4997.221083863281,4364.330585913287,5702.2998046875,0.0
2007-10-29,5905.89990234375,0.035704909357604,0.6386022004835012,5389.079583019388,5032.855547333104,4379.669584086725,5905.89990234375,0.0
2007-10-30,5868.75,-0.0062903034182829,0.6178310834519298,5434.762479874685,5065.635721947492,4394.486304643076,5905.89990234375,-0.6290303418282961
2007-10-31,5900.64990234375,0.0054355531150158,0.6002865570553653,5479.132710586025,5098.381376080679,4409.47300710776,5905.89990234375,-0.0888941581606683
2007-11-01,5866.4501953125,-0.0057959220759167,0.5780934842221033,5516.020090083784,5128.501721932908,4423.970292562534,5905.89990234375,-0.6679711421386347
2007-11-02,5932.39990234375,0.0112418421422799,0.6040480895868008,5555.67531029902,5160.027140772549,4438.979542411104,5932.39990234375,0.0
2007-11-05,5847.2998046875,-0.0143449698363438,0.5728774042651572,5583.449071669351,5186.979009945684,4452.992679349178,5932.39990234375,-1.4344969836343813
2007-11-06,5786.5,-0.010397928397439,0.5467179082656497,5602.787255319889,5210.489637006638,4466.2614089078925,5932.39990234375,-2.459374026456118
2007-11-07,5782.35009765625,-0.0007171696783461,0.539993628080659,5619.888478399542,5232.91553742427,4479.356818746185,5932.39990234375,-2.529327205811238
2007-11-08,5698.75,-0.014457806297501,0.5150793321748999,5627.399099504347,5251.183555564495,4491.490084231298,5932.39990234375,-3.938539312756717
2007-11-12,5617.10009765625,-0.0143276863073041,0.4968962706271904,5626.41824218548,5265.533223881818,4502.690183867368,5932.39990234375,-5.314877787704986
2007-11-13,5695.39990234375,0.0139395423485813,0.5265624421727013,5632.987924105316,5282.390740684247,4514.557942260168,5932.39990234375,-3.995010516846087
2007-11-14,5937.89990234375,0.0425782217505406,0.5845136486186133,5662.027160128024,5308.096982317953,4528.720548828163,5937.89990234375,0.0
2007-11-15,5912.10009765625,-0.0043449376230334,0.5619724388813072,5685.843630368807,5331.783378997887,4542.485519463269,5937.89990234375,-0.4344937623033451
2007-11-16,5906.85009765625,-0.0008880093221157,0.550784030523731,5706.891865348563,5354.335015023705,4556.061286410463,5937.89990234375,-0.5229088600035903
2007-11-19,5907.64990234375,0.0001354029092117,0.5486142020746727,5726.011678395724,5376.033638055864,4569.509929355073,5937.89990234375,-0.5094393724633162
2007-11-20,5780.89990234375,-0.0214552321304135,0.5098082658627343,5731.239128295536,5391.910746459311,4581.563560927099,5937.89990234375,-2.644032445512101
2007-11-21,5561.0498046875,-0.0380304280250755,0.4511936185125582,5715.030621285247,5398.543650703554,4591.30969270581,5937.89990234375,-6.346521562404639
2007-11-22,5519.35009765625,-0.0074985314816099,0.4526604146482076,5696.394380939628,5403.281158427189,4600.54392559089,5937.89990234375,-7.0487851188312245
2007-11-23,5608.60009765625,0.0161703820958738,0.4776152577779584,5688.0330206269255,5411.332881534212,4610.574335263182,5937.89990234375,-5.545728457927057
2007-11-26,5731.7001953125,0.0219484533596345,0.4855836628528724,5692.191799168409,5423.896305603949,4621.729816457702,5937.89990234375,-3.472603284367604
2007-11-27,5698.14990234375,-0.0058534626420601,0.463890892740282,5692.75923756606,5434.651348613354,4632.44046407846,5937.89990234375,-4.037622794977869
2007-11-28,5617.5498046875,-0.0141449591600069,0.4458500054879959,5685.5964344347685,5441.823837086849,4642.242547069594,5937.89990234375,-5.3950067014400975
2007-11-29,5634.60009765625,0.0030351832314015,0.4476024395377844,5680.739640455862,5449.3836904425125,4652.116751553044,5937.89990234375,-5.1078632121734575
2007-11-30,5762.75,0.0227433890822268,0.4738381740158723,5688.550150888637,5461.67256532712,4663.167828652019,5937.89990234375,-2.9496944243640133
2007-12-03,5865.0,0.0177432649342761,0.5180105964894197,5705.354898423053,5477.489327471154,4675.126357720158,5937.89990234375,-1.2277051405830464
2007-12-04,5858.35009765625,-0.0011338281916026,0.514174978538158,5719.925869778595,5492.425043949001,4686.899728266786,5937.89990234375,-1.3396959530439512
2007-12-05,5940.0,0.0139373545422654,0.5281017975993474,5740.885310752063,5509.977003009824,4699.368387687017,5940.0,0.0
2007-12-06,5954.7001953125,0.0024747803556397,0.5128664553587958,5761.248633091152,5527.417128198164,4711.859251444485,5954.7001953125,0.0
2007-12-07,5974.2998046875,0.0032914519173321,0.514790173843054,5781.5392208622325,5544.941939040884,4724.420848989193,5974.2998046875,0.0
2007-12-10,5960.60009765625,-0.0022931067203056,0.5069021498964443,5798.592637699758,5561.242258986585,4736.721140020706,5974.2998046875,-0.2293106720305693
2007-12-11,6097.25,0.0229255276490503,0.5429774199126063,5827.036196014066,5582.262170398875,4750.258740617515,6097.25,0.0
2007-12-12,6159.2998046875,0.0101766869797859,0.5585393540597678,5858.68034922106,5604.891097233724,4764.279049712739,6159.2998046875,0.0
2007-12-13,6058.10009765625,-0.0164303914796016,0.5508686409614563,5877.672706214888,5622.663999211078,4777.152890985809,6159.2998046875,-1.643039147960168
2007-12-14,6047.7001953125,-0.001716693711907,0.5956092538585382,5893.86580041466,5639.332085332702,4789.795152720403,6159.2998046875,-1.811887924177158
2007-12-17,5777.0,-0.0447608490120453,0.581818462352989,5882.735724184692,5644.730827084361,4799.61808652418,6159.2998046875,-6.206871183580853
2007-12-18,5742.2998046875,-0.0060066116171888,0.5491934915739982,5869.360874708769,5648.557061500171,4808.998004117845,6159.2998046875,-6.770250080742047
2007-12-19,5751.14990234375,0.0015412113538595,0.5191226461034273,5858.102686864481,5652.580310160703,4818.372649871337,6159.2998046875,-6.626563331648994
2007-12-20,5766.5,0.0026690484367299,0.5044474939961878,5849.378621448816,5657.0477489779305,4827.806752857692,6159.2998046875,-6.377345106477228
2007-12-24,5985.10009765625,0.0379086270105348,0.5487078187187298,5862.304476325715,5669.912546965315,4839.322109522354,6159.2998046875,-2.8282388023826432
2007-12-26,6070.75,0.0143105212855654,0.6086683963136548,5882.156430961361,5685.631662770597,4851.575123357953,6159.2998046875,-1.4376602454082454
2007-12-27,6081.5,0.0017707861466869,0.6189628860986764,5901.141532774565,5701.155911289397,4863.813181832004,6159.2998046875,-1.2631274195857634
2007-12-28,6079.7001953125,-0.0002959474944503,0.6120401409917298,5918.14711968294,5716.000785172657,4875.91156007559,6159.2998046875,-1.2923483496357968
2007-12-31,6138.60009765625,0.0096879616513265,0.6126620111288634,5939.142641394684,5732.573307230837,4888.475625126144,6159.2998046875,-0.3360724057545727
2008-01-01,6144.35009765625,0.0009366956486047,0.5849681481717692,5958.68620865769,5748.721416659285,4900.971888534405,6159.2998046875,-0.2427176384541707
2008-01-02,6179.39990234375,0.0057043957669127,0.5805415234890821,5979.706560437315,5765.610769039068,4913.692565288727,6179.39990234375,0.0
2008-01-03,6178.5498046875,-0.0001375696135036,0.5811885948841928,5998.644012270665,5781.804456711556,4926.278209461849,6179.39990234375,-0.013756961350364
2008-01-04,6274.2998046875,0.0154971640638643,0.6053788649567304,6024.8969448817925,5801.117999769436,4939.691359663099,6274.2998046875,0.0
2008-01-07,6279.10009765625,0.0007650722978145,0.5905331338113065,6049.10676895555,5819.862395764998,4953.018809792385,6279.10009765625,0.0
2008-01-08,6287.85009765625,0.0013935117873444,0.5857777956962156,6071.844228831807,5838.214854662694,4966.300713154215,6287.85009765625,0.0
2008-01-09,6272.0,-0.0025207499240731,0.594490772951191,6090.906683228778,5855.226036832784,4979.292745859148,6287.85009765625,-0.252074992407314
2008-01-10,6156.9501953125,-0.0183433999820631,0.5679001436432274,6097.196541522466,5867.0583567731655,4991.010730430823,6287.85009765625,-2.081791078202422
2008-01-11,6200.10009765625,0.0070083240849667,0.5990761617319198,6106.996880201874,5880.118817199953,5003.041470403216,6287.85009765625,-1.3955485362589726
2008-01-14,6206.7998046875,0.0010805804625286,0.6116575654372174,6116.501920629076,5892.929836317112,5015.019165271716,6287.85009765625,-1.2889984924888909
2008-01-15,6074.25,-0.0213555791806585,0.5999498855321064,6112.477928188212,5900.040430971343,5025.55877556752,6287.85009765625,-3.3970291011846454
2008-01-16,5935.75,-0.0228011688685846,0.5283893149706613,6095.646696932192,5901.440806227369,5034.615404666351,6287.85009765625,-5.599689753855497
2008-01-17,5913.2001953125,-0.0037989815419281,0.4820463571417186,6078.270839635078,5901.901958740511,5043.35754188671,6287.85009765625,-5.958314790032892
2008-01-18,5705.2998046875,-0.0351586930525041,0.420624466839878,6042.74978868769,5894.192070346276,5049.944032063833,6287.85009765625,-9.264697534470343
2008-01-21,5208.7998046875,-0.0870243487628946,0.2955341634934529,5963.325980687672,5867.3139422812255,5051.524686517801,6287.85009765625,-17.160878141337342
2008-01-22,4899.2998046875,-0.0594186783146234,0.2182467876513361,5861.990154401941,5829.35260355206,5050.010011076703,6287.85009765625,-22.083069274923105
2008-01-23,5203.39990234375,0.0620701140528889,0.2850807427963908,5799.267273253542,5804.805438798793,5051.5362786515,6287.85009765625,-17.246756498166537
2008-01-24,5033.4501953125,-0.0326612811278833,0.248459903478734,5726.332313449633,5774.556213564037,5051.356317623251,6287.85009765625,-19.9495834484241
2008-01-25,5383.35009765625,0.0695149229189953,0.3319674874901885,5693.66734051693,5759.214797253928,5054.659738320097,6287.85009765625,-14.38488491220784
2008-01-28,5274.10009765625,-0.0202940544490249,0.3183514711566653,5653.70855548258,5740.190691387353,5056.843224482646,6287.85009765625,-16.122362719459037
2008-01-29,5280.7998046875,0.0012703033516991,0.3115492331323257,5618.193436359239,5722.1753624971625,5059.071648166277,6287.85009765625,-16.015812675688956
2008-01-30,5167.60009765625,-0.0214360913532015,0.2662275211364417,5575.279785054193,5700.427312895558,5060.1515332358285,6287.85009765625,-17.816105387397275
2008-01-31,5137.4501953125,-0.0058344109013823,0.2653416594521298,5533.581728888317,5678.349778872694,5060.920674152015,6287.85009765625,-18.295599998043095
2008-02-01,5317.25,0.0349978681742846,0.3229601562355892,5512.97870708943,5664.189003230627,5063.471214707716,6287.85009765625,-15.436120177515589
2008-02-04,5463.5,0.0275048192204616,0.3424493939462594,5508.266449271389,5656.318846241191,5067.451600631022,6287.85009765625,-13.110205950417308
2008-02-05,5483.89990234375,0.003733852355404,0.3328595891430055,5505.945825754471,5649.557319029526,5071.595364827169,6287.85009765625,-12.7857722882447
2008-02-06,5322.5498046875,-0.0294225096244538,0.2838756726745435,5488.479538033807,5636.733494937683,5074.092423930257,6287.85009765625,-15.351833742483125
2008-02-07,5133.25,-0.0355656239272361,0.2426228793546252,5454.648153459159,5616.989044155813,5074.681056527966,6287.85009765625,-18.362398589728123
2008-02-08,5120.35009765625,-0.0025130087846393,0.2315338278486827,5422.810243382692,5597.513007038183,5075.135474847651,6287.85009765625,-18.56755459922903
2008-02-11,4857.0,-0.051432049104766,0.1684510366378193,5368.923553536721,5568.473281271979,5072.964972610361,6287.85009765625,-22.755792129802664
2008-02-12,4838.25,-0.0038604076590488,0.1761383329655761,5318.383215104652,5539.837074163274,5070.629500246078,6287.85009765625,-23.053986261481928
2008-02-13,4929.4501953125,0.0188498310985376,0.2377119170785275,5281.341975124446,5515.900333816186,5069.224731042759,6287.85009765625,-21.603566898805106
2008-02-14,5202.0,0.055290102118624,0.3112225543800229,5273.785596541165,5503.590516803786,5070.545877997558,6287.85009765625,-17.269020106904154
2008-02-15,5302.89990234375,0.0193963672325547,0.3349941186534493,5276.558387569983,5495.720296628883,5072.857858339311,6287.85009765625,-15.664339639388558
2008-02-18,5276.89990234375,-0.0049029777063128,0.2952548829950967,5276.5909127865325,5487.1391046961335,5074.888127433883,6287.85009765625,-16.077835501983806
2008-02-19,5280.7998046875,0.0007390517947891,0.2917579800286407,5276.991759634244,5479.047367440893,5076.936999844367,6287.85009765625,-16.015812675688956
2008-02-20,5154.4501953125,-0.0239262259597202,0.2779878329652112,5265.321134460744,5466.318066573113,5077.708275421165,6287.85009765625,-18.025237318653897
2008-02-21,5191.7998046875,0.0072460898756896,0.2910771129954423,5258.319103053769,5455.552644538384,5078.843514518343,6287.85009765625,-17.431240820726547
2008-02-22,5110.75,-0.0156111190216392,0.2888338000855559,5244.264902762934,5442.030972203545,5079.160991985822,6287.85009765625,-18.72023154774325
2008-02-25,5200.7001953125,0.0176001947488138,0.3446558335220797,5240.11588300575,5432.5670201686025,5080.370337292556,6287.85009765625,-17.28969179384504
2008-02-26,5270.0498046875,0.0133346677890615,0.3600090362103891,5242.966732689726,5426.193796032089,5082.2576951770825,6287.85009765625,-16.186777311185065
2008-02-27,5268.39990234375,-0.0003130714898145,0.3736204641356087,5245.388939323443,5420.005800201174,5084.109856442423,6287.85009765625,-16.213016841678407
2008-02-28,5285.10009765625,0.0031698799677433,0.4317454056239511,5249.170954402758,5414.71538049353,5086.109759340073,6287.85009765625,-15.947422162207204
2008-02-29,5223.5,-0.0116554268638293,0.3929318811111211,5246.726101602495,5407.216738121235,5087.476826411316,6287.85009765625,-16.92709083591192
2008-03-03,4953.0,-0.0517852014932516,0.3494821888312382,5218.752187164162,5389.404317018441,5086.138748536577,6287.85009765625,-21.22903817560482
2008-03-04,4864.25,-0.0179184332727639,0.3814724304872419,5184.990074100909,5368.810030076542,5083.930900292432,6287.85009765625,-22.64049039888668
2008-03-05,4921.39990234375,0.0117489648648301,0.3697646602352169,5159.886248219274,5351.264534871334,5082.313676432246,6287.85009765625,-21.731596238622707
2008-03-07,4771.60009765625,-0.0304384540293423,0.3412385716951607,5122.90661483232,5328.532596157017,5079.221999031491,6287.85009765625,-24.113965448463397
2008-03-10,4800.39990234375,0.006035670235996,0.2995788629094524,5092.191689833408,5307.821510125124,5076.447649810717,6287.85009765625,-23.655942368392918
2008-03-11,4865.89990234375,0.0136446965528893,0.3320688215882228,5070.640091024869,5290.491250996443,5074.352647348359,6287.85009765625,-22.614250868393334
2008-03-12,4872.0,0.0012536422406288,0.3271922309765762,5051.721987117739,5274.07982938874,5072.339188170764,6287.85009765625,-22.517236824459253
2008-03-13,4623.60009765625,-0.0509852016304905,0.2476749068053869,5010.948473835693,5248.570820301192,5067.8741225935055,6287.85009765625,-26.467711127851747
2008-03-14,4745.7998046875,0.0264295580176137,0.3246808901580797,4985.696219631103,5228.854309884969,5064.669403012352,6287.85009765625,-24.52428523293737
2008-03-17,4503.10009765625,-0.0511398957013592,0.2559198451721394,4939.734684204926,5200.393360385803,5059.081648730202,6287.85009765625,-28.384105414110493
2008-03-18,4533.0,0.0066398484811189,0.2761610993119321,4900.998047613981,5174.221071743223,5053.847005459254,6287.85009765625,-27.908586725220395
2008-03-19,4573.9501953125,0.0090337955686079,0.2632703669827763,4869.8506331090775,5150.681037373391,5049.0719128209785,6287.85009765625,-27.257327635444007
2008-03-24,4609.85009765625,0.0078487742128328,0.2653235182976559,4845.088677351665,5129.471980913895,5044.701546500932,6287.85009765625,-26.68638682441654
2008-03-25,4877.5,0.0580604350843922,0.3161895988859622,4848.17546998484,5119.590726760409,5043.037849520823,6287.85009765625,-22.42976654583333
2008-03-26,4828.85009765625,-0.0099743520950794,0.2666826986912554,4846.334958334498,5108.189133462207,5040.906628109236,6287.85009765625,-23.203479366402703
2008-03-27,4830.25,0.0002899038726484,0.268998362339186,4844.8030575407365,5097.289559600944,5038.810542257403,6287.85009765625,-23.18121575766509
2008-03-28,4942.0,0.0231354484757517,0.3114926368041566,4854.059909203524,5091.199772949926,5037.847253279717,6287.85009765625,-21.40397873285665
2008-03-31,4734.5,-0.041987049777418,0.2756388783129715,4842.67325118414,5077.2115465597335,5034.828872650068,6287.85009765625,-24.703993790107205
2008-04-01,4739.5498046875,0.0010665972515577,0.2671291619064795,4832.851970565413,5063.969909623567,5031.890772471336,6287.85009765625,-24.623683276830462
2008-04-02,4754.2001953125,0.0030910932955088,0.2617060003970437,4825.361325303231,5051.8220776898,5029.127682151348,6287.85009765625,-24.390688049567324
2008-04-03,4771.60009765625,0.0036599010619926,0.3305970125187458,4820.241208384471,5040.832980433583,5026.565218624034,6287.85009765625,-24.113965448463397
2008-04-04,4647.0,-0.0261128542011415,0.2781812215348391,4803.742045681188,5025.388549828344,5022.788450279517,6287.85009765625,-26.095566404610448
2008-04-07,4761.2001953125,0.0245750366499892,0.2953746426451031,4799.69044088417,5015.0282222002725,5020.18558207089,6287.85009765625,-24.279362240407064
2008-04-08,4709.64990234375,-0.0108271634995525,0.2736418776671867,4791.115151499368,5003.052601813743,5017.095674809923,6287.85009765625,-25.099201965720564
2008-04-09,4747.0498046875,0.0079411215523976,0.252348165729668,4786.918451803,4993.013276436243,5014.408651226616,6287.85009765625,-24.504405624158757
2008-04-10,4733.0,-0.00295969186454,0.2465159180363991,4781.783361155095,4982.8166773603125,5011.608565144759,6287.85009765625,-24.72784932064155
2008-04-11,4777.7998046875,0.0094654140476442,0.254883093904064,4781.403974824848,4974.776800000594,5009.282109816827,6287.85009765625,-24.015367248204758
2008-04-15,4879.64990234375,0.0213173640210553,0.2911444152285523,4790.7607298266485,4971.046333425817,5007.992237105653,6287.85009765625,-22.39557517182854
2008-04-16,4887.2998046875,0.0015677154092705,0.2637749357338748,4799.954927432444,4967.762155828235,5006.791317380099,6287.85009765625,-22.27391351919784
2008-04-17,4958.39990234375,0.0145479304519147,0.2523590008968093,4815.044925043044,4967.395008632766,5006.309810762822,6287.85009765625,-21.143159818775622
2008-04-21,5037.0,0.0158519077130299,0.2806074101831277,4836.183503610373,4970.124616137364,5006.615185780108,6287.85009765625,-19.8931284656817
2008-04-22,5049.2998046875,0.0024418909445105,0.275137625933614,4856.480294189147,4973.229525492271,5007.039908356301,6287.85009765625,-19.69751622148897
2008-04-23,5022.7998046875,-0.005248252435991,0.2717801966185922,4872.320247569942,4975.173458009731,5007.196723245169,6287.85009765625,-20.11896392759567
2008-04-24,4999.85009765625,-0.0045691064592764,0.2415366239311465,4884.465947578162,4976.141169368418,5007.123622493041,6287.85009765625,-20.48394888548778
2008-04-25,5111.7001953125,0.0223706902150289,0.2702900276316053,4906.107304505242,4981.457209601519,5008.164185406668,6287.85009765625,-18.705119938882632
2008-04-28,5089.64990234375,-0.0043136905777397,0.2470650295508538,4923.587551918433,4985.700060297293,5008.974988560271,6287.85009765625,-19.05580089702076
2008-04-29,5195.5,0.0207971274424016,0.2650803053164976,4949.4839755452485,4993.927508913085,5010.830958823352,6287.85009765625,-17.372394072552964
2008-04-30,5165.89990234375,-0.0056972567907324,0.2552592482742648,4970.095016192725,5000.671524341738,5012.373933385745,6287.85009765625,-17.843144761525064
2008-05-02,5228.2001953125,0.0120599109828831,0.2972883748066852,4994.67646182318,5009.594217320984,5014.521458380041,6287.85009765625,-16.85234040071545
2008-05-05,5192.25,-0.0068762086319364,0.2844421921656086,5013.492989268591,5016.75718919075,5016.28990158024,6287.85009765625,-17.42408105537737
2008-05-06,5144.64990234375,-0.0091675280767008,0.2529470118386425,5025.984123847178,5021.772589706554,5017.567115518185,6287.85009765625,-18.18109811076157
2008-05-07,5135.5,-0.0017785276972066,0.2598861633991309,5036.414207290304,5026.232488149434,5018.740577055318,6287.85009765625,-18.32661529392662
2008-05-08,5081.7001953125,-0.010476059719112,0.2491989118411401,5040.727158530513,5028.407692351908,5019.367040918573,6287.85009765625,-19.182230549569457
2008-05-09,4982.60009765625,-0.0195013664418185,0.2358630372849024,5035.19124797106,5026.611316089333,5019.001200687108,6287.85009765625,-20.75828748663271
2008-05-12,5012.64990234375,0.0060309485205596,0.2414826560975584,5033.044453149411,5026.063809667938,5018.938003688666,6287.85009765625,-20.28038479778361
2008-05-13,4957.7998046875,-0.0109423356358089,0.2312194504947236,5025.878296153039,5023.386789864783,5018.329663400097,6287.85009765625,-21.1527035840838
2008-05-14,5011.75,0.0108818825765193,0.2410407679498911,5024.532744138463,5022.930445164204,5018.264194112534,6287.85009765625,-20.294696563009783
2008-05-15,5115.25,0.0206514690477377,0.2485107433854214,5033.172482791943,5026.550819863647,5019.2292270069365,6287.85009765625,-18.648664956140227
2008-05-16,5157.7001953125,0.0082987528102242,0.2620231750826356,5045.032264936758,5031.693932626347,5020.607047587092,6287.85009765625,-17.97355033582949
2008-05-20,5104.9501953125,-0.0102274265665811,0.2349810416205628,5050.738734496353,5034.56672724149,5021.446282887842,6287.85009765625,-18.81246982628716
2008-05-21,5117.64990234375,0.0024877239826768,0.2235299484274684,5057.111226672295,5037.824890970991,5022.403532832677,6287.85009765625,-18.61049766037971
2008-05-22,5025.4501953125,-0.0180160246970049,0.2026136824454156,5054.095890352314,5037.339608788305,5022.433847882228,6287.85009765625,-20.07681294460726
2008-05-23,4946.5498046875,-0.0157001636785883,0.1703892140951228,5043.853406003284,5033.779224313764,5021.6787827758135,6287.85009765625,-21.33162006309135
2008-05-26,4875.0498046875,-0.0144545193767673,0.1478456211335932,5027.776872544639,5027.554541191165,5020.219787968965,6287.85009765625,-22.46873368522829
2008-05-27,4859.7998046875,-0.0031281731697051,0.1538655526547108,5011.7790565582445,5020.975924073375,5018.623569229846,6287.85009765625,-22.711264912327437
2008-05-28,4918.35009765625,0.0120478816662932,0.1788650881557867,5002.88106047234,5016.951381860938,5017.62582324404,6287.85009765625,-21.780099377853663
2008-05-29,4835.2998046875,-0.0168858034340267,0.1480623210981708,4986.920940873784,5009.827790599235,5015.811634004671,6287.85009765625,-23.100905244388336
2008-05-30,4870.10009765625,0.0071971324166939,0.15324505485043,4975.795146281638,5004.348273228922,5014.361767971353,6287.85009765625,-22.547452276708317
2008-06-02,4739.60009765625,-0.0267961638124858,0.1126333356158084,4953.300379745887,4993.965991833916,5011.627821003044,6287.85009765625,-24.62288343319601
2008-06-03,4715.89990234375,-0.0050004630821532,0.1189419744045585,4930.690810469493,4983.06143930489,5008.685254648225,6287.85009765625,-24.99980392182748
2008-06-04,4585.60009765625,-0.027629891937007,0.0774211897985737,4897.825028296803,4967.474720024551,5004.475452091091,6287.85009765625,-27.072051234721727
2008-06-05,4676.9501953125,0.019921078094651,0.0965635399444915,4876.789329917346,4956.081601408392,5001.2164943122,6287.85009765625,-25.619247872085904
2008-06-06,4627.7998046875,-0.0105090686392729,0.0928122674973275,4853.076041800217,4943.207805458554,4997.50090536071,6287.85009765625,-26.400920301638894
2008-06-09,4500.9501953125,-0.0274103493514378,0.0565592325733921,4819.540246896625,4925.864369766552,4992.560102275654,6287.85009765625,-28.41829678811528
2008-06-10,4449.7998046875,-0.011364353837612,0.0658964901499312,4784.326871448136,4907.195171136001,4987.159502299653,6287.85009765625,-29.231776591714063
2008-06-11,4523.60009765625,0.0165850816234491,0.088431419508044,4759.495750134623,4892.152227077972,4982.546970910166,6287.85009765625,-28.058079830141168
2008-06-12,4539.35009765625,0.0034817401317503,0.1010125033538043,4738.529497517636,4878.31684945359,4978.137051773311,6287.85009765625,-27.807596759530583
2008-06-13,4517.10009765625,-0.0049015827202859,0.0961706508058288,4717.440983245123,4864.1514866380085,4973.549619394037,6287.85009765625,-28.16145379578998
2008-06-16,4572.5,0.0122644841039707,0.108191083674227,4703.637080078921,4852.714173436518,4969.55907591748,6287.85009765625,-27.28039108781608
2008-06-17,4653.0,0.0176052487698195,0.1382317960960164,4698.814501023786,4844.882245066458,4966.409234366062,6287.85009765625,-26.00014428247309
2008-06-18,4582.39990234375,-0.0151730276501719,0.1045543367097048,4687.727396387592,4834.588819861647,4962.588245987731,6287.85009765625,-27.122946139383863
2008-06-19,4504.25,-0.0170543610355304,0.0840543713393964,4670.253358636393,4821.63435633766,4958.027666425664,6287.85009765625,-28.365817727128608
2008-06-20,4347.5498046875,-0.0347894089609812,0.0516354091572093,4639.519686831737,4803.042805292556,4951.953259841205,6287.85009765625,-30.85792858980501
2008-06-23,4266.39990234375,-0.0186656636472006,0.0153054841357884,4603.984469261452,4781.9979855690735,4945.1318333984445,6287.85009765625,-32.14851123861844
2008-06-24,4191.10009765625,-0.0176494952210489,-0.012008430390108,4564.662148156195,4758.8255193764135,4937.629030057727,6287.85009765625,-33.3460557652535
2008-06-25,4252.64990234375,0.0146858350441021,-0.0017987482810227,4534.946696174057,4738.975495179055,4930.813317344155,6287.85009765625,-32.367186935183234
2008-06-26,4315.85009765625,0.0148613680325926,0.0158272220964086,4514.080353458076,4722.382342335023,4924.694280332335,6287.85009765625,-31.362070809147447
2008-06-27,4136.64990234375,-0.0415214132228123,-0.0286902214901139,4478.134596209092,4699.412442727523,4916.853042740409,6287.85009765625,-34.21201462983897
2008-06-30,4040.550048828125,-0.023231323845215,-0.0568571257192713,4436.4598774109045,4673.574701790291,4908.133609965163,6287.85009765625,-35.74035662309745
2008-07-01,3896.75,-0.0355892259940775,-0.0861778596787947,4385.058936705104,4643.110987994593,4898.070091458047,6287.85009765625,-38.02730759353686
2008-07-02,4093.35009765625,0.0504523250545325,-0.043725966250215,4357.277142509975,4621.55173739309,4890.062927340616,6287.85009765625,-34.90064117174142
2008-07-03,3925.75,-0.0409444815756692,-0.0923345790668511,4316.179319413787,4594.265394750224,4880.467773834739,6287.85009765625,-37.56610066987293
2008-07-04,4016.0,0.0229892377252753,-0.071435281758465,4287.590812802951,4571.588320446293,4871.866104443349,6287.85009765625,-36.13079291605672
2008-07-07,4030.0,0.0034860557768925,-0.077276458631305,4263.058354440765,4550.349562781733,4863.489327284709,6287.85009765625,-35.90814129773621
2008-07-08,3988.550048828125,-0.0102853476853287,-0.0860000487919666,4236.91470628718,4528.318209293357,4854.78346381748,6287.85009765625,-36.56734834828795
2008-07-09,4157.10009765625,0.0422584765803921,-0.0455612602724552,4229.313314988996,4513.76063628798,4847.8413407711,6287.85009765625,-33.886781124031906
2008-07-10,4162.2001953125,0.001226840233923,-0.0506032828258017,4222.921589305521,4499.973952328157,4841.019040816288,6287.85009765625,-33.80567076712071
2008-07-11,4049.0,-0.0271972009996027,-0.0843336050248013,4206.35762841928,4482.28869929568,4833.138254340504,6287.85009765625,-35.605971244301216
2008-07-14,4039.699951171875,-0.0022968754823722,-0.0839482749304816,4190.485468681432,4464.932277800629,4825.243345851264,6287.85009765625,-35.753876310161345
2008-07-15,3861.10009765625,-0.0442111680754445,-0.1222801159875548,4159.115433345701,4441.252584461634,4815.649880695095,6287.85009765625,-38.5942724828086
2008-07-16,3816.699951171875,-0.0114993513147526,-0.1445966252303649,4126.504435043432,4416.760324332624,4805.710080401332,6287.85009765625,-39.30039851626677
2008-07-17,3947.199951171875,0.0341918415567175,-0.1253166794032809,4109.427817531855,4398.34619205181,4797.167691055765,6287.85009765625,-37.22496735977906
2008-07-18,4092.25,0.036747580721129,-0.0953068507178672,4107.791834909774,4386.342419814485,4790.153584677101,6287.85009765625,-34.918136780561035
2008-07-21,4159.5,0.0164335023520068,-0.0768037157321677,4112.716422061224,4377.44663864529,4783.878424630563,6287.85009765625,-33.848613828271404
2008-07-22,4240.10009765625,0.0193773524837721,-0.0588188826786214,4124.848200689322,4372.060499782974,4778.467695008929,6287.85009765625,-32.56677510113168
2008-07-23,4476.7998046875,0.0558240847101905,-0.0183341291837013,4158.367401070101,4376.16792350472,4775.466024458468,6287.85009765625,-28.802377042095927
2008-07-24,4433.5498046875,-0.0096609189347074,-0.027969849065367,4184.575249033663,4378.418193355025,4772.063873017961,6287.85009765625,-29.490211505836108
2008-07-25,4311.85009765625,-0.0274497214179435,-0.0656518646307035,4196.696663188195,4375.80767979821,4767.4846314720735,6287.85009765625,-31.425685557239024
2008-07-28,4332.10009765625,0.0046963599247122,-0.0606111150122755,4209.592228375629,4374.093656969114,4763.152447055996,6287.85009765625,-31.103635895025416
2008-07-29,4189.85009765625,-0.0328362680439817,-0.0847190919501432,4207.712025449974,4366.868419349002,4757.4479460669445,6287.85009765625,-33.36593537403212
2008-07-30,4313.5498046875,0.0295236593548886,-0.0636828665587027,4217.7918139487865,4364.777493283845,4753.031049137796,6287.85009765625,-31.39865394858341
2008-07-31,4332.9501953125,0.0044975464532523,-0.0230318144511404,4228.759278840569,4363.529363951635,4748.851140144509,6287.85009765625,-31.090116207961515
2008-08-01,4413.5498046875,0.0186015545394901,-0.003658082593558,4246.358376540276,4365.490949862846,4745.51480844842,6287.85009765625,-29.808285246293988
2008-08-04,4395.35009765625,-0.0041235984268084,-0.0266890957231313,4260.548064265608,4366.661896835136,4742.030582470388,6287.85009765625,-30.09772769082736
2008-08-05,4502.85009765625,0.0244576649439876,0.0402509354576936,4283.62444839805,4372.002610592826,4739.650677148855,6287.85009765625,-28.38808133586622
2008-08-06,4517.5498046875,0.0032645339534844,0.0405026031324524,4305.90305375895,4377.710343694578,4737.440718218892,6287.85009765625,-28.154301795912986
2008-08-07,4523.85009765625,0.0013946261228183,0.0295819778012504,4326.659915082502,4383.441314438173,4735.315438412298,6287.85009765625,-28.054103908385443
2008-08-08,4529.5,0.0012489145797907,0.0452400057708946,4345.978018407978,4389.169106028833,4733.267523602226,6287.85009765625,-27.96424962980053
2008-08-11,4620.39990234375,0.0200684186651396,0.0609948513249363,4372.113435925671,4398.236980394124,4732.144462694182,6287.85009765625,-26.51860603251388
2008-08-12,4552.25,-0.0147497843875332,0.0210361345688943,4389.269299170845,4404.276706653178,4730.354468040508,6287.85009765625,-27.60244075002969
2008-08-13,4529.0498046875,-0.0050964238151464,0.0312790468612171,4402.58172826767,4409.169769321191,4728.35143656436,6287.85009765625,-27.971409395149703
2008-08-14,4430.7001953125,-0.0217152854608067,0.0243296198679396,4405.259677510035,4410.014099752223,4725.389732671307,6287.85009765625,-29.53553080147361
2008-08-18,4393.0498046875,-0.0084976163958988,0.0064586936721882,4404.096832479317,4409.348833279097,4722.082867716244,6287.85009765625,-30.134310830263324
2008-08-19,4368.25,-0.0056452364052503,0.0021441665665522,4400.682848433668,4407.737114326976,4718.562142664342,6287.85009765625,-30.528719162242226
2008-08-20,4415.75,0.0108739197619183,0.0605331964652993,4402.117815249509,4408.051345137683,4715.549086518428,6287.85009765625,-29.77329402865475
2008-08-21,4283.85009765625,-0.0298703283346544,0.045884638192011,4390.85422309777,4403.180707981548,4711.253574191442,6287.85009765625,-31.870988793880063
2008-08-22,4327.4501953125,0.0101777832235783,0.031695979171364,4384.815744261077,4400.210883955311,4707.434635098119,6287.85009765625,-31.17758648658744
2008-08-25,4335.35009765625,0.0018255328166012,0.0683220373491226,4380.104730298713,4397.66732370829,4703.73230139223,6287.85009765625,-31.05194891220101
2008-08-26,4337.5,0.0004959005144502,0.0508475937735841,4376.047136936931,4395.3078208177685,4700.088198890815,6287.85009765625,-31.01775753819622
2008-08-27,4292.10009765625,-0.0104668362752161,0.0492418557546234,4368.0521808149615,4391.26045912516,4696.028615793954,6287.85009765625,-31.739783375941187
2008-08-28,4214.0,-0.0181962433026428,0.0122767866315025,4353.38054454687,4384.309068571232,4691.232311159188,6287.85009765625,-32.98186288552366
2008-08-29,4360.0,0.0346464167062172,0.0189192477941773,4354.010968875739,4383.355771764517,4687.936467267056,6287.85009765625,-30.659924580181094
2008-09-01,4348.64990234375,-0.0026032334073967,0.0101149748968685,4353.500391110788,4381.994757277428,4684.560481546427,6287.85009765625,-30.840432980985387
2008-09-02,4504.0,0.0357237536120169,0.037284373255876,4367.833687195474,4386.779276599882,4682.763859839497,6287.85009765625,-28.369793648884333
2008-09-04,4447.75,-0.0124888987566607,0.0140477850208213,4375.44476460543,4389.170285360671,4680.425413472935,6287.85009765625,-29.26437604392213
2008-09-05,4352.2998046875,-0.0214603328227755,-0.0207480454985584,4373.240482708484,4387.724384157802,4677.160482042234,6287.85009765625,-30.78238607644625
2008-09-08,4482.2998046875,0.0298692658672061,0.0038226878394795,4383.627084801724,4391.433224178574,4675.22156982975,6287.85009765625,-28.714906763470005
2008-09-09,4468.7001953125,-0.003034069555271,-0.0009653012944579,4391.72928580275,4394.463301477944,4673.166630779827,6287.85009765625,-28.931190694603625
2008-09-10,4400.25,-0.0153176969411154,-0.0151812908068831,4392.5407823929645,4394.69023083175,4670.451042413859,6287.85009765625,-30.01980117750961
2008-09-11,4290.2998046875,-0.024987261022101,-0.0492228584855619,4382.803546421015,4390.596488630015,4666.668443033497,6287.85009765625,-31.768414671865692
2008-09-12,4228.4501953125,-0.0144161508963602,-0.0596731627628758,4368.103227267823,4384.237810460701,4662.308062459159,6287.85009765625,-32.75205150185396
2008-09-15,4072.89990234375,-0.0367865969288669,-0.0949099769838845,4339.988624894102,4372.028480730625,4656.443304647066,6287.85009765625,-35.225874677548475
2008-09-16,4074.89990234375,0.0004910506145385,-0.0921860915823638,4314.742079889306,4360.376379617414,4650.65680313161,6287.85009765625,-35.194067303502685
2008-09-17,4008.25,-0.0163562060273959,-0.1081266890893717,4285.552357995087,4346.567501985359,4644.264695637763,6287.85009765625,-36.25404649048415
2008-09-18,4038.14990234375,0.0074595901811886,-0.1088914264721521,4261.990219361626,4334.472694156276,4638.233702669663,6287.85009765625,-35.77852780159405
2008-09-19,4245.25,0.051285886523442,-0.0592276295704422,4260.395912755757,4330.973764973677,4634.32341707096,6287.85009765625,-32.484872666058216
2008-09-22,4223.0498046875,-0.0052294200135445,-0.0604274200565928,4256.839140558781,4326.741452805592,4630.231142320877,6287.85009765625,-32.837937624155344
2008-09-23,4126.89990234375,-0.0227678826418351,-0.0922309346167998,4244.4639750144925,4318.904529258069,4625.222871276328,6287.85009765625,-34.36707557831219
2008-09-24,4161.25,0.0083234627611739,-0.1206800185681726,4236.538834536922,4312.7219986989285,4620.606225790992,6287.85009765625,-33.82078237598133
2008-09-25,4110.5498046875,-0.0121838859267047,-0.134174474456499,4224.539879313167,4304.793677365147,4615.531037521306,6287.85009765625,-34.62710241423094
2008-09-26,3985.25,-0.0304824927664453,-0.176184192225088,4201.750366997628,4292.262552762592,4609.259584411641,6287.85009765625,-36.61983129201072
2008-09-29,3850.050048828125,-0.0339250865496204,-0.2194051546230496,4168.255098600533,4274.920885941633,4601.705260674492,6287.85009765625,-38.77000900095881
2008-09-30,3921.199951171875,0.0184802538775843,-0.2060500169801276,4144.72603694066,4261.049476734976,4594.934063565013,6287.85009765625,-37.63846322237432
2008-10-01,3950.75,0.0075359709262705,-0.2003339742940998,4126.252128660598,4248.880869804193,4588.52427188775,6287.85009765625,-37.16850849430057
2008-10-03,3818.300048828125,-0.0335252676509206,-0.2364239537722707,4096.923359152744,4231.995347412975,4580.860349270241,6287.85009765625,-39.274951063935696
2008-10-06,3602.35009765625,-0.0565565692612742,-0.2825933209999295,4049.821143772125,4207.30337683428,4571.123928856172,6287.85009765625,-42.70935149998248
2008-10-07,3606.60009765625,0.0011797853858694,-0.2884917076140449,4007.609615570613,4183.746385493965,4561.526676804431,6287.85009765625,-42.64176083013519
2008-10-08,3513.64990234375,-0.0257722488758606,-0.3256985426339039,3960.565833358531,4157.468092037094,4551.100042232683,6287.85009765625,-44.12001164510208
2008-10-10,3279.949951171875,-0.0665120195999002,-0.3702878840645467,3895.745273150278,4123.055615924733,4538.451782620138,6287.85009765625,-47.83670252580525
2008-10-13,3490.699951171875,0.064254029219166,-0.3268798971359584,3857.169528199954,4098.257354561875,4528.026391262444,6287.85009765625,-44.48500048573029
2008-10-14,3518.64990234375,0.0080069761259462,-0.3080470718825152,3824.9295638326967,4075.5276505533216,4517.982844109025,6287.85009765625,-44.04049320998761
2008-10-15,3338.39990234375,-0.0512270345168289,-0.3733352288059036,3778.593405595654,4046.6206800352993,4506.245700409868,6287.85009765625,-46.90713279586429
2008-10-16,3269.300048828125,-0.0206984949487666,-0.3991858913558667,3730.0892763796983,4016.137518027175,4493.9377834787065,6287.85009765625,-48.00607523950463
2008-10-17,3074.35009765625,-0.0596304861163644,-0.4435414457741669,3667.6379260250847,3979.204678012629,4479.812532873508,6287.85009765625,-51.10649824807065
2008-10-20,3122.800048828125,0.0157594124393352,-0.4247132963978952,3615.748604387279,3945.620182750492,4466.309921091962,6287.85009765625,-50.33596538835864
2008-10-21,3234.89990234375,0.0358972242099497,-0.4295111529952823,3579.4772994307527,3917.748799205129,4454.057085084517,6287.85009765625,-48.55316440273385
2008-10-22,3065.14990234375,-0.0524745757595197,-0.4592231882280112,3530.493737803419,3884.313548347821,4440.237113116948,6287.85009765625,-51.25281527487016
2008-10-23,2943.14990234375,-0.0398022947937108,-0.470589821426407,3474.556229664403,3847.405170073151,4425.340722960001,6287.85009765625,-53.19306509166324
2008-10-24,2584.0,-0.1220290893296819,-0.5170996075499907,3389.741350648745,3797.8598692859687,4407.018924721593,6287.85009765625,-58.90487273284128
2008-10-27,2524.199951171875,-0.0231424337570143,-0.5160009883030828,3307.308836412853,3747.912421516789,4388.284407571845,6287.85009765625,-59.85591399335757
2008-10-29,2697.050048828125,0.068477181285105,-0.4797357158896363,3249.188951880974,3706.702132391743,4371.456204997281,6287.85009765625,-57.106960138355866
2008-10-31,2885.60009765625,0.0699097330099789,-0.4728245985910253,3214.5614419548097,3674.502052598194,4356.671567113291,6287.85009765625,-54.10831917364194
2008-11-03,3043.85009765625,0.0548412789868333,-0.4461850292041259,3198.30321868828,3649.770603384784,4343.608666919688,6287.85009765625,-51.59156070226892
2008-11-04,3142.10009765625,0.0322781992699483,-0.4357823310574729,3192.9505404947536,3629.861956101312,4331.653357772789,6287.85009765625,-50.02902345226956
2008-11-05,2994.949951171875,-0.0468317819009448,-0.4747820960395811,3174.0933415116224,3604.96344610408,4318.3528263638245,6287.85009765625,-52.369253327330114
2008-11-06,2892.64990234375,-0.0341575153161062,-0.5102101372907107,3147.2892044480154,3577.02958164289,4304.166727617357,6287.85009765625,-53.99620128631941
2008-11-07,2973.0,0.0277773323315575,-0.4934185303514377,3130.6902325958235,3553.3421470686594,4290.921287541562,6287.85009765625,-52.718338480935415
2008-11-10,3148.25,0.0589471913891692,-0.4664570764061924,3132.362591396221,3537.456180516948,4279.551423983935,6287.85009765625,-49.931217330173205
2008-11-11,2938.64990234375,-0.0665767005975541,-0.4990752832621277,3113.9137638674147,3513.9735813729003,4266.209120286023,6287.85009765625,-53.26463168326627
2008-11-12,2848.449951171875,-0.0306943508649788,-0.5198486282007859,3088.631495991649,3487.874615482664,4252.102063876927,6287.85009765625,-54.69914347618412
2008-11-14,2810.35009765625,-0.0133756443570126,-0.5193764315961144,3062.128505673992,3461.305026548295,4237.756273168264,6287.85009765625,-55.30507162211473
2008-11-17,2799.550048828125,-0.0038429549532393,-0.5161928542593752,3037.1210335934334,3435.3538509514256,4223.445763473337,6287.85009765625,-55.47683221850921
2008-11-18,2683.14990234375,-0.0415781623668772,-0.5359758822919929,3003.40949728394,3405.85565688838,4208.119436496923,6287.85009765625,-57.32802371761575
2008-11-19,2635.0,-0.0179452897140375,-0.5376178986619873,2968.3228784949933,3375.626023284914,4192.466506780536,6287.85009765625,-58.09378469467368
2008-11-20,2553.14990234375,-0.0310626556570208,-0.545468327436597,2928.7825950520178,3343.3720577578097,4176.154898776191,6287.85009765625,-59.395503030592
2008-11-21,2693.449951171875,0.0549517475254124,-0.5270832606392615,2906.369962301528,3317.884916323067,4161.401615715451,6287.85009765625,-57.16421496473272
2008-11-24,2708.25,0.0054948297152079,-0.5439044031491629,2887.5013944632874,3293.977664702554,4146.9423956585815,6287.85009765625,-56.92883962024666
2008-11-25,2654.0,-0.0200313855810948,-0.5510901445914063,2865.263166419165,3268.880501380886,4132.0872474430735,6287.85009765625,-57.791614641238674
2008-11-26,2752.25,0.0370195930670684,-0.534057923512897,2854.500007712578,3248.6204817188905,4118.357523587919,6287.85009765625,-56.22907739123932
2008-11-27,2752.25,0.0,-0.5341210048841764,2844.7619117399518,3229.154972631876,4104.764413900477,6287.85009765625,-56.22907739123932
2008-11-28,2755.10009765625,0.0010355518780089,-0.5234132844024423,2836.222691351027,3210.564585377929,4091.334918216455,6287.85009765625,-56.183750330129634
2008-12-01,2682.89990234375,-0.0262060153001048,-0.5175551385851122,2821.6205209693817,3189.871852709922,4077.320639451552,6287.85009765625,-57.33199963937148
2008-12-02,2657.800048828125,-0.0093554938422033,-0.5184577890870268,2806.018571241643,3169.006291773381,4063.1960564602746,6287.85009765625,-57.73117985400447
2008-12-03,2656.449951171875,-0.0005079756307647,-0.5263613192386518,2791.773940758808,3148.906043122342,4049.198582775813,6287.85009765625,-57.75265138457981
2008-12-04,2788.0,0.0495209965352791,-0.5135823743398019,2791.414517829397,3134.7528649606816,4036.649343146203,6287.85009765625,-55.66052058017086
2008-12-05,2714.39990234375,-0.0263988872511656,-0.5236348729212496,2784.07979254505,3118.268435054136,4023.492632292448,6287.85009765625,-56.83103349815031
2008-12-08,2784.0,0.0256410625406204,-0.5044102683919378,2784.072193255045,3105.159868973581,4011.159372269637,6287.85009765625,-55.72413532826244
2008-12-10,2928.25,0.0518139367816092,-0.4803091702607208,2797.803412945041,3098.2222270530488,4000.3841546351136,6287.85009765625,-53.43002847520994
2008-12-11,2920.14990234375,-0.0027661906108596,-0.4932714585321678,2809.455459554442,3091.2389986330763,3989.635555109827,6287.85009765625,-53.558849893189816
2008-12-12,2921.35009765625,0.0004110046924428,-0.5019010916187128,2820.112091754614,3084.576688790848,3979.005849065513,6287.85009765625,-53.53976236257347
2008-12-15,2981.199951171875,0.0204870527375824,-0.4911195299911209,2835.453792651496,3080.5226990803003,3969.077432171049,6287.85009765625,-52.58792902389491
2008-12-16,3041.75,0.020310629887245,-0.4879208754208753,2855.1010504942105,3079.0022010771518,3959.8502935424817,6287.85009765625,-51.62495999811143
2008-12-17,2954.35009765625,-0.0287334272519931,-0.5038624950451922,2864.553340700119,3074.11388329594,3949.845316468987,6287.85009765625,-53.01494069081796
2008-12-18,3060.75,0.0360146559570442,-0.487680548338317,2883.238736823917,3073.589809441197,3940.998596902132,6287.85009765625,-51.32278994467645
2008-12-19,3077.5,0.0054725149064771,-0.4836929252794371,2901.7398095073536,3073.7431502474246,3932.40657106231,6287.85009765625,-51.05640318704297
2008-12-22,3039.300048828125,-0.0124126567577173,-0.5015293699900569,2914.8407846807604,3072.3924403878445,3923.519939000279,6287.85009765625,-51.66392325477032
2008-12-23,2968.64990234375,-0.0232455319808309,-0.5180215289919032,2919.9654625534263,3068.324105562586,3914.018744605687,6287.85009765625,-52.787521072579445
2008-12-24,2916.85009765625,-0.0174489435910256,-0.5185206499336785,2919.6687611346474,3062.3839483897887,3904.0966685166377,6287.85009765625,-53.611328954176486
2008-12-26,2857.25,-0.0204330341501401,-0.5275476780058277,2913.724117217062,3054.3394798254835,3893.680283755278,6287.85009765625,-54.55919025383543
2008-12-29,2922.199951171875,0.0227316304740134,-0.4941665308686386,2914.531339498473,3049.157537525342,3884.0138127842993,6287.85009765625,-53.52624655824566
2008-12-30,2979.5,0.019608531170205,-0.4811312363788803,2920.718830974809,3046.4258693870934,3875.01367534366,6287.85009765625,-52.6149645152866
2008-12-31,2959.14990234375,-0.0068300378104547,-0.4854681320099453,2924.378933009946,3043.0032824442173,3865.900602975501,6287.85009765625,-52.93860609929693
2009-01-02,3046.75,0.0296031294618996,-0.4716465793809069,2936.0333203423324,3043.150212544444,3857.7498507070886,6287.85009765625,-51.54544156299696
2009-01-05,3121.449951171875,0.0245179129143759,-0.4784632002405061,2953.692047088003,3046.2207905298337,3850.4234835475354,6287.85009765625,-50.35743691893399
2009-01-06,3112.800048828125,-0.0027711167819629,-0.4872462135933575,2968.845190110872,3048.831741835649,3843.08394688366,6287.85009765625,-50.49500225858758
2009-01-07,2920.39990234375,-0.0618093496101067,-0.5197895416683795,2964.23135318067,3043.795199110477,3833.9030111170937,6287.85009765625,-53.55487397143409
2009-01-09,2873.0,-0.0162306204385602,-0.5274438035258535,2955.542652877749,3037.097348164968,3824.341787125879,6287.85009765625,-54.30870718322485
2009-01-12,2773.10009765625,-0.0347719813239645,-0.5482520357182032,2938.1671714280824,3026.744514811685,3813.881670812748,6287.85009765625,-55.89748396371754
2009-01-13,2744.949951171875,-0.0101511469088932,-0.5532562585880432,2919.765531403681,3015.693747610124,3803.2455342989088,6287.85009765625,-56.34517508305367
2009-01-14,2835.300048828125,0.0329150255062675,-0.5411690303855008,2911.721199729819,3008.6194849127905,3793.614235936016,6287.85009765625,-54.90827540744074
2009-01-15,2736.699951171875,-0.0347758953049794,-0.5570643536618229,2895.0525093909678,2997.955973785696,3783.0976758886113,6287.85009765625,-56.47638050099255
2009-01-16,2828.449951171875,0.0335257798213179,-0.5492007013979865,2888.709408608197,2991.308678781232,3773.5986935531214,6287.85009765625,-55.01721721664199
2009-01-19,2846.199951171875,0.0062755220373074,-0.5467184935888738,2884.6608888523565,2985.61814044361,3764.370845370224,6287.85009765625,-54.73492677198563
2009-01-20,2796.60009765625,-0.0174266932634873,-0.5552374731867953,2876.27414683368,2978.20566817744,3754.7412856914775,6272.0,-55.523747318679526
2009-01-21,2706.14990234375,-0.0323429135929387,-0.5685347732232542,2860.071837834639,2967.536814615334,3744.30754058354,6206.7998046875,-56.96223891608918
2009-01-22,2713.800048828125,0.0028269485285161,-0.5592298195145,2846.1411912625904,2957.5863532119142,3734.053734695427,6206.7998046875,-56.84057338072239
2009-01-23,2678.550048828125,-0.0129891662487152,-0.5679827734005995,2830.1801300783554,2946.643753040001,3723.5512104579416,6206.7998046875,-57.4011783482794
2009-01-27,2771.35009765625,0.0346456280959639,-0.5534977468480181,2824.577269847679,2939.76949204456,3714.076572519617,6074.25,-55.92531541600761
2009-01-28,2849.5,0.0281992168401392,-0.5308885870683624,2826.950863195519,2936.2295119643813,3705.473820554248,5935.75,-54.68244382826286
2009-01-29,2823.949951171875,-0.0089665024839884,-0.5242471547535064,2826.66506205041,2931.8263919333026,3696.7024387693486,5913.2001953125,-55.08878380824503
2009-01-30,2874.800048828125,0.0180067276458453,-0.5138334651502192,2831.249346505431,2929.590064752708,3688.524305536103,5705.2998046875,-54.280079770036416
2009-02-02,2766.64990234375,-0.0376200586640663,-0.5150737039146203,2825.0970184900325,2923.20025446216,3679.351425902348,5483.89990234375,-56.00006585120407
2009-02-03,2783.89990234375,0.0062349775392205,-0.4655390864055738,2821.173483618958,2917.737495555556,3670.441460493805,5483.89990234375,-55.72572725005915
2009-02-04,2803.050048828125,0.0068788918984667,-0.4278672135666708,2819.447442210307,2913.2399486250683,3661.810700178724,5483.89990234375,-55.42116931392908
2009-02-05,2780.050048828125,-0.0082053476032708,-0.4657243146781941,2815.695309507242,2908.016815299698,3653.03696235434,5483.89990234375,-55.78695411545564
2009-02-06,2843.10009765625,0.0226794653767843,-0.4351587902262461,2818.3052893309573,2905.4710616666216,3644.9778890737625,5483.89990234375,-54.78422587211495
2009-02-09,2919.89990234375,0.0270126981286416,-0.4576054223902348,2827.980966760747,2906.0368985559207,3637.7631827381406,5483.89990234375,-53.56282581494553
2009-02-10,2934.5,0.0050002048510398,-0.4436017622600567,2838.1256365930567,2907.1530986125517,3630.765539128806,5483.89990234375,-53.33063043131685
2009-02-11,2925.699951171875,-0.0029988239318878,-0.4459740835895959,2846.466047505325,2907.880426163897,3623.749961139185,5483.89990234375,-53.47058365366553
2009-02-12,2893.050048828125,-0.0111596892670665,-0.4401559729553648,2850.902619059877,2907.298842738965,3616.479315245543,5483.89990234375,-53.98983748186858
2009-02-13,2948.35009765625,0.0191147916194969,-0.4261063396105763,2860.183331307151,2908.9086958729768,3609.831263329232,5483.89990234375,-53.11036281295532
2009-02-16,2848.5,-0.0338664318513681,-0.4642907517983921,2859.0706330874223,2906.53972740737,3602.2558278732195,5483.89990234375,-54.69834751528575
2009-02-17,2770.5,-0.0273828330700368,-0.4929074768921021,2850.635334698144,2901.2048361364928,3593.9796504814462,5483.89990234375,-55.9388351030715
2009-02-18,2776.14990234375,0.0020393078302654,-0.4937635712210468,2843.5414839977257,2896.300721085797,3585.8420410472404,5322.5498046875,-55.84898082448658
2009-02-19,2789.35009765625,0.0047548568257629,-0.4759372481212471,2838.380399584252,2892.106578990521,3577.916748078176,5302.89990234375,-55.63904904959551
2009-02-20,2736.449951171875,-0.0189650436955993,-0.4669166802373009,2828.6727378306923,2886.002397507437,3569.54394412886,5302.89990234375,-56.480356422748265
2009-02-24,2733.89990234375,-0.000931882136939,-0.4660716845133023,2819.6467534986027,2880.0375937755275,3561.229078041446,5302.89990234375,-56.52091160120387
2009-02-25,2762.5,0.0104612819334501,-0.4312332715668108,2814.204205546355,2875.428276372565,3553.2815250261083,5302.89990234375,-56.06606459925465
2009-02-26,2785.64990234375,0.0083800551470587,-0.424244323393014,2811.484748098488,2871.907555822416,3545.643399427279,5302.89990234375,-55.69789579776909
2009-02-27,2763.64990234375,-0.0078976184270284,-0.4393594026019873,2806.929048502798,2867.662157646782,3537.8623696055524,5302.89990234375,-56.04777691227276
2009-03-02,2674.60009765625,-0.0322218109507937,-0.4858515767673491,2794.326291279317,2860.0910964706827,3529.272695257798,5302.89990234375,-57.463997135472624
2009-03-03,2622.39990234375,-0.0195170094244155,-0.5054781439142921,2777.95234947593,2850.7698731715877,3520.2490853780564,5285.10009765625,-58.294172704256574
2009-03-04,2645.199951171875,0.0086943447518235,-0.4987208398633823,2765.309263923163,2842.708307602971,3511.5421288187918,5285.10009765625,-57.931567863587375
2009-03-05,2576.699951171875,-0.025895962976127,-0.5120625574776252,2747.3464722325643,2832.2766073507714,3502.2402166033994,5285.10009765625,-59.020970424655616
2009-03-06,2620.14990234375,0.0168626351516458,-0.491672282578938,2735.2325131955345,2823.9579130367706,3493.4631985510646,5285.10009765625,-58.32995600005808
2009-03-09,2573.14990234375,-0.017937904987023,-0.5043819100997422,2719.796074066793,2814.122304774299,3484.305852320146,5285.10009765625,-59.077429290134106
2009-03-12,2617.449951171875,0.0172162720826229,-0.4878540427193905,2710.0488242672773,2806.409663456557,3475.6804204679247,5285.10009765625,-58.37289517847268
2009-03-13,2719.25,0.0388928349069472,-0.4771377126389794,2710.925126718013,2802.991637438653,3468.153749617498,5285.10009765625,-56.753899062994826
2009-03-16,2777.25,0.0213294106830927,-0.4730125704827786,2717.2417813162974,2801.9821614606667,3461.2790854422,5285.10009765625,-55.831485215666966
2009-03-17,2757.449951171875,-0.0071293721588351,-0.4766058001889397,2721.0711308263526,2800.235800272871,3454.275810474336,5285.10009765625,-56.14637899526749
2009-03-18,2794.699951171875,0.0135088580607489,-0.4712115381861503,2728.083399430688,2800.018708151264,3447.71286660068,5228.2001953125,-55.55396665366467
2009-03-19,2807.14990234375,0.004454843593014,-0.4625921504080118,2735.6135425652656,2800.2983628254788,3441.3391057623026,5228.2001953125,-55.35596652677685
2009-03-20,2807.050048828125,-3.5571137665835195e-05,-0.4332626592311478,2742.4170193522045,2800.5631348255824,3435.02777186246,5228.2001953125,-55.357554565837496
2009-03-23,2939.89990234375,0.0473272122707917,-0.3956108542234157,2761.224912970447,2806.0273217870795,3430.1011263946125,5228.2001953125,-53.24475207448764
2009-03-24,2938.699951171875,-0.0004081605536699,-0.4028731642449217,2778.127297561059,2811.230169998248,3425.2115624620483,5228.2001953125,-53.2638357223679
2009-03-25,2984.35009765625,0.0155341297998699,-0.3745598883858424,2797.767564236792,2818.01918676915,3420.8248812202,5228.2001953125,-52.53783008013113
2009-03-26,3082.25,0.0328044294872225,-0.3579180770970517,2824.861129547573,2828.3811794448698,3417.4559769294515,5228.2001953125,-50.98086067368421
2009-03-27,3108.64990234375,0.0085651398633304,-0.3611356656049559,2851.888631718638,2839.37210975463,3414.3832796698925,5228.2001953125,-50.56100488937425
2009-03-30,2978.14990234375,-0.0419796387819709,-0.3887212844122023,2863.913514635315,2844.8143761306737,3410.042649049732,5228.2001953125,-52.63643604586194
2009-03-31,3020.949951171875,0.0143713547778243,-0.346623867253739,2878.869365734035,2851.72165358327,3406.1710799166194,5228.2001953125,-51.95575746473485
2009-04-01,3060.35009765625,0.0130423036201214,-0.3551455553111416,2896.153244964722,2859.903161193975,3402.730075118009,5228.2001953125,-51.32914986639116
2009-04-02,3211.050048828125,0.0492427161478314,-0.2869245676996175,2926.1434167612365,2873.6736273757065,3400.8228111748263,5228.2001953125,-48.932465008588224
2009-04-06,3256.60009765625,0.014185406062029,-0.2815795063630597,2957.615481608381,2888.690351700434,3399.38775929902,5228.2001953125,-48.20805128814817
2009-04-08,3342.949951171875,0.026515338367081,-0.2691328483205141,2994.3140025191897,2906.5044536404903,3398.826189068899,5228.2001953125,-46.83477024336291
2009-04-09,3342.050048828125,-0.0002691940821413,-0.2750197993363608,3027.4317212152787,2923.584673059613,3398.2612523500857,5228.2001953125,-46.84908200858908
2009-04-13,3382.60009765625,0.0121332859280021,-0.3064889599884675,3061.2572808763234,2941.585277945756,3398.1054199650725,5228.2001953125,-46.2041867232635
2009-04-15,3484.14990234375,0.0300212267946962,-0.2784721347977169,3101.532768635126,2962.862322039795,3398.961583968841,5228.2001953125,-44.589170412277454
2009-04-16,3369.5,-0.0329061336501699,-0.3024170591584286,3127.0534573365426,2978.8088976460776,3398.668433879599,5228.2001953125,-46.41252657635785
2009-04-17,3384.39990234375,0.0044219920889598,-0.3151760618486948,3151.5626425753244,2994.714427242065,3398.5264584414317,5228.2001953125,-46.17556319281116
2009-04-20,3377.10009765625,-0.0021568977952176,-0.2867039607865138,3173.042400202079,3009.709943728896,3398.3132608216783,5228.2001953125,-46.29165700188942
2009-04-21,3365.300048828125,-0.0034941365333868,-0.2899536480237463,3191.3526524521785,3023.654653732788,3397.9847711501006,5228.2001953125,-46.47932128530678
2009-04-22,3330.300048828125,-0.0104002613413884,-0.2995036153269899,3204.5857378213163,3035.6799633443698,3397.311291326001,5228.2001953125,-47.03595033110809
2009-04-23,3423.699951171875,0.0280454916897401,-0.2824838877730862,3225.453758140417,3050.8964334552525,3397.5738650558114,5228.2001953125,-45.5505475162642
2009-04-24,3480.75,0.016663273546678,-0.2509683666881859,3249.767685936568,3067.7534360648506,3398.401488289087,5228.2001953125,-44.64324139506086
2009-04-27,3470.0,-0.0030884148531207,-0.2711921663331261,3270.742192037847,3083.527811121131,3399.1139112911856,5228.2001953125,-44.81420603055698
2009-04-28,3362.35009765625,-0.0310230266120317,-0.2860721778952227,3279.466754477695,3094.462018436234,3398.7481022002908,5228.2001953125,-46.52623638547711
2009-04-29,3473.949951171875,0.0331910271905999,-0.2681875914296276,3297.988963686664,3109.3438981513573,3399.496379304486,5228.2001953125,-44.75138724336376
2009-04-30,3473.949951171875,0.0,-0.2660152226554246,3314.74715297097,3123.6421747403974,3400.237210865356,5228.2001953125,-44.75138724336376
2009-05-04,3654.0,0.0518286248676058,-0.2352128282112071,3347.056947926116,3144.440520829009,3402.7622137423173,5228.2001953125,-41.88792761834444
2009-05-05,3661.89990234375,0.0021619875051313,-0.2495568379639492,3377.0419912039856,3164.7330455942933,3405.3406982060133,5228.2001953125,-41.762290043958
2009-05-06,3625.050048828125,-0.0100630422726846,-0.2582713985847006,3400.6618062158086,3182.7846927799337,3407.526860898771,5228.2001953125,-42.34833858111001
2009-05-07,3683.89990234375,0.0162342182102146,-0.2570385658884766,3427.6368629898984,3202.436269625573,3410.2768414106613,5228.2001953125,-41.41240892945434
2009-05-08,3620.699951171875,-0.0171557188977002,-0.2811792830709003,3446.023823769134,3218.838766941115,3412.370603696843,5228.2001953125,-42.41752117275404
2009-05-11,3554.60009765625,-0.0182560981045201,-0.2960211840944067,3456.364421282193,3232.005877949552,3413.78582254221,5228.2001953125,-43.468752555325686
2009-05-12,3681.10009765625,0.0355876882137624,-0.2671218760857472,3477.767819032103,3249.6174159772654,3416.445666075683,5228.2001953125,-41.45693614692957
2009-05-13,3635.25,-0.0124555422128951,-0.2729282020466824,3492.7661219814267,3264.74026240953,3418.622823627169,5228.2001953125,-42.18612175002371
2009-05-14,3593.449951171875,-0.0114985348540334,-0.2970147281980428,3502.355058094802,3277.6308384394256,3420.3623970355743,5228.2001953125,-42.8508966441279
2009-05-15,3671.64990234375,0.0217618033462168,-0.2786046245237851,3518.4783765947022,3293.082566435673,3422.8627702227204,5228.2001953125,-41.60722909548479
2009-05-18,4323.14990234375,0.1774406649131017,-0.1679049365135694,3595.113759999373,3333.477363922265,3431.820851139348,5228.2001953125,-31.245977000069196
2009-05-19,4318.4501953125,-0.0010871024917969,-0.1640468694809137,3664.002944314909,3372.10374946698,3440.643033668434,5228.2001953125,-31.320719669793483
2009-05-20,4270.2998046875,-0.0111499238030498,-0.1832180013848425,3721.745502445632,3407.32712418151,3448.898324922355,5192.25,-32.08648841232359
2009-05-21,4210.89990234375,-0.0139100075077976,-0.1890028595803842,3768.3316357692624,3438.839782148657,3456.4804301703293,5157.7001953125,-33.03116586838907
2009-05-22,4238.5,0.0065544416386835,-0.1761344152749704,3813.109575219809,3470.1990063781213,3464.261719422366,5157.7001953125,-32.592222553462754
2009-05-25,4237.5498046875,-0.0002241819777043,-0.1748515617393632,3853.532454216732,3500.291194547117,3471.956128230974,5157.7001953125,-32.607334162323376
2009-05-26,4116.7001953125,-0.0285187466684918,-0.1898970743866673,3878.5960486068047,3524.464096537916,3478.371492082532,5157.7001953125,-34.52928852666239
2009-05-27,4276.0498046875,0.0387080918733029,-0.1418035321159131,3916.448787281157,3553.938045877116,3486.3085897203923,5157.7001953125,-31.99504221194195
2009-05-28,4337.10009765625,0.0142772642408948,-0.1347689980047549,3956.510816840689,3584.650283201788,3494.774176864033,5157.7001953125,-31.02411745991095
2009-05-29,4448.9501953125,0.025789143699195,-0.1026361752029384,4003.409805266576,3618.544397402208,3504.268465604814,5157.7001953125,-29.245288513305788
2009-06-01,4529.89990234375,0.0181952378600551,-0.0961440809410385,4053.5517192739258,3654.283828968543,3514.473753532565,5157.7001953125,-27.957889708085805
2009-06-02,4525.25,-0.0010264911905325,-0.1153413811641659,4098.475365057361,3688.439365087424,3524.531228621793,5157.7001953125,-28.031840299647826
2009-06-03,4530.7001953125,0.0012043965112424,-0.1215658096160454,4139.63963460547,3721.4692015668384,3534.5428601311537,5117.64990234375,-27.945162099184184
2009-06-04,4572.64990234375,0.0092589898300159,-0.1042713978791648,4180.878707723401,3754.848836891423,3544.872283436752,5117.64990234375,-27.27800708785708
2009-06-05,4586.89990234375,0.0031163549154935,-0.1037097124906747,4219.547392925339,3787.478290438573,3555.240717455727,5025.4501953125,-27.05137954778083
2009-06-08,4429.89990234375,-0.0342279106460942,-0.1185068540773224,4239.580965250902,3812.671294827012,3563.943793922275,4946.5498046875,-29.548258410375222
2009-06-09,4550.9501953125,0.0273257400025461,-0.0799748562119232,4269.235177637721,3841.623408571541,3573.764753140088,4918.35009765625,-27.623112436970576
2009-06-10,4655.25,0.0229182478847889,-0.0450866788019593,4305.998494053176,3873.530333725598,3584.5258003725253,4918.35009765625,-25.964360986671576
2009-06-11,4637.7001953125,-0.0037698952123945,-0.045701390654153,4337.589132268349,3903.497779278026,3595.0051475858586,4918.35009765625,-26.243467587734504
2009-06-12,4583.39990234375,-0.0117084526127051,-0.0681021457728505,4360.99968179934,3930.1606076335447,3604.8399212650415,4870.10009765625,-27.107042452360965
2009-06-15,4484.0,-0.021686936436186,-0.0726531588272847,4372.7139978184505,3951.879799491053,3613.587782744992,4870.10009765625,-28.687867389342216
2009-06-16,4517.7998046875,0.0075378690204059,-0.0723394357208994,4386.531693710741,3974.0727408713055,3622.584917291684,4739.60009765625,-28.150325874157268
2009-06-17,4356.14990234375,-0.0357806696472092,-0.0809034913097662,4383.638189771027,3989.056158968264,3629.884071371804,4715.89990234375,-30.72115532831368
2009-06-18,4251.39990234375,-0.0240464635855714,-0.0984965774547396,4371.044067158906,3999.344148904558,3636.0683084959032,4676.9501953125,-32.38706654396185
2009-06-19,4313.60009765625,0.0146305209439858,-0.0593161187647004,4365.573212920558,4011.667911600703,3642.809918338295,4676.9501953125,-31.39785410494896
2009-06-22,4235.25,-0.018163505165632,-0.0944419283650265,4353.161478356696,4020.4358366359697,3648.704844523984,4655.25,-32.64390953628716
2009-06-23,4247.0,0.0027743344548727,-0.0822852804267348,4343.050861370344,4029.3207057875006,3654.658030150611,4655.25,-32.45704121376816
2009-06-24,4292.9501953125,0.0108194479191194,-0.0462124642517974,4338.279369364836,4039.6591171414234,3661.0091959731176,4655.25,-31.72626368887729
2009-06-25,4241.85009765625,-0.0119032589085348,-0.0467323736254813,4329.095629202113,4047.588175200828,3666.7887074326513,4655.25,-32.538943648841624
2009-06-26,4375.5,0.0315074553006,-0.0327394319699,4333.515093087626,4060.447462447854,3673.840561090038,4655.25,-30.41341743132624
2009-06-29,4390.9501953125,0.0035310696634669,-0.0326918830121456,4338.985102823329,4073.408353932742,3680.975980336033,4655.25,-30.16770236063365
2009-06-30,4291.10009765625,-0.0227399749974034,-0.0500320991596495,4334.42462614075,4081.945285059154,3687.0468670755376,4655.25,-31.75568706296408
2009-07-01,4340.89990234375,0.0116053700809031,-0.0506506501161837,4335.041319112464,4092.100368089923,3693.552867426465,4655.25,-30.963686555412817
2009-07-02,4348.85009765625,0.0018314624827464,-0.0653664092722436,4336.35644087854,4102.168984935662,3700.073237876513,4655.25,-30.837249137391943
2009-07-03,4424.25,0.0173378940755823,-0.034512461966242,4344.727256032965,4114.799612977401,3707.278976803115,4655.25,-29.63811268896015
2009-07-06,4165.7001953125,-0.0584392393484771,-0.075162303310762,4327.677059773873,4116.795714245444,3711.840381962412,4655.25,-33.75000786254058
2009-07-07,4202.14990234375,0.0087499592678959,-0.0334441027419584,4315.722092399576,4120.142937308123,3716.719083657749,4655.25,-33.1703231298394
2009-07-08,4078.89990234375,-0.0293302244956223,-0.0439480602596574,4293.167598108545,4118.525563387952,3720.3228728984063,4655.25,-35.130452555411104
2009-07-09,4080.949951171875,0.0005025984645876,-0.0262819173767702,4272.956393638386,4117.052009967713,3723.911202035456,4655.25,-35.09784922046696
2009-07-10,4003.89990234375,-0.0188804199389898,-0.0584929410396344,4247.331965896039,4112.6146724138325,3726.697159252454,4655.25,-36.32322908212817
2009-07-13,3974.050048828125,-0.0074551947460405,-0.079196459815354,4221.305116651476,4107.18076560655,3729.1583820343017,4655.25,-36.79795181011992
2009-07-14,4111.39990234375,0.0345616818681302,-0.0061039731657479,4210.837953384073,4107.346221949186,3732.961780246336,4655.25,-34.61358272716705
2009-07-15,4233.5,0.0296979375775743,0.0477533872468269,4212.996243537971,4112.293428931571,3737.94226004488,4655.25,-32.67174098857723
2009-07-16,4231.39990234375,-0.0004960665303531,0.0858792332953743,4214.748972948045,4116.964271026166,3742.852286336412,4655.25,-32.70514028441974
2009-07-17,4374.9501953125,0.0339250121193315,0.068794530381725,4230.0062322208505,4127.0813660962185,3749.141817769009,4655.25,-30.422161352999964
2009-07-20,4502.25,0.0290974294573442,0.1468509202063299,4255.934210104579,4141.793861543426,3756.635431522552,4655.25,-28.397625101174395
2009-07-21,4469.10009765625,-0.007362963483536,0.1128237294960781,4276.235723204738,4154.629400214517,3763.724632180599,4655.25,-28.9248307728889
2009-07-22,4398.89990234375,-0.015707904002713,0.0915384373061414,4287.918025979882,4164.208635592134,3770.044784122521,4655.25,-30.041272708084957
2009-07-23,4523.75,0.0283821183541206,0.1341840881071863,4310.378213981799,4178.308296941462,3777.5443385093618,4655.25,-28.05569583018217
2009-07-24,4568.5498046875,0.0099032450262503,0.0989751743681186,4334.965984525199,4193.611885480522,3785.415039665363,4655.25,-27.343213757745374
2009-07-27,4572.2998046875,0.0008208294010831,0.0985295252825313,4357.569205493037,4208.46239211609,3793.244738819813,4655.25,-27.283574931409525
2009-07-28,4564.10009765625,-0.0017933441334804,0.1272166208091503,4377.238814270486,4222.408968803939,3800.9149413953,4655.25,-27.41398050571395
2009-07-29,4513.5,-0.011086544241708,0.1172859505792454,4390.216070054249,4233.824303360648,3808.005339988381,4655.25,-28.218708622166837
2009-07-30,4571.4501953125,0.0128393032707432,0.1839760896350353,4407.476462935987,4247.064534417584,3815.601806210512,4655.25,-27.29708685300124
2009-07-31,4636.4501953125,0.0142186827424368,0.214779850296833,4429.283485067083,4262.334560335032,3823.7694518732183,4655.25,-26.26334719651312
2009-08-03,4711.39990234375,0.0161653212854577,0.1936055838633139,4456.151715283909,4279.944965904001,3832.6015956589954,4711.39990234375,-25.0713705134305
2009-08-04,4680.5,-0.0065585394965895,0.1437473272649521,4477.518218590203,4295.653006456785,3841.0383957021895,4711.39990234375,-25.5627928893435
2009-08-05,4694.14990234375,0.0029163342257771,0.1285370603062268,4498.149807519112,4311.280335707254,3849.527067410066,4711.39990234375,-25.34570911457542
2009-08-06,4585.5,-0.0231458101262386,0.0814603180086885,4506.468873469673,4322.03404803246,3856.85018116718,4711.39990234375,-27.073643156518447
2009-08-07,4481.39990234375,-0.0227020167170973,0.0010275415155784,4504.081352410061,4328.283689378001,3863.0646062535134,4711.39990234375,-28.729218528696176
2009-08-10,4437.64990234375,-0.0097625744083046,0.0009247889020926,4497.754547641841,4332.572560474698,3868.781872881278,4711.39990234375,-29.4250048359478
2009-08-11,4471.35009765625,0.0075941536746062,0.0369910818761296,4495.239838119403,4338.014816834759,3874.7775766103823,4711.39990234375,-28.88904747708739
2009-08-12,4457.5,-0.003097520291133,0.0289466770196731,4491.645567822317,4342.700510292219,3880.575809678936,4711.39990234375,-29.10931509544892
2009-08-13,4605.0,0.0330902972518227,0.0990846671521683,4502.441228029716,4352.986764790564,3887.784010577653,4711.39990234375,-26.76352125957201
2009-08-14,4580.0498046875,-0.0054180663002171,0.0617820616584503,4509.832521044743,4361.891197727698,3894.672227434468,4711.39990234375,-27.1603213569821
2009-08-17,4387.89990234375,-0.041953670928882,0.0126818229045642,4498.219890692268,4362.911146928328,3899.579965493267,4711.39990234375,-30.21621326533679
2009-08-18,4458.89990234375,0.0161808613642431,0.0102751978935606,4494.4751298971705,4366.67541184658,3905.145337999242,4711.39990234375,-29.087051486711303
2009-08-19,4394.10009765625,-0.0145326888036753,-0.000284391452837,4484.9156030170825,4367.750889721468,3910.010559488367,4711.39990234375,-30.11760729960597
2009-08-20,4453.4501953125,0.0135067696086181,-0.0109708076601223,4481.918897521408,4371.11164680347,3915.4179190488057,4711.39990234375,-29.173721921702768
2009-08-21,4528.7998046875,0.0169193784752121,0.0024902879849442,4486.383745822941,4377.295496132256,3921.5212213934697,4711.39990234375,-27.97538531690542
2009-08-24,4642.7998046875,0.025172232140181,0.026293909935892,4501.280513333852,4387.707429801089,3928.6981227197775,4711.39990234375,-26.162364996295484
2009-08-25,4659.35009765625,0.0035647225090429,0.0286676449180374,4516.334759459794,4398.360083442469,3935.9682916246193,4711.39990234375,-25.89915431678328
2009-08-26,4680.85009765625,0.004614377445218,0.0130833253809559,4532.002886907076,4409.438123215558,3943.380050888616,4711.39990234375,-25.557225045791043
2009-08-27,4688.2001953125,0.0015702484597681,0.0298643956971826,4546.878821040926,4420.369969180145,3950.791196604276,4711.39990234375,-25.440331393078345
2009-08-28,4732.35009765625,0.0094172391332378,0.0448880674172178,4564.542752147147,4432.604484022345,3958.567902087381,4732.35009765625,-24.738185164111997
2009-08-31,4662.10009765625,-0.0148446329097232,0.0522264861406243,4573.833927909919,4441.6043120079885,3965.5682224413,4732.35009765625,-25.85541917747032
2009-09-01,4625.35009765625,-0.0078827136333848,0.0528790483369616,4578.740229790522,4448.810029092234,3972.1332162245335,4732.35009765625,-26.439879675561684
2009-09-02,4608.35009765625,-0.0036753974598839,0.054964825194586,4581.560217206305,4455.066502369255,3978.463732457685,4732.35009765625,-26.71024235495089
2009-09-03,4593.5498046875,-0.0032116251272396,0.0402649164213326,4582.702082680705,4460.497220107225,3984.583991882858,4732.35009765625,-26.94562158217302
2009-09-04,4680.39990234375,0.0189069676718478,0.0925685529716497,4592.006636934328,4469.120854704736,3991.507533280479,4732.35009765625,-25.56438481114022
2009-09-07,4782.89990234375,0.0218998380776549,0.1052466663913529,4610.186947925701,4481.425915396462,3999.382084216432,4782.89990234375,-23.93425689129356
2009-09-08,4805.25,0.0046729177094628,0.1083879944546541,4628.764381456586,4494.124899106405,4007.4006704431354,4805.25,-23.57880793323745
2009-09-09,4814.25,0.0018729514593414,0.1099135446685879,4646.429678460721,4506.678824631644,4015.429021981014,4814.25,-23.43567475003139
2009-09-10,4819.39990234375,0.0010697205886172,0.1228535664802967,4662.903033116248,4518.942396306628,4023.42873223338,4819.39990234375,-23.35377231495792
2009-09-11,4829.5498046875,0.0021060510747019,0.1460725687440673,4678.774154218271,4531.123078988231,4031.4498374319287,4829.5498046875,-23.192351444769976
2009-09-14,4808.60009765625,-0.0043378177839509,0.1028899306551032,4691.138529783793,4542.004530700702,4039.182675842121,4829.5498046875,-23.52552902861631
2009-09-15,4892.10009765625,0.0173647211879188,0.1249698659392197,4710.277726724027,4555.733768620527,4047.669416357685,4892.10009765625,-22.197571162204643
2009-09-16,4958.39990234375,0.0135524219382312,0.1008880777850245,4733.908410116382,4571.524597393987,4056.731411243119,4958.39990234375,-21.143159818775622
2009-09-17,4965.5498046875,0.0014419777518086,0.1164183698920802,4755.969495313631,4586.976566307459,4065.7743803321177,4965.5498046875,-21.02945000965637
2009-09-18,4976.0498046875,0.0021145694662225,0.1433150352666907,4776.929524777809,4602.234340361578,4074.831847241127,4976.0498046875,-20.862461295915978
2009-09-22,5020.2001953125,0.0088725781207836,0.1200054467714262,4800.098160066827,4618.625158202791,4084.238497470693,5020.2001953125,-20.16030730147745
2009-09-23,4969.9501953125,-0.0100095609826317,0.1121690823040204,4816.27454437594,4632.402610638465,4093.051549190512,5020.2001953125,-20.95946757437789
2009-09-24,4986.5498046875,0.0033399951151735,0.1332423850207373,4832.491235834184,4646.290735895291,4101.942079095955,5020.2001953125,-20.69547258217559
2009-09-25,4958.9501953125,-0.0055348107320728,0.1558516702945667,4844.53494626069,4658.551891166554,4110.469523038408,5020.2001953125,-21.134408131629723
2009-09-29,5006.85009765625,0.0096592828032489,0.1840863357469966,4859.993532107887,4672.210644362229,4119.388732736098,5020.2001953125,-20.37262307632752
2009-09-30,5083.9501953125,0.0153989227063819,0.2482384338458554,4881.322738127374,4688.357293419103,4128.986359229396,5083.9501953125,-19.14644725376794
2009-10-01,5083.39990234375,-0.0001082412194473,0.2474907419001737,4900.5681823384575,4703.849160435755,4138.483011399689,5083.9501953125,-19.15519894091384
2009-10-05,5003.2001953125,-0.0157767849415649,0.2482255835620284,4910.342659764557,4715.588416705432,4147.087162483398,5083.9501953125,-20.430669980866657
2009-10-06,5027.39990234375,0.0048368456361036,0.2449760469332347,4921.490968581623,4727.816318103013,4155.846493228278,5083.9501953125,-20.04580541419592
2009-10-07,4985.75,-0.0082845811259878,0.1744302455685766,4927.610876335754,4737.931364451914,4164.104239564315,5083.9501953125,-20.70819242560503
2009-10-08,5002.25,0.0033094318808604,0.1845112492984579,4934.719364303778,4748.296801140074,4172.443998374621,5083.9501953125,-20.445781589727275
2009-10-09,4945.2001953125,-0.0114048287645559,0.1982845022492598,4935.7175386855615,4756.018502872326,4180.133114762062,5083.9501953125,-21.35308382819452
2009-10-12,5054.25,0.0220516461175559,0.2145989786722739,4947.006344525032,4767.713855700863,4188.830795212191,5083.9501953125,-19.61878986453678
2009-10-13,5054.25,0.0,0.2295800416373361,4957.220025998839,4778.9505672420055,4197.44193157824,5083.9501953125,-19.61878986453678
2009-10-14,5118.2001953125,0.0126527566528169,0.2842858529107332,4972.551470695378,4792.254474225162,4206.60370534674,5118.2001953125,-18.601745973233815
2009-10-15,5108.85009765625,-0.0018268331248185,0.3269568013047719,4985.5322923107,4804.669988869518,4215.581281389621,5118.2001953125,-18.75044699999231
2009-10-16,5142.14990234375,0.0065180625876606,0.311371510347741,5000.44825517099,4817.904495280272,4224.800869657822,5142.14990234375,-18.220857328318807
2009-10-20,5114.4501953125,-0.0053867949315566,0.2945517168417388,5011.305582803515,4829.533738418792,4233.653101753888,5142.14990234375,-18.661384799569667
2009-10-21,5063.60009765625,-0.0099424367653154,0.3261399138106813,5016.28601278949,4838.712811330064,4241.911280817593,5142.14990234375,-19.47008883777828
2009-10-22,4988.60009765625,-0.0148115962069584,0.3848182332144556,5013.649258967277,4844.590744127169,4249.341020288625,5142.14990234375,-20.662865364495342
2009-10-23,4997.0498046875,0.0016938032445654,0.3855292157106174,5012.068358559679,4850.56953081581,4256.7809086906045,5142.14990234375,-20.5284838684352
2009-10-26,4970.89990234375,-0.0052330681833949,0.414739669717223,5008.147553205781,4855.288368914945,4263.886570318994,5142.14990234375,-20.944363730989444
2009-10-27,4846.7001953125,-0.024985356670065,0.4776750461027155,4992.771614358802,4854.95157779328,4269.685710866193,5142.14990234375,-22.9195969999496
2009-10-28,4826.14990234375,-0.004240058625583,0.3825736871837255,4976.902879881178,4853.822100324672,4275.222667995324,5142.14990234375,-23.24642242755338
2009-10-29,4750.5498046875,-0.0156646807882067,0.3501058464279691,4955.345444148446,4849.772206378116,4279.9522912459925,5142.14990234375,-24.448742719578632
2009-10-30,4711.7001953125,-0.0081779185509571,0.4113648254077091,4932.141134735499,4844.357617708876,4284.248290291431,5142.14990234375,-25.066594748040327
2009-11-03,4563.89990234375,-0.0313687812980526,0.3959868577922887,4897.07054117438,4833.359275929852,4287.030893396429,5142.14990234375,-27.4171643493074
2009-11-04,4710.7998046875,0.0321873628885487,0.5322912664627257,4879.330471032773,4828.553022155642,4291.247499478927,5142.14990234375,-25.080914278738675
2009-11-05,4765.5498046875,0.0116222302517547,0.5260502530336004,4868.494217095128,4826.082307745127,4295.966925401401,5142.14990234375,-24.210187414235214
2009-11-06,4796.14990234375,0.0064211054149829,0.4826269891284249,4861.604282356901,4824.908487925465,4300.943870445603,5142.14990234375,-23.72353303824022
2009-11-09,4898.39990234375,0.0213191835288619,0.5980947289391019,4865.108627117554,4827.790504177163,4306.8887065838935,5142.14990234375,-22.09738104014928
2009-11-10,4881.7001953125,-0.0034092167573455,0.658665157158663,4866.688776469453,4829.904609711882,4312.608223884676,5142.14990234375,-22.362967954148303
2009-11-11,5003.9501953125,0.0250425046825666,0.9365132334800697,4879.761292549743,4836.729926794259,4319.487248475997,5142.14990234375,-20.418742215599483
2009-11-12,4952.64990234375,-0.0102519591455578,0.962067188870855,4886.7030649110775,4841.275808188357,4325.78737438513,5142.14990234375,-21.234606019157265
2009-11-13,4998.9501953125,0.0093485899229095,0.8534881091600641,4897.393267806451,4847.459117487343,4332.485511906795,5142.14990234375,-20.498260650713952
2009-11-16,5058.0498046875,0.0118224041180521,0.7528588971132082,4912.693890366551,4855.717575808918,4339.705057108594,5142.14990234375,-19.55835896003865
2009-11-17,5062.25,0.0008303981721586,0.6631075242167503,4926.9373293792605,4863.81688656151,4346.894559027912,5142.14990234375,-19.49156036835362
2009-11-18,5054.7001953125,-0.0014913930934861,0.6087011992657057,4939.105221372903,4871.302506512529,4353.937401179997,5142.14990234375,-19.611630099187604
2009-11-19,4989.0,-0.0129978421615246,0.6658041307327642,4943.857105051674,4875.91809449243,4360.256432014027,5142.14990234375,-20.656505442780627
2009-11-20,5052.4501953125,0.0127180187036479,0.7466511212500297,4954.199304124134,4882.84092197557,4367.14393214635,5142.14990234375,-19.647413394989112
2009-11-23,5103.5498046875,0.0101138274301859,0.7166329649133871,4968.423161320645,4891.496172277999,4374.471353763675,5142.14990234375,-18.834741200496964
2009-11-24,5090.5498046875,-0.002547246621961,0.6169458602993727,4980.054270212726,4899.302197078372,4381.596512479336,5142.14990234375,-19.041489131794588
2009-11-25,5108.14990234375,0.0034574060428684,0.7382641934548559,4992.253854225204,4907.492303167211,4388.825899443161,5142.14990234375,-18.76158268709721
2009-11-26,5005.5498046875,-0.0200855690646772,0.7572890134959811,4993.520135221614,4911.337695383692,4394.962455714249,5142.14990234375,-20.3933025287406
2009-11-27,4941.75,-0.0127458135823069,0.7584108129877751,4988.589646152888,4912.53033478041,4400.403127796694,5142.14990234375,-21.40795465461237
2009-11-30,5032.7001953125,0.0184044509156675,0.7976818086960646,4992.790650834756,4917.242878330689,4406.694640906305,5142.14990234375,-19.961511213691274
2009-12-01,5122.0,0.0177439150400167,0.908950370430626,5005.096303136208,4925.272569376544,4413.812107165943,5142.14990234375,-18.541315068735685
2009-12-02,5123.25,0.0002440452948067,0.9443074003795068,5016.349036170855,4933.036390185307,4420.87119067673,5142.14990234375,-18.52143545995707
2009-12-03,5131.7001953125,0.0016493818011027,1.0099486483741835,5027.334860851011,4940.827127641275,4427.944116095992,5142.14990234375,-18.387046198424738
2009-12-04,5108.89990234375,-0.0044430290354017,0.8967866472220705,5035.1029600407965,4947.4182168452935,4434.719795561145,5142.14990234375,-18.74965492183004
2009-12-07,5066.7001953125,-0.0082600379412191,0.8708391748592264,5038.112220542864,4952.095941491067,4441.008157747726,5142.14990234375,-19.42078585491287
2009-12-08,5147.9501953125,0.0160360780918453,0.93969487389318,5048.572980044733,4959.776500464456,4448.042406877724,5147.9501953125,-18.12861128430271
2009-12-09,5112.0,-0.006983399984179,0.8573894086656373,5054.613648611901,4965.74604946585,4454.648950092871,5147.9501953125,-18.700351938964637
2009-12-10,5134.64990234375,0.0044307320703735,0.8656190034857845,5062.236148967316,4972.369729970866,4461.415128722233,5147.9501953125,-18.34013498099051
2009-12-11,5117.2998046875,-0.0033790225207623,0.85739160948844,5067.480306654952,4978.053262312695,4467.94134440348,5147.9501953125,-18.61606550393217
2009-12-14,5105.7001953125,-0.0022667441458823,0.9030528089595218,5071.120296050909,4983.059024391118,4474.287203616505,5147.9501953125,-18.80054206102
2009-12-15,5033.0498046875,-0.0142292707847788,0.8936901618715329,5067.49453496868,4985.019447147839,4479.847030492834,5147.9501953125,-19.95595113561101
2009-12-16,5042.0498046875,0.0017881801987371,0.8980405794821142,5065.071227322853,4987.255931757238,4485.441087947508,5147.9501953125,-19.81281795240496
2009-12-17,5041.75,-5.946087387342924e-05,0.8083751793400287,5062.85015805401,4989.392954041267,4490.976500007732,5147.9501953125,-19.817585952322947
2009-12-18,4987.7001953125,-0.0107204452199136,0.8374964540065992,5055.693018745295,4989.326571346021,4495.919024339123,5147.9501953125,-20.677177129721517
2009-12-21,4952.60009765625,-0.0070373310908377,0.7789511845029633,5045.874645308242,4987.886317475834,4500.463114620886,5147.9501953125,-21.235398097319536
2009-12-22,4985.85009765625,0.0067136452256129,0.7026722778643388,5040.158021722338,4987.806465718204,4505.292835845118,5147.9501953125,-20.706600503808303
2009-12-23,5144.60009765625,0.0318401068805949,0.7617589061188699,5050.104886096997,4993.955235598128,4511.654102131796,5147.9501953125,-18.181890188923845
2009-12-24,5178.39990234375,0.0065699576343938,0.7726050385054133,5062.323459072878,5001.188359784231,4518.288388701069,5178.39990234375,-17.644348673738886
2009-12-29,5187.9501953125,0.0018442555903084,0.7402221522488543,5074.287910143318,5008.512353334359,4524.951690259392,5187.9501953125,-17.492463803386936
2009-12-30,5169.4501953125,-0.0035659555900739,0.6994987080833401,5083.350984921335,5014.823641255071,4531.364610707682,5187.9501953125,-17.786682013310482
2009-12-31,5201.0498046875,0.0061127601932704,0.7604717222964217,5094.560396327636,5022.126628056343,4538.028144976138,5201.0498046875,-17.284131715764772
2010-01-04,5232.2001953125,0.0059892505926255,0.7094503619415176,5107.668948611909,5030.364807164428,4544.9353295566,5232.2001953125,-16.78872565262387
2010-01-05,5277.89990234375,0.0087343192778044,0.7149959065292446,5123.881420395895,5040.07206579891,4552.228509385328,5277.89990234375,-16.061931814960918
2010-01-06,5281.7998046875,0.000738911767163,0.7378342775745437,5138.921266518904,5049.551584971012,4559.487925258982,5281.7998046875,-15.999908988666055
2010-01-07,5263.10009765625,-0.0035404043550939,0.7728934939418188,5150.747821865318,5057.926036448865,4566.489041402238,5281.7998046875,-16.297303276710874
2010-01-08,5244.75,-0.0034865568421207,0.7980869171899736,5159.700410259097,5065.252466392047,4573.237906661918,5281.7998046875,-16.58913748667542
2010-01-11,5249.39990234375,0.0008865822667905,0.8372210700301863,5168.243219029064,5072.473934468584,4579.9658867184535,5281.7998046875,-16.5151868951134
2010-01-12,5210.39990234375,-0.0074294206434124,0.7830401715851956,5172.25814124951,5077.882795953885,4586.238861998308,5281.7998046875,-17.13543068900627
2010-01-13,5233.9501953125,0.0045198628531673,0.7566538665254237,5178.133574969795,5084.003086124812,4592.683750887006,5281.7998046875,-16.76089420033381
2010-01-14,5259.89990234375,0.0049579583417684,0.7775037007005714,5185.920844243505,5090.9010004863385,4599.322717568168,5281.7998046875,-16.348198181373007
2010-01-15,5252.2001953125,-0.0014638504865499,0.7238697613235414,5192.2331633929325,5097.2264591069725,4605.819010879057,5281.7998046875,-16.47065191216599
2010-01-18,5274.85009765625,0.0043124598266388,0.6898717519644777,5200.101442846581,5104.192091991258,4612.476036618134,5281.7998046875,-16.110434954191867
2010-01-19,5225.64990234375,-0.009327316303142,0.6787618286985857,5202.534629465359,5108.955143377631,4618.577269112916,5281.7998046875,-16.89289946190714
2010-01-20,5221.7001953125,-0.0007558307780011,0.788008618655909,5204.359921450801,5113.376517963312,4624.578492259181,5281.7998046875,-16.955714366364262
2010-01-21,5094.14990234375,-0.0244269659685271,0.7731116959080229,5193.863729154891,5112.622533037054,4629.250844598331,5281.7998046875,-18.98423430541773
2010-01-22,5036.0,-0.0114150355718813,0.8160181106539546,5178.829088282997,5109.617727819915,4633.29809987596,5281.7998046875,-19.9090321527046
2010-01-25,5007.89990234375,-0.0055798446497716,0.824404812993321,5162.550118193545,5105.628793487516,4637.025480995043,5281.7998046875,-20.355927311142352
2010-01-27,4853.10009765625,-0.0309111219685226,0.7116707276403125,5133.078687666184,5095.725707376487,4639.175477180726,5281.7998046875,-22.817814956097514
2010-01-28,4867.25,0.0029156419729696,0.7785106467063763,5107.761669793214,5086.765875714664,4641.444875417735,5281.7998046875,-22.59277933781799
2010-01-29,4882.0498046875,0.0030406912912834,0.7260513316365325,5086.2653016879085,5078.737794497913,4643.838954315942,5281.7998046875,-22.35740787606804
2010-02-01,4899.7001953125,0.0036153647199692,0.721488398345004,5068.497196318822,5071.716712176916,4646.384837310933,5281.7998046875,-22.076701587736203
2010-02-02,4830.10009765625,-0.0142049706883772,0.7271329217588949,5045.79271073191,5062.241550823164,4648.212849851683,5281.7998046875,-23.183599757624084
2010-02-03,4931.85009765625,0.0210658160168095,0.8224600541843079,5034.941033296133,5057.1281605028935,4651.035111023868,5281.7998046875,-21.56539960304459
2010-02-04,4845.35009765625,-0.0175390570044103,0.7854484525300869,5016.884753711383,5048.823138430476,4652.968593477922,5281.7998046875,-22.941068530524944
2010-02-05,4718.64990234375,-0.0261488216039923,0.7616433579085728,4988.481434533513,5035.87516838786,4653.622138839771,5281.7998046875,-24.95606878251452
2010-02-06,4718.64990234375,0.0,0.7026538459844338,4962.783193372583,5023.434961876326,4654.269181262696,5281.7998046875,-24.95606878251452
2010-02-08,4760.39990234375,0.0088478698068408,0.6706088444792946,4943.50859422698,5013.1198615025,4655.32520833813,5281.7998046875,-24.292089849308685
2010-02-09,4792.64990234375,0.0067746409254654,0.6971440660111237,4929.141099761911,5004.473980751176,4656.691623203858,5281.7998046875,-23.77919594282034
2010-02-10,4757.2001953125,-0.0073966819512341,0.6547934167636149,4912.765775528634,4994.776969557503,4657.691708498472,5281.7998046875,-24.342976988498634
2010-02-11,4826.85009765625,0.0146409441444947,0.744655185163549,4904.583330016978,4988.191602031963,4659.374876549793,5281.7998046875,-23.23528674044849
2010-02-15,4801.9501953125,-0.0051586234997934,0.724900450360936,4894.808745759408,4980.888017454729,4660.793536437979,5281.7998046875,-23.63128699422412
2010-02-16,4855.75,0.0112037406677014,0.7323094184600984,4891.088865210893,4975.980644221211,4662.733401747054,5281.7998046875,-22.77567173858128
2010-02-17,4914.0,0.0119960871132163,0.7675940769740457,4893.270878047952,4973.55003072234,4665.2335669038,5281.7998046875,-21.84928196949769
2010-02-18,4887.75,-0.0053418803418803,0.7191621230744869,4892.745080138623,4970.18532363519,4667.447660765454,5281.7998046875,-22.26675375384867
2010-02-19,4844.89990234375,-0.0087668349764717,0.6592691751024882,4888.188396539112,4965.272169859055,4669.213354711507,5281.7998046875,-22.94822829587412
2010-02-22,4856.39990234375,0.0023736300505272,0.654932663944028,4885.160920901458,4961.0026691721805,4671.075907424266,5281.7998046875,-22.76533589511084
2010-02-23,4870.0498046875,0.0028107039408271,0.6645759599294607,4883.721766976319,4957.435890172781,4673.05574719803,5281.7998046875,-22.54825212034276
2010-02-24,4858.60009765625,-0.002351045161844,0.6794040945210407,4881.329227041074,4953.55997674076,4674.9019596404005,5281.7998046875,-22.730344677471592
2010-02-25,4859.75,0.0002366735933472,0.6482947543655657,4879.274062560971,4949.881154123475,4676.741243624078,5281.7998046875,-22.712056990489703
2010-02-26,4922.2998046875,0.0128709922706928,0.7280322291337546,4883.371752287308,4948.799532576967,4679.184612390879,5281.7998046875,-21.717284473396536
2010-03-02,5017.0,0.0192390140930296,0.8108644648980328,4896.098252069469,4951.474060711204,4682.545959531269,5281.7998046875,-20.21120220613959
2010-03-03,5088.10009765625,0.0141718352912596,0.8327901145974315,4914.384142125353,4956.83194451297,4686.581324089726,5281.7998046875,-19.080448505717364
2010-03-04,5080.25,-0.0015428347527726,0.8213023902122139,4930.180890494366,4961.671868257559,4690.498425342565,5281.7998046875,-19.20529400194152
2010-03-05,5088.7001953125,0.0016633424167118,0.8595992201988867,4945.277967143712,4966.653371279322,4694.460632008932,5281.7998046875,-19.0709047404092
2010-03-08,5124.0,0.0069369000594723,0.8742456501817191,4962.299113130025,4972.823827307584,4698.734655571033,5281.7998046875,-18.509507694689898
2010-03-09,5101.5,-0.004391100702576,0.8466968325791855,4975.556340450975,4977.869951726894,4702.7422709384855,5281.7998046875,-18.86734065270502
2010-03-10,5116.25,0.0028913064784867,0.8366450126038321,4988.955736598501,4983.296620286624,4706.856775705267,5281.7998046875,-18.632761269117324
2010-03-11,5133.39990234375,0.0033520454129001,0.8574711283040237,5002.712323812334,4989.18302350455,4711.100985920575,5281.7998046875,-18.36001458976913
2010-03-12,5137.0,0.0007013086306808,0.9206609632974848,5015.501626306397,4994.979767680842,4715.338787055694,5281.7998046875,-18.302759763392277
2010-03-15,5128.89990234375,-0.0015768148055771,0.955803879400634,5026.301462119478,5000.231537667623,4719.45382302871,5281.7998046875,-18.43158118137216
2010-03-16,5198.10009765625,0.013492210148394,0.9651066813884488,5042.663236932503,5007.991089039727,4724.216472527492,5281.7998046875,-17.331042933199004
2010-03-17,5231.89990234375,0.0065023381721216,1.0304653244411708,5060.685776495479,5016.771826816355,4729.268048943574,5281.7998046875,-16.793501418014046
2010-03-18,5245.89990234375,0.0026758921732674,1.0021373195675711,5078.325217052457,5025.75724154292,4734.408664400293,5281.7998046875,-16.570849799693534
2010-03-19,5262.7998046875,0.0032215449509815,1.0452752480117409,5095.894225398652,5035.053028332904,4739.666287686733,5281.7998046875,-16.30207904210105
2010-03-22,5205.2001953125,-0.0109446704249888,0.9886531900952096,5106.304317771399,5041.725466253673,4744.298465872064,5281.7998046875,-17.218125202242017
2010-03-23,5225.2998046875,0.0038614479022536,0.9215959564907604,5117.637221287218,5048.9244599177455,4749.084548845352,5281.7998046875,-16.898467305459587
2010-03-25,5260.39990234375,0.0067173366061719,0.8941038445742191,5131.233667102126,5057.217614522687,4754.172263805535,5281.7998046875,-16.340246337861565
2010-03-26,5282.0,0.0041061702640945,0.9155379403188184,5145.592365473352,5066.0326100316015,4759.424281081102,5282.0,-15.99672514507261
2010-03-29,5302.85009765625,0.0039473869095512,0.8974667013654387,5160.569292347914,5075.319570330607,4764.831503136576,5302.85009765625,-15.665131717550828
2010-03-30,5262.4501953125,-0.007618526188701,0.8746594868050213,5170.272235487399,5082.658026212251,4769.782932909471,5302.85009765625,-16.307639120181317
2010-03-31,5249.10009765625,-0.0025368596681716,0.869970255730788,5177.779650932052,5089.185166268879,4774.552257931828,5302.85009765625,-16.519954895031397
2010-04-01,5290.5,0.0078870476031187,0.7995510649128912,5188.514922271856,5097.079865630883,4779.686066310615,5302.85009765625,-15.861543805378007
2010-04-05,5368.39990234375,0.0147244877315471,0.8267941578053846,5205.646825135847,5107.719867070604,4785.543915425374,5368.39990234375,-14.622648139388982
2010-04-06,5366.0,-0.0004470423938988,0.7980464169449057,5220.918556075289,5117.848499734502,4791.319597858952,5368.39990234375,-14.660815435149498
2010-04-07,5374.64990234375,0.0016119832917909,0.7437423642935355,5235.559636672286,5127.91914297408,4797.123879495617,5374.64990234375,-14.523250095495898
2010-04-08,5304.4501953125,-0.0130612613485089,0.7063517481699171,5242.120642257068,5134.841929340293,4802.171902538571,5374.64990234375,-15.639684265219769
2010-04-09,5361.75,0.0108022137220056,0.8003627002725417,5253.513914423062,5143.740285052439,4807.739843806844,5374.64990234375,-14.728406104996791
2010-04-12,5339.7001953125,-0.0041124268545716,0.7675566565547187,5261.722131650628,5151.4249874155785,4813.032981632771,5374.64990234375,-15.079079297662744
2010-04-13,5322.9501953125,-0.0031368802343442,0.7393272094552346,5267.553375808901,5158.151466156634,4818.1067847539625,5374.64990234375,-15.34546605529622
2010-04-15,5273.60009765625,-0.0092711928245559,0.6423288386865393,5268.129254080078,5162.678863470345,4822.639056524135,5374.64990234375,-16.130314562970483
2010-04-16,5262.60009765625,-0.0020858616118595,0.6159798378203398,5267.602667753999,5166.597343242342,4827.016778326444,5374.64990234375,-16.305255120222316
2010-04-19,5203.64990234375,-0.0112017242843046,0.5566041904155952,5261.5119281911175,5168.05038477573,4830.7643716002485,5374.64990234375,-17.24278057641081
2010-04-20,5230.10009765625,0.0050830082363124,0.5649376943023823,5258.520325283035,5170.483706849476,4834.737861411752,5374.64990234375,-16.82212494846639
2010-04-21,5244.89990234375,0.0028297364125271,0.5505527555497494,5257.22314214596,5173.401989025722,4838.819075749384,5374.64990234375,-16.58675348671642
2010-04-22,5269.35009765625,0.0046617086632243,0.5123775512964053,5258.378090289797,5177.16465995241,4843.102966514627,5374.64990234375,-16.19790523281779
2010-04-23,5304.10009765625,0.0065947411646565,0.5741504964108177,5262.73256718184,5182.1425202545215,4847.6900026453895,5374.64990234375,-15.645252108772212
2010-04-26,5322.4501953125,0.0034596062137588,0.5726422257684796,5268.419960337141,5187.644782021501,4852.413984661978,5374.64990234375,-15.353417898807663
2010-04-27,5308.35009765625,-0.0026491741846016,0.5718663777068118,5272.222830558008,5192.378323811099,4856.950662403215,5374.64990234375,-15.577661438924906
2010-04-28,5215.4501953125,-0.0175007112633296,0.5497727155498779,5266.815912915579,5193.283103085664,4860.517821934651,5374.64990234375,-17.055112410257344
2010-04-29,5254.14990234375,0.0074202045043076,0.5776806369722136,5265.609626194453,5195.670036389903,4864.434559053149,5374.64990234375,-16.439644381754647
2010-04-30,5278.0,0.0045392876296908,0.5416070553126098,5266.789661794981,5198.898662413828,4868.549638067546,5374.64990234375,-16.060339893164187
2010-05-03,5222.75,-0.0104679802955665,0.5004668534080299,5262.595408290697,5199.834008985835,4872.074019778317,5374.64990234375,-16.93901860117909
2010-05-04,5148.5,-0.0142166483174572,0.4837175792507204,5251.729178929679,5197.820910594233,4874.824527044205,5374.64990234375,-18.119867362628995
2010-05-05,5124.89990234375,-0.0045838783444207,0.5242017498166232,5239.650200207209,5194.9612632118615,4877.3128392362405,5374.64990234375,-18.495195929463726
2010-05-06,5090.85009765625,-0.006643994094778,0.4654356479542667,5225.478761869023,5190.87847240576,4879.437588076241,5374.64990234375,-19.036713366404413
2010-05-07,5018.0498046875,-0.0143002232578535,0.4444795910185035,5205.72362308983,5184.100877593279,4880.816814112174,5374.64990234375,-20.19450644095442
2010-05-10,5193.60009765625,0.0349837685558169,0.4213464963481801,5204.569001619965,5184.4733960271205,4883.9290855902245,5374.64990234375,-17.402609524802028
2010-05-11,5136.14990234375,-0.0110617287107696,0.4025915615706552,5198.052896926993,5182.578357059146,4886.438745458419,5374.64990234375,-18.31627945045617
2010-05-12,5156.64990234375,0.003991316528874,0.4225044710791641,5194.109754585731,5181.561554913444,4889.127413686134,5374.64990234375,-17.99025386648684
2010-05-13,5178.89990234375,0.004314816871684,0.40581992986532,5192.661197229352,5181.457176381299,4892.010722030986,5374.64990234375,-17.63639683022744
2010-05-14,5093.5,-0.0164899696758189,0.406772190098613,5183.217273683699,5178.007875346739,4894.015590468488,5374.64990234375,-18.99457014888818
2010-05-17,5059.89990234375,-0.0065966619527338,0.4234793685174403,5171.472762127513,5173.376190130935,4895.666180636401,5374.64990234375,-19.528935585951857
2010-05-18,5066.2001953125,0.0012451418190766,0.3762734130859795,5161.446803383226,5169.173209941977,4897.363036503825,5374.64990234375,-19.428737698424317
2010-05-19,4919.64990234375,-0.0289270631477108,0.3533181768361872,5138.418527093752,5159.387982193027,4897.584796362929,5374.64990234375,-21.75942769091277
2010-05-20,4947.60009765625,0.005681338279617,0.3768384602219845,5120.2453433378,5151.082574956291,4898.082461052415,5374.64990234375,-21.31491653243401
2010-05-21,4931.14990234375,-0.0033248837795707,0.3430337950238704,5102.236253719319,5142.457764265603,4898.411490318996,5374.64990234375,-21.57653529014949
2010-05-24,4943.9501953125,0.0025958028496895,0.1435990671135854,5087.161391013908,5134.673153718422,4898.864611761717,5374.64990234375,-21.372963436973137
2010-05-25,4806.75,-0.02775112812475,0.1130729272315167,5060.455544250678,5121.813422200053,4897.948048460606,5374.64990234375,-23.5549524027031
2010-05-26,4917.39990234375,0.0230196915470433,0.1515350507582464,5046.831197402399,5113.7972057351,4898.141599245513,5374.64990234375,-21.795210986714288
2010-05-27,5003.10009765625,0.0174279491223916,0.1881308541368005,5042.666330759908,5109.456142673184,4899.18596241378,5374.64990234375,-20.43226190266337
2010-05-28,5066.5498046875,0.0126820782700256,0.1953638798366166,5044.9409473244405,5107.77354118355,4900.8512742772,5374.64990234375,-19.423177620344045
2010-05-31,5086.2998046875,0.0038981162253113,0.2002926311476336,5048.8798861209225,5106.93143386998,4902.696533286258,5374.64990234375,-19.109079801641883
2010-06-01,4970.2001953125,-0.0228259469227518,0.2073262466311833,5041.386582234406,5101.569424514784,4903.368211515375,5374.64990234375,-20.95549165262216
2010-06-02,5019.85009765625,0.009989517603451,0.1739456570766271,5039.335488465058,5098.364745030136,4904.527235258071,5374.64990234375,-20.1658751450299
2010-06-03,5110.5,0.0180582887098708,0.1783218936454087,5046.113060992196,5098.840637381895,4906.57671550426,5374.64990234375,-18.724207469498975
2010-06-04,5135.5,0.0048918892476275,0.1543172601506894,5054.626102802463,5100.27825944535,4908.854559131083,5374.64990234375,-18.32661529392662
2010-06-07,5034.0,-0.0197643851621068,0.1112828337322489,5052.661712059371,5097.679112016121,4910.099787398436,5374.64990234375,-19.940839526750388
2010-06-08,4987.10009765625,-0.0093166274024135,0.1020606812123638,5046.417748782883,5093.342680080439,4910.865959639807,5374.64990234375,-20.686720895029687
2010-06-09,5000.2998046875,0.00264677002121,0.1036483521599711,5042.025563630942,5089.693939868951,4911.755848645257,5374.64990234375,-20.476796885610792
2010-06-10,5078.60009765625,0.0156591196582549,0.1106470440811948,5045.508852585734,5089.258887233159,4913.415990426462,5374.64990234375,-19.231533532434863
2010-06-11,5119.35009765625,0.0080238646903516,0.1160806223480996,5052.541352116259,5090.438934700731,4915.4650860207885,5374.64990234375,-18.58345828625192
2010-06-14,5197.7001953125,0.015304696135574,0.1733222668445682,5066.366003849234,5094.645258646291,4918.27339556598,5374.64990234375,-17.33740285491372
2010-06-15,5222.35009765625,0.0047424632852006,0.1475296088793269,5081.221631830855,5099.653291548642,4921.299034392749,5374.64990234375,-16.94537852289382
2010-06-16,5233.35009765625,0.0021063314014386,0.1241823957158585,5095.710057147559,5104.896303552862,4924.404020096863,5374.64990234375,-16.77043796564198
2010-06-17,5274.85009765625,0.0079299109032635,0.1373848837809184,5112.771013386482,5111.561158223583,4927.89104574422,5374.64990234375,-16.110434954191867
2010-06-18,5262.60009765625,-0.0023223408766521,0.1481869812331206,5127.040449983603,5117.48425388761,4931.221484071703,5374.64990234375,-16.305255120222316
2010-06-21,5353.2998046875,0.0172347709018672,0.193867039403992,5148.588959955403,5126.73192254643,4935.421268356438,5374.64990234375,-14.862795366529124
2010-06-22,5316.5498046875,-0.0068649246895944,0.1768006628295584,5164.58523088227,5134.175761061766,4939.213592101026,5374.64990234375,-15.447255864620493
2010-06-23,5323.14990234375,0.0012414249651966,0.2219850146753954,5179.686628164315,5141.586511700275,4943.033853894486,5374.64990234375,-15.34228997717495
2010-06-24,5320.60009765625,-0.0004790029839996,0.2514936773468574,5193.106958592119,5148.606652326,4946.790731941867,5374.64990234375,-15.382841272894456
2010-06-25,5269.0498046875,-0.0096888117923874,0.2214970524389554,5200.339610601202,5153.3299132029215,4949.997289879635,5374.64990234375,-16.202680998207963
2010-06-28,5333.5,0.0122318440139175,0.2593117289416209,5213.021552448707,5160.395406802807,4953.813237244017,5374.64990234375,-15.17768526339356
2010-06-29,5256.14990234375,-0.0145026901014811,0.2376147639142336,5217.129014343473,5164.150485059315,4956.821562269885,5374.64990234375,-16.40783700770886
2010-06-30,5312.5,0.0107207934901405,0.2374939746099904,5226.21196535838,5169.968113096204,4960.360651202524,5374.64990234375,-15.511662690874338
2010-07-01,5251.39990234375,-0.0115011948529412,0.2379975202908058,5228.610816499843,5173.161516596108,4963.256564149203,5374.64990234375,-16.483379521067608
2010-07-02,5237.10009765625,-0.00272304622642,0.1969146606459262,5229.41931946712,5175.668911931801,4965.98137542788,5374.64990234375,-16.710799139306122
2010-07-05,5235.89990234375,-0.0002291717343797,0.1924298089131744,5230.036517836323,5178.030911555798,4968.667131914605,5374.64990234375,-16.729886669922468
2010-07-06,5289.0498046875,0.0101510539420279,0.2325626725827996,5235.656830869768,5182.384593639395,4971.855019205878,5374.64990234375,-15.884607257750073
2010-07-07,5241.10009765625,-0.0090658452466743,0.2073764001852385,5236.175237230385,5184.6871624243695,4974.534074712848,5374.64990234375,-16.64718439121455
2010-07-08,5296.85009765625,0.0106370798040913,0.2179886587746289,5241.953795366182,5189.085708904051,4977.74119931925,5374.64990234375,-15.760553839688196
2010-07-09,5352.4501953125,0.0104968229478217,0.2097983150392721,5252.477262027736,5195.492159351441,4981.469647040576,5374.64990234375,-14.876307288120838
2010-07-12,5383.0,0.005707629884021,0.2922197344055821,5264.907998977476,5202.845408004326,4985.464973935695,5383.0,-14.390452755760297
2010-07-13,5400.64990234375,0.0032788226534925,0.2852111485436386,5277.835799298073,5210.602446998028,4989.596167253188,5400.64990234375,-14.10975423290064
2010-07-14,5386.14990234375,-0.0026848620558994,0.3204908262761854,5288.1514281595655,5217.486660933155,4993.541975562546,5400.64990234375,-14.340357694732608
2010-07-15,5378.75,-0.001373876048368,0.318014203642819,5296.7798635729405,5223.81071344558,4997.374891228591,5400.64990234375,-14.458043425607592
2010-07-16,5393.89990234375,0.0028166213978619,0.3471615259877851,5306.029391074922,5230.480877716097,5001.32041372725,5400.64990234375,-14.21710412030518
2010-07-19,5386.4501953125,-0.0013811355728,0.3554057269361432,5313.688515288025,5236.597321543407,5005.152550857451,5400.64990234375,-14.335581929342434
2010-07-20,5368.0,-0.0034252976716568,0.3056380132080829,5318.861037641546,5241.750367757391,5008.76297323698,5400.64990234375,-14.62900806110371
2010-07-21,5399.35009765625,0.0058401821267231,0.2753868188629385,5326.526662404852,5247.930749322053,5012.649412285928,5400.64990234375,-14.13042591984154
2010-07-22,5441.9501953125,0.0078898565356488,0.2860874228167922,5337.519379824627,5255.539355047169,5016.921061868282,5441.9501953125,-13.452927299571805
2010-07-23,5449.10009765625,0.0013138492796036,0.2455227726922784,5348.14611485621,5263.129972404388,5021.221350781595,5449.10009765625,-13.339217490452548
2010-07-26,5418.60009765625,-0.00559725449219,0.2035315892401021,5354.856017980023,5269.226840061324,5025.175368163433,5449.10009765625,-13.82427994465082
2010-07-27,5430.60009765625,0.002214594135705,0.2151439840213567,5362.06973985395,5275.555203104263,5029.20944507381,5449.10009765625,-13.633435700376085
2010-07-28,5397.5498046875,-0.0060859375344197,0.2270226475968835,5365.448793647621,5280.339305127135,5032.8745232789215,5449.10009765625,-14.159057215766047
2010-07-29,5408.89990234375,0.0021028240714691,0.195667289824537,5369.586994475823,5285.380897174846,5036.6160693392685,5449.10009765625,-13.978548814961766
2010-07-30,5367.60009765625,-0.0076355276365169,0.1749023929100861,5369.397766207292,5288.605179546666,5039.909442755358,5449.10009765625,-14.635367982818426
2010-08-02,5431.64990234375,0.0119326707508384,0.1879470144926298,5375.326541077431,5294.2147765191,5043.807357776139,5449.10009765625,-13.616739935190925
2010-08-03,5439.5498046875,0.0014544203852941,0.1918121181173939,5381.4430423736285,5299.91418938845,5047.745093566302,5449.10009765625,-13.491102360804495
2010-08-04,5467.85009765625,0.0052026902932964,0.2114434690719508,5389.672285733878,5306.499911281305,5051.92524286073,5467.85009765625,-13.041023358773272
2010-08-05,5447.10009765625,-0.003794910180309,0.1915475100749493,5395.141601155056,5312.013644080323,5055.857330968148,5467.85009765625,-13.371024864498338
2010-08-06,5439.25,-0.0014411517166037,0.1731496664191796,5399.342401045051,5317.00330509678,5059.672183396326,5467.85009765625,-13.495870360722495
2010-08-09,5486.14990234375,0.0086224943409016,0.1644415706708721,5407.609782121118,5323.636504988818,5063.915742788838,5486.14990234375,-12.749988992443184
2010-08-10,5460.7001953125,-0.0046389011390989,0.1666916345075313,5412.666011948869,5329.011551668178,5067.863846794048,5486.14990234375,-13.15473316789254
2010-08-11,5420.60009765625,-0.0073433985060509,0.1547564970070063,5413.421639159095,5332.603259353985,5071.373660235463,5486.14990234375,-13.79247257060503
2010-08-12,5416.4501953125,-0.0007655798747345,0.1812125603123977,5413.710073078467,5335.891374489613,5074.807257599414,5486.14990234375,-13.858471318655608
2010-08-13,5452.10009765625,0.006581783466707,0.2166064659404372,5417.366265895398,5340.448579319677,5078.56141521192,5486.14990234375,-13.291506429383858
2010-08-16,5418.2998046875,-0.00619949970898,0.2209840622681429,5417.455174351789,5343.501568549788,5081.941896699239,5486.14990234375,-13.829055710040992
2010-08-17,5414.14990234375,-0.0007659048951407,0.210853497063826,5417.1403865415,5346.2720914436695,5085.24744899421,5486.14990234375,-13.895054458091572
2010-08-18,5479.14990234375,0.0120055781927763,0.2291979590227144,5423.046054713142,5351.48298598877,5089.166876390723,5486.14990234375,-12.861314801603442
2010-08-19,5540.2001953125,0.011142292884273,0.2030836471905537,5434.203591913081,5358.883660864211,5093.654770111338,5540.2001953125,-11.890390049572442
2010-08-20,5530.64990234375,-0.0017238173048025,0.2075523494708175,5443.38895481124,5365.619591902625,5098.002980382307,5540.2001953125,-12.04227491992439
2010-08-23,5543.5,0.0023234335716684,0.26336063341805,5452.923340067313,5372.595294180954,5102.435786547658,5543.5,-11.837910988585763
2010-08-24,5505.10009765625,-0.0069270140423468,0.2346319088173702,5457.892555075783,5377.7915609839065,5106.44239660844,5543.5,-12.448611017170464
2010-08-25,5462.35009765625,-0.0077655263740255,0.2431100740217067,5458.317082940589,5381.107582029881,5109.98376676812,5543.5,-13.128493637399195
2010-08-26,5477.89990234375,0.0028467242870742,0.2300350654217575,5460.182113359938,5384.903359297092,5113.644623838524,5543.5,-12.881194410382069
2010-08-27,5408.7001953125,-0.0126325249210271,0.1942899727460387,5455.279073545896,5385.836568552598,5116.580500171599,5543.5,-13.981724893083037
2010-08-30,5415.4501953125,0.0012479893054249,0.166419062446955,5451.485847047477,5386.997887249065,5119.554327983947,5543.5,-13.874375005678496
2010-08-31,5402.39990234375,-0.0024098260528822,0.1594749888104072,5446.810995170932,5387.601887841013,5122.368711808423,5543.5,-14.08192278061058
2010-09-01,5471.85009765625,0.0128554339863604,0.1689863985168125,5449.195671598105,5390.905739206317,5125.846138533277,5543.5,-12.977408610681708
2010-09-02,5486.14990234375,0.0026133399914638,0.1702038466337423,5452.71512214531,5394.640804427393,5129.431250610993,5543.5,-12.749988992443184
2010-09-03,5479.39990234375,-0.0012303710471193,0.1578602151724752,5455.256529783256,5397.964690620192,5132.913525752612,5543.5,-12.857338879847724
2010-09-06,5576.9501953125,0.0178030979135186,0.1962313289060797,5466.846402690803,5404.98373001989,5137.331801071617,5576.9501953125,-11.305929551481086
2010-09-07,5604.0,0.0048502862209951,0.2115839626582321,5479.908650053584,5412.788289626953,5141.975265737571,5604.0,-10.875737923700669
2010-09-08,5607.85009765625,0.0006870267052552,0.2168889035814214,5492.093549825267,5420.437772294768,5146.610836204424,5607.85009765625,-10.814507175568089
2010-09-09,5640.0498046875,0.005741898672489,0.2278194521657512,5506.184621716908,5429.05000885919,5151.520676686843,5640.0498046875,-10.302413112714191
2010-09-13,5760.0,0.0212675773204711,0.2306640714857786,5530.357514886726,5442.02843988432,5157.575197316825,5760.0,-8.394762748129159
2010-09-14,5795.5498046875,0.0061718410915798,0.2117229971397738,5555.61392343918,5455.892022817778,5163.923203360315,5795.5498046875,-7.8293897806541395
2010-09-15,5860.9501953125,0.0112845878008163,0.2196972468263878,5584.693568379496,5471.776657033257,5170.858795320039,5860.9501953125,-6.789282436979116
2010-09-16,5828.7001953125,-0.005502520739008,0.2107182209715947,5607.932294754068,5485.773658534404,5177.404480892104,5860.9501953125,-7.302176343467459
2010-09-17,5884.9501953125,0.0096505220915696,0.2210960523218992,5634.3149519501085,5501.427640368839,5184.444736756984,5884.9501953125,-6.407593948429657
2010-09-20,5980.4501953125,0.0162278348720892,0.2383038662336498,5667.280213222717,5520.212838601924,5192.36518908092,5980.4501953125,-4.888791837743256
2010-09-21,6009.0498046875,0.0047821833542591,0.2496464007510956,5699.829698124125,5539.38291570332,5200.491404161582,6009.0498046875,-4.433952601266222
2010-09-22,5991.0,-0.0030037701923222,0.2246274361536919,5727.560203064684,5557.093389597308,5208.357161334104,6009.0498046875,-4.721011045840595
2010-09-23,5959.5498046875,-0.0052495735791187,0.201909874568714,5749.654450838286,5572.875994110648,5215.831714999312,6009.0498046875,-5.221185108899484
2010-09-24,6018.2998046875,0.0098581271950759,0.2120107624348464,5775.239722633449,5590.343594525427,5223.816472110637,6018.2998046875,-4.286843496304449
2010-09-27,6035.64990234375,0.0028828902213771,0.2129400104995118,5800.040692129668,5607.806586988891,5231.894416690071,6035.64990234375,-4.010912973362801
2010-09-28,6029.5,-0.0010189296004995,0.2010477202940852,5821.8939595458905,5624.343583577562,5239.830790653354,6035.64990234375,-4.108719095459168
2010-09-29,5991.2998046875,-0.0063355494340326,0.2055049988907946,5838.0278495593775,5638.734023621088,5247.308094275584,6035.64990234375,-4.716243045922597
2010-09-30,6029.9501953125,0.0064510860556101,0.209242949833605,5856.306168202532,5654.0758342756535,5255.095577867992,6035.64990234375,-4.101559330109994
2010-10-01,6143.39990234375,0.0188143688349933,0.2388508979482921,5883.648428596934,5673.265013415579,5263.934426867751,6143.39990234375,-2.2972906966459483
2010-10-04,6159.4501953125,0.0026126075501982,0.2302046346855466,5909.915263522225,5692.331098980165,5272.845031528893,6159.4501953125,-2.042031860645188
2010-10-05,6145.7998046875,-0.00221617030614,0.2088631022298459,5932.380457918918,5710.114185478492,5281.53114867475,6159.4501953125,-2.259123400885432
2010-10-06,6186.4501953125,0.0066143369320288,0.2169906586456396,5956.577575765926,5728.794029001394,5290.535318293036,6186.4501953125,-1.6126323110270402
2010-10-07,6120.2998046875,-0.0106927864181501,0.2232770158630892,5972.170168996552,5744.147196675359,5298.791681341737,6186.4501953125,-2.6646674199692355
2010-10-08,6103.4501953125,-0.0027530692797262,0.2140371392510669,5984.67302864569,5758.237510347404,5306.798233719555,6186.4501953125,-2.932638333927262
2010-10-11,6135.85009765625,0.0053084569066579,0.2306774502645039,5999.070844741934,5773.045847104614,5315.047505997532,6186.4501953125,-2.41736042747992
2010-10-12,6090.89990234375,-0.0073258300964148,0.2176320460480283,6007.81646927544,5785.510712015953,5322.767430339286,6186.4501953125,-3.1322342653478885
2010-10-13,6233.89990234375,0.0234776473579829,0.2605960640891331,6029.348224805755,5803.0946018327295,5331.8334250856,6233.89990234375,-0.8580070210740143
2010-10-14,6177.35009765625,-0.0090713366549628,0.2222090513243804,6043.443641267707,5817.771287943456,5340.246526305208,6233.89990234375,-1.7573574160298144
2010-10-15,6062.64990234375,-0.0185678638087904,0.1995152401135183,6045.272808989234,5827.374370861115,5347.434619599124,6233.89990234375,-3.5815134237446533
2010-10-18,6075.9501953125,0.0021938085132719,0.1871263263357996,6048.194464829546,5837.122442408228,5354.683530800252,6233.89990234375,-3.369989727056854
2010-10-19,6027.2998046875,-0.0080070423655764,0.1797762098074868,6046.20449719697,5844.580378183885,5361.376230042912,6233.89990234375,-4.143710313098403
2010-10-20,5982.10009765625,-0.0074991635551457,0.1633461122807131,6040.09931628833,5849.973308359272,5367.5525869345865,6233.89990234375,-4.862552307249912
2010-10-21,6101.5,0.0199595293282588,0.1929923583168629,6045.947000451346,5859.837100188321,5374.855546268571,6233.89990234375,-2.9636536298107807
2010-10-22,6066.0498046875,-0.0058100787203966,0.1979717370444096,6047.861553235742,5867.923872913779,5381.733101078709,6233.89990234375,-3.527442440961248
2010-10-25,6105.7998046875,0.0065528641009975,0.2239505442731586,6053.379481945433,5877.252340826474,5388.937744895712,6233.89990234375,-2.895270881801204
2010-10-26,6082.0,-0.0038979012494364,0.2171181472505554,6056.105245569678,5885.281660794064,5395.833886737546,6233.89990234375,-3.2737755267572166
2010-10-27,6012.64990234375,-0.0114025152345034,0.2095696997456779,6051.966641452923,5890.276493796013,5401.971359529648,6233.89990234375,-4.3766977748893705
2010-10-28,5987.7001953125,-0.0041495359677476,0.2354179037324242,6045.846027534787,5894.097031110385,5407.799507149378,6233.89990234375,-4.773490106827271
2010-10-29,6017.7001953125,0.0050102708922343,0.2468945882493394,6043.165472085046,5898.944214020272,5413.86817071319,6233.89990234375,-4.296379496140446
2010-11-01,6117.5498046875,0.0165926526969186,0.2877561663812351,6050.24969423766,5907.516982281732,5420.869978016417,6233.89990234375,-2.708402559282197
2010-11-02,6119.0,0.0002370549253867,0.2986819505382732,6056.797342405502,5915.810433956958,5427.816545399339,6233.89990234375,-2.685339106910134
2010-11-03,6160.5,0.0067821539467232,0.3498324090842417,6066.67378598593,5925.406103213548,5435.106928032182,6233.89990234375,-2.025336095460017
2010-11-04,6281.7998046875,0.0196899285264995,0.3334890178174776,6087.161978243223,5939.382326800762,5443.531732775021,6281.7998046875,-0.0962219657718144
2010-11-08,6273.2001953125,-0.0013689722121649,0.3163644180451208,6104.879903678392,5952.473223605144,5451.787140362459,6281.7998046875,-0.2329874617909677
2010-11-09,6301.5498046875,0.0045191622285836,0.3138767413437393,6123.610370441164,5966.162501294649,5460.242490256241,6301.5498046875,0.0
2010-11-10,6275.7001953125,-0.0041021034786984,0.2811735098046506,6138.095115667006,5978.301234393388,5468.356497271726,6301.5498046875,-0.4102103478698438
2010-11-11,6194.25,-0.0129786625838719,0.268871448916063,6143.443199889196,5986.769813436785,5475.579318194396,6301.5498046875,-1.7027526245636193
2010-11-12,6071.64990234375,-0.0197925653075432,0.2133713696893762,6136.605742980106,5990.098444374313,5481.510368782947,6301.5498046875,-3.648307312793686
2010-11-15,6121.60009765625,0.0082267910890609,0.2360252023385129,6135.176633901643,5995.2553719539965,5487.879420811537,6301.5498046875,-2.855642065978625
2010-11-16,5988.7001953125,-0.0217099941557163,0.1979915704957584,6121.226496893153,5994.99830620335,5492.862712100104,6301.5498046875,-4.964645508987042
2010-11-18,5998.7998046875,0.0016864443110551,0.1859906557519794,6109.566811921186,5995.147384575277,5497.896912026346,6301.5498046875,-4.804373676056562
2010-11-19,5890.2998046875,-0.0180869513123637,0.163573471220801,6088.684239803692,5991.035714775757,5501.801418420985,6301.5498046875,-6.526172334527702
2010-11-22,6010.0,0.0203215794240629,0.1889923769511399,6081.190502679531,5991.779412235531,5506.858120725255,6301.5498046875,-4.62663652155263
2010-11-23,5934.75,-0.0125207986688852,0.1895670475045099,6067.243788138623,5989.542964696882,5511.115751364805,6301.5498046875,-5.820787204040667
2010-11-24,5865.75,-0.0116264375078983,0.1609713650303872,6048.053903553992,5984.688338630338,5514.6444503562,6301.5498046875,-6.9157559361559535
2010-11-25,5799.75,-0.0112517580872011,0.1364148919783354,6024.405912739327,5977.4358547624815,5517.481321496935,6301.5498046875,-7.963117332092318
2010-11-26,5751.9501953125,-0.0082417008815035,0.1299271033584559,5998.457749174867,5968.59327988209,5519.81434511699,6301.5498046875,-8.721657789107251
2010-11-29,5830.0,0.0135692768604127,0.1413134131645288,5982.414154015356,5963.158249298479,5522.900769543687,6301.5498046875,-7.483076692288149
2010-11-30,5862.7001953125,0.0056089528837908,0.1712400084047336,5971.012824615084,5959.218717769617,5526.281858357307,6301.5498046875,-6.964153628501912
2010-12-01,5960.89990234375,0.0167499110921218,0.2062325901439268,5970.049689160672,5959.284646576446,5530.606416008914,6301.5498046875,-5.405811473399014
2010-12-02,6011.7001953125,0.0085222523110606,0.19452778071538,5974.016404032274,5961.340158291586,5535.393418788054,6301.5498046875,-4.599655931615287
2010-12-03,5992.7998046875,-0.0031439343298818,0.1700116760420733,5975.805299332772,5962.573869914955,5539.944726110437,6301.5498046875,-4.899588348414419
2010-12-06,5992.25,-9.174421062252414e-05,0.1696188942565755,5977.37146130108,5963.737639722212,5544.445276099388,6301.5498046875,-4.908313260611264
2010-12-07,5976.5498046875,-0.0026200834932621,0.1646334698482034,5977.293208290263,5964.240077563989,5548.744823647528,6301.5498046875,-5.157461419383591
2010-12-08,5903.7001953125,-0.0121892415784543,0.1555717097929692,5970.284349911428,5961.865964534519,5552.276717892952,6301.5498046875,-6.313520034056596
2010-12-09,5766.5,-0.0232396955762482,0.1381174685123318,5950.87631658653,5954.204554160616,5554.408292839291,6301.5498046875,-8.49076530807541
2010-12-10,5857.35009765625,0.0157548075359836,0.1378024020103572,5941.969057640789,5950.406340180052,5557.422639155878,6301.5498046875,-7.049054927738974
2010-12-13,5907.64990234375,0.0085874676857076,0.1556435646212344,5938.700566660119,5948.729617127648,5560.907487545807,6301.5498046875,-6.250841690574937
2010-12-14,5944.10009765625,0.0061699992238941,0.1576446711474954,5939.21480770737,5948.548067344456,5564.720349337951,6301.5498046875,-5.672409456565042
2010-12-15,5892.2998046875,-0.0087145727894412,0.1514470579367055,5934.746712181668,5946.342253122615,5567.979846406106,6301.5498046875,-6.49443411040842
2010-12-16,5948.75,0.0095803331778183,0.1651193318129993,5936.080358640556,5946.436674568788,5571.768604153309,6301.5498046875,-5.598619635205681
2010-12-20,5947.0498046875,-0.0002858071548644,0.1815996335161935,5937.125067787884,5946.460718887169,5575.502745452157,6301.5498046875,-5.625600225143024
2010-12-21,6000.64990234375,0.009012888645056,0.1901211084359098,5943.1750520313,5948.585784905074,5579.733065421227,6301.5498046875,-4.775014269028254
2010-12-22,5984.39990234375,-0.0027080400064087,0.1869687910633708,5947.101228251533,5949.990260098748,5583.759601111999,6301.5498046875,-5.032887339997427
2010-12-23,5980.0,-0.0007352286637841,0.1989493686128278,5950.23444460853,5951.167112643895,5587.702291648197,6301.5498046875,-5.102709883341882
2010-12-24,6011.60009765625,0.0052842972669313,0.2138270765089951,5956.0787925178365,5953.537033624772,5591.920180265193,6301.5498046875,-4.601244392539227
2010-12-27,5998.10009765625,-0.0022456583572921,0.2030245555268175,5960.080821578637,5955.284604763261,5595.961771483015,6301.5498046875,-4.815477405344392
2010-12-28,5996.0,-0.0003501271439385,0.1654938938269714,5963.501695714005,5956.881286929408,5599.942251368756,6301.5498046875,-4.848804090387615
2010-12-29,6060.35009765625,0.010732171056746,0.1703132650905019,5972.725353041838,5960.938887350068,5604.523423968632,6301.5498046875,-3.827625179631689
2010-12-30,6101.85009765625,0.0068477892087537,0.1761581873259869,5985.02294776702,5966.464817165997,5609.471948084926,6301.5498046875,-3.1690570291565523
2010-12-31,6134.5,0.0053508201317975,0.1866832580305306,5999.258857503494,5973.054432179096,5614.696107805475,6301.5498046875,-2.650932070127221
2011-01-03,6157.60009765625,0.0037656039866738,0.1839148496725891,6014.33897561328,5980.2915170997685,5620.098137555234,6301.5498046875,-2.2843540318315148
2011-01-04,6146.35009765625,-0.0018270104946052,0.1747161553876957,6026.911463426896,5986.803618298062,5625.334475466687,6301.5498046875,-2.462881542502493
2011-01-05,6079.7998046875,-0.0108276118202454,0.1519354131721315,6031.948448308858,5990.450527568237,5629.856518543511,6301.5498046875,-3.518975599225571
2011-01-06,6048.25,-0.0051892834798894,0.1451115573582113,6033.500977041348,5992.717173545953,5634.019637761984,6301.5498046875,-4.019642985271322
2011-01-07,5904.60009765625,-0.0237506555356921,0.1218863384881605,6021.224702814196,5989.261601942436,5636.711980646504,6301.5498046875,-6.299239382920896
2011-01-10,5762.85009765625,-0.0240067062384573,0.0987845174043091,5996.617597561058,5980.382719421409,5637.967086288392,6301.5498046875,-8.548686017375129
2011-01-11,5754.10009765625,-0.0015183459315658,0.0961443602509997,5973.520692808219,5971.508891116893,5639.122638640311,6301.5498046875,-8.687540747896993
2011-01-12,5863.25,0.0189690656212617,0.125297503050118,5963.018722064579,5967.263444406427,5641.352761638916,6301.5498046875,-6.955428716305068
2011-01-13,5751.89990234375,-0.0189911904926874,0.0989596170584738,5942.912167805453,5958.81781530593,5642.452733188217,6301.5498046875,-8.722455893864156
2011-01-14,5654.5498046875,-0.0169248594914842,0.0750299263618874,5915.449085603743,5946.885736458148,5642.573102058857,6301.5498046875,-10.26731550258826
2011-01-17,5654.75,3.540428847825794e-05,0.0766440329229585,5890.620601260529,5935.429433067633,5642.694265222451,6301.5498046875,-10.26413858074038
2011-01-18,5724.0498046875,0.0122551491555771,0.0851587625648055,5874.7567158726215,5927.140035876256,5643.503773077825,6301.5498046875,-9.164412214443152
2011-01-19,5691.0498046875,-0.0057651489986995,0.0890606739910022,5857.2608195692765,5917.881595437481,5643.976867919712,6301.5498046875,-9.68809291241134
2011-01-20,5711.60009765625,0.0036109845589162,0.0938199980886553,5843.388369863274,5909.792124936257,5644.64973587729,6301.5498046875,-9.36197801043177
2011-01-21,5696.5,-0.0026437596116798,0.1182434967960242,5829.399001304867,5901.427727879934,5645.165658903387,6301.5498046875,-9.601603152250338
2011-01-24,5743.25,0.0082067936452208,0.1404388403494836,5821.194334513927,5895.224679727779,5646.141622496389,6301.5498046875,-8.85972216346208
2011-01-25,5687.39990234375,-0.0097244761513516,0.1356856193715028,5808.452007640577,5887.0746884578175,5646.552152644123,6301.5498046875,-9.746013621711056
2011-01-27,5604.2998046875,-0.0146112633335322,0.1547875980126669,5789.0089406926645,5875.98547732957,5646.131731271421,6301.5498046875,-11.06473838358526
2011-01-28,5512.14990234375,-0.0164427146218471,0.1324977969785299,5762.641413230863,5861.71741556542,5644.798578744778,6301.5498046875,-12.527075510163288
2011-01-31,5505.89990234375,-0.001133858859198,0.1277844599326414,5738.189840765424,5847.763787595944,5643.416502362678,6301.5498046875,-12.626257460536038
2011-02-01,5417.2001953125,-0.0161099381762266,0.1056187071394874,5707.619398341336,5830.878940839731,5641.165593834816,6301.5498046875,-14.033843051072347
2011-02-02,5432.0,0.0027320025389325,0.1246143744796954,5681.369931832637,5815.236629434251,5639.084344144918,6301.5498046875,-13.798983292025602
2011-02-03,5526.75,0.0174429307805596,0.1206240843829504,5666.6442240390525,5803.923428279967,5637.9665894768095,6301.5498046875,-12.295384924374542
2011-02-04,5395.75,-0.0237028995340842,0.1135934228178856,5640.844774130572,5787.916627170949,5635.556474158632,6301.5498046875,-14.374238604187616
2011-02-07,5396.0,4.633276189602853e-05,0.1435474365919393,5617.526224213375,5772.547347674049,5633.172827649591,6301.5498046875,-14.370271326172702
2011-02-08,5312.5498046875,-0.0154651955731096,0.1258622518379166,5588.480850925196,5754.508228341243,5629.982548814148,6301.5498046875,-15.69455182698577
2011-02-09,5253.5498046875,-0.0111057782362702,0.1035942173893733,5556.582656045415,5734.862799962665,5626.236949370102,6301.5498046875,-16.630829438504634
2011-02-10,5225.7998046875,-0.0052821427476027,0.090377956072261,5525.079527344661,5714.899545245992,5622.25250016928,6301.5498046875,-17.07119729815969
2011-02-11,5310.0,0.0161124035476776,0.1162027625476431,5504.5957628356455,5699.021131706933,5619.145510117844,6301.5498046875,-15.735014963301907
2011-02-14,5456.0,0.0274952919020716,0.130343783132864,5499.967594946536,5689.490891247838,5617.522171708712,6301.5498046875,-13.418124602594194
2011-02-15,5481.0,0.0045821114369501,0.1414112552334185,5498.161157332581,5681.314777865569,5616.163742139471,6301.5498046875,-13.021396801103148
2011-02-16,5481.7001953125,0.0001277495552818,0.1289090656052103,5496.593446664002,5673.486755020351,5614.825796399899,6301.5498046875,-13.010285323225457
2011-02-17,5546.4501953125,0.011812028694194,0.1287037434498372,5501.341708440049,5668.504929149455,5614.145442160224,6301.5498046875,-11.982760317363647
2011-02-18,5458.9501953125,-0.0157758560734845,0.1168636274998722,5497.304421475521,5660.287096449967,5612.601210848306,6301.5498046875,-13.371307622582307
2011-02-21,5518.60009765625,0.0109269914927911,0.1390534807512933,5499.332581111781,5654.730743556096,5611.665876388684,6301.5498046875,-12.424716637942645
2011-02-22,5469.2001953125,-0.0089515278276333,0.1261840674761989,5496.462830083278,5647.455035781838,5610.248307422752,6301.5498046875,-13.20864922397098
2011-02-23,5437.35009765625,-0.0058235384551379,0.1164875752241207,5490.833046042609,5639.21562644358,5608.527927226071,6301.5498046875,-13.71408199278854
2011-02-24,5262.7001953125,-0.0321204077734542,0.0831721256193085,5469.106107877837,5624.450315418831,5605.086855266732,6301.5498046875,-16.48562086428701
2011-02-25,5303.5498046875,0.0077621007959725,0.0913215298497864,5453.338840907329,5611.865981664661,5602.086486604252,6301.5498046875,-15.83737383552254
2011-02-28,5333.25,0.0056000596593341,0.0834874370962031,5441.901808439964,5600.939864736635,5599.411496687792,6301.5498046875,-15.366058107915226
2011-03-01,5522.2998046875,0.03544739224441,0.1007175213648594,5449.558760463538,5597.85594081314,5598.644216170377,6301.5498046875,-12.366005572475892
2011-03-03,5536.2001953125,0.0025171379889952,0.08806825515533,5457.810325687249,5595.438068440566,5598.022882629503,6301.5498046875,-12.145418715974976
2011-03-04,5538.75,0.0004605694515271,0.0902514640027558,5465.518866097988,5593.215006933093,5597.433102702842,6301.5498046875,-12.10495557965884
2011-03-07,5463.14990234375,-0.0136493067309861,0.0735845486389976,5465.2932505023455,5588.114414596256,5596.096951455488,6301.5498046875,-13.304662001085733
2011-03-08,5520.7998046875,0.0105525023794454,0.0774394622731264,5470.57958899617,5585.474625972383,5595.3477261145135,6301.5498046875,-12.389809240565352
2011-03-09,5531.0,0.0018475937678159,0.0841909242379692,5476.333913853678,5583.33836613033,5594.707450232778,6301.5498046875,-12.227941198121062
2011-03-10,5494.39990234375,-0.0066172658933737,0.0739115372281944,5478.054484186066,5579.850583236738,5593.709365179156,6301.5498046875,-12.80875224922192
2011-03-11,5445.4501953125,-0.0089090178911749,0.0607882298096973,5474.949313817155,5574.579979788729,5592.234149558592,6301.5498046875,-13.585540635387472
2011-03-14,5531.5,0.0158021470403995,0.0767957952112128,5480.3350934536165,5572.890568816622,5591.629829662487,6301.5498046875,-12.220006642091242
2011-03-15,5449.64990234375,-0.0147970889733797,0.0625377773220778,5477.412694300296,5568.0576015039605,5590.217094067276,6301.5498046875,-13.518895013890898
2011-03-16,5511.14990234375,0.0112851286049679,0.0602238892684368,5480.625761733006,5565.82592702709,5589.430355841171,6301.5498046875,-12.54294462222293
2011-03-17,5446.64990234375,-0.0117035466541328,0.0410462745863693,5477.389965600695,5561.152357431665,5588.009654811346,6301.5498046875,-13.56650235006982
2011-03-18,5373.7001953125,-0.0133935002871873,0.024361938913789,5467.514749382772,5553.801292250521,5585.877222378522,6301.5498046875,-14.724149425666766
2011-03-21,5364.75,-0.0016655553877581,0.0193718551144002,5457.727630393936,5546.387516083834,5583.676951509084,6301.5498046875,-14.866181078036512
2011-03-22,5413.85009765625,0.0091523552180903,0.0400848948195398,5453.548817752252,5541.1899702631445,5581.987132067762,6301.5498046875,-14.087006126190127
2011-03-23,5480.25,0.0122648209954123,0.0487914961518169,5456.091787490132,5538.800167507728,5580.974822295944,6301.5498046875,-13.033298635147885
2011-03-24,5522.39990234375,0.0076912371413255,0.0498060993201803,5462.40684604762,5538.157019854239,5580.391987271544,6301.5498046875,-12.364417111551951
2011-03-25,5654.25,0.0238755070237293,0.0704751987883378,5480.677622614514,5542.709685742308,5581.126892870832,6301.5498046875,-10.27207313677021
2011-03-28,5687.25,0.0058363178140337,0.072489302029044,5500.351182365513,5548.377933360256,5582.182844185551,6301.5498046875,-9.748392438802025
2011-03-29,5736.35009765625,0.0086333636918105,0.0900530902441365,5522.827269536059,5555.749390783629,5583.716846707647,6301.5498046875,-8.969217486955639
2011-03-30,5787.64990234375,0.0089429347606346,0.1025985015846744,5548.048472660601,5564.843528491869,5585.746031340843,6301.5498046875,-8.15513513773196
2011-03-31,5833.75,0.0079652533297809,0.1026840563273792,5575.25814193102,5575.388880315717,5588.213732521531,6301.5498046875,-7.4235675220645
2011-04-01,5826.0498046875,-0.0013199392007713,0.0852488470808494,5599.1430621935415,5585.21872048716,5590.580260602785,6301.5498046875,-7.545762784359688
2011-04-04,5908.4501953125,0.0141434408196619,0.101090233938222,5628.600884395347,5597.894464597957,5593.74314552527,6301.5498046875,-6.238141751773307
2011-04-05,5910.0498046875,0.0002707324801127,0.099615772575303,5655.40554347079,5610.135850483822,5596.890475467183,6301.5498046875,-6.212757371349776
2011-04-06,5891.75,-0.0030963875588638,0.1107183182163709,5677.914539330714,5621.179542621711,5599.8244010844255,6301.5498046875,-6.503159022605276
2011-04-07,5885.7001953125,-0.0010268264416345,0.0977199972606892,5697.7036494242175,5631.552901550762,5602.6689363503765,6301.5498046875,-6.599164051130158
2011-04-08,5842.0,-0.0074248082407092,0.0940689151665197,5711.446159002863,5639.805728940928,5605.050339968781,6301.5498046875,-7.292647347572457
2011-04-11,5785.7001953125,-0.0096370771460971,0.0869348731475088,5718.517971984734,5645.527080563343,5606.847850967227,6301.5498046875,-8.186075257094338
2011-04-13,5911.5,0.0217432290718107,0.1209609925916173,5736.897212748093,5655.957391129487,5609.87921563422,6301.5498046875,-6.189744059427349
2011-04-15,5824.5498046875,-0.014708651833291,0.1067817612213246,5745.2450786470845,5662.56885832784,5612.015241395944,6301.5498046875,-7.56956645244915
2011-04-18,5729.10009765625,-0.0163874823345889,0.100977238125846,5743.707461409862,5665.177926536797,5613.18026484132,6301.5498046875,-9.084268549388042
2011-04-19,5740.75,0.0020334611274317,0.0976367359723355,5743.425798418447,5668.141537260844,5614.449615439915,6301.5498046875,-8.899394943611183
2011-04-20,5851.64990234375,0.0193180163469495,0.1156838092808723,5753.732855935143,5675.337943734684,5616.809817299655,6301.5498046875,-7.139511965914879
2011-04-21,5884.7001953125,0.0056480297899421,0.1167791257464465,5766.205935875843,5683.548228110285,5619.47539320028,6301.5498046875,-6.615033163189798
2011-04-25,5874.5,-0.0017333415422973,0.1075394302222529,5776.519656268621,5691.0365328902735,5622.012951476895,6301.5498046875,-6.77690120563409
2011-04-26,5868.39990234375,-0.0010384028693931,0.1025748831829502,5785.270155894823,5697.991959143351,5624.464562928307,6301.5498046875,-6.873704338915887
2011-04-27,5833.89990234375,-0.005878944955033,0.0990043601154984,5789.90156031853,5703.321682406112,5626.548496653834,6301.5498046875,-7.421188704973525
2011-04-28,5785.4501953125,-0.0083048574439519,0.1092906611422155,5789.477620794146,5706.542408402441,5628.129608083274,6301.5498046875,-8.190042535109242
2011-04-29,5749.5,-0.0062138976395695,0.0942778768902816,5785.670228337561,5708.227019837639,5629.337273674486,6301.5498046875,-8.760540213089318
2011-05-02,5701.2998046875,-0.0083833716518827,0.0802007966440887,5777.6349498946975,5707.955364341556,5630.053318759193,6301.5498046875,-9.525434513800002
2011-05-03,5565.25,-0.0238629451788594,0.0655784787707625,5757.4078118094885,5702.359075543848,5629.40850961731,6301.5498046875,-11.684424110078329
2011-05-04,5537.14990234375,-0.0050492067124118,0.0754879872474991,5736.430868050847,5695.8802844379625,5628.4905135250365,6301.5498046875,-12.13034770867224
2011-05-05,5459.85009765625,-0.0139602152823749,0.0653574121826883,5710.08984229898,5686.624198681817,5626.81249943679,6301.5498046875,-13.357026971446606
2011-05-06,5551.4501953125,0.0167770352698091,0.0904760676155644,5694.981304490744,5681.323257373217,5626.062625763912,6301.5498046875,-11.903414757065434
2011-05-09,5551.10009765625,-6.306418033719119e-05,0.1062265847721983,5681.278332411269,5676.216466796081,5625.316729961845,6301.5498046875,-11.90897049600429
2011-05-10,5541.25,-0.0017744406483336,0.0669381345900381,5667.942300753053,5670.9236641766265,5624.480245086604,6301.5498046875,-12.065282799509736
2011-05-11,5565.0498046875,0.0042950245319197,0.0835061107052255,5658.143015413477,5666.77174811823,5623.888897420941,6301.5498046875,-11.68760103192621
2011-05-12,5486.14990234375,-0.014177753140195,0.0638980745716786,5641.762718930646,5659.688538480015,5622.518360156492,6301.5498046875,-12.939672423713963
2011-05-13,5544.75,0.0106814612614241,0.0706424346009626,5632.523412365823,5655.1811448141325,5621.744545627572,6301.5498046875,-12.00974090730098
2011-05-16,5499.0,-0.0082510482889219,0.0796112692647492,5619.806896902412,5649.056394037108,5620.5232068651085,6301.5498046875,-12.735752784029597
2011-05-17,5438.9501953125,-0.0109201317853245,0.0749126070247305,5602.582449131944,5640.816935263594,5618.716510232744,6301.5498046875,-13.68868986377514
2011-05-18,5420.60009765625,-0.00337383079405,0.0699537895623743,5585.250796610449,5632.18098084762,5616.745202644919,6301.5498046875,-13.979889619787544
2011-05-19,5428.10009765625,0.0013836106454787,0.1033508898814672,5570.284063376716,5624.177808957763,5614.868136923639,6301.5498046875,-13.860871279340223
2011-05-20,5486.35009765625,0.0107311948844037,0.1088911774125023,5562.290352355719,5618.772800671429,5613.589350463268,6301.5498046875,-12.936495501866096
2011-05-23,5386.5498046875,-0.0181906533838196,0.0923516646953483,5545.553157339698,5609.666016515196,5611.3302505053,6301.5498046875,-14.520237534572267
2011-05-24,5394.85009765625,0.0015409294018828,0.0912023553091738,5531.200484988894,5601.241862834453,5609.176219133668,6301.5498046875,-14.388519255323317
2011-05-25,5348.9501953125,-0.0085080959642772,0.1127997493758776,5513.843314543523,5591.348071951239,5606.586905463805,6301.5498046875,-15.11690994914291
2011-05-26,5412.35009765625,0.0118527748490366,0.1006528257090897,5504.177293887592,5584.3285435475145,5604.654200908506,6301.5498046875,-14.11080979427959
2011-05-27,5476.10009765625,0.0117786172087437,0.0945413824963408,5501.503275198893,5580.084290767465,5603.375055602513,6301.5498046875,-13.099153900477422
2011-05-30,5473.10009765625,-0.000547835128376,0.0802420401734955,5498.798210671022,5575.888832214084,5602.078787364242,6301.5498046875,-13.146761236656346
2011-05-31,5597.876647330278,0.022798148663033,0.1005793724882893,5508.234252257618,5576.751099473542,5602.036975025596,6301.5498046875,-11.166668187463737
2011-06-01,5592.0,-0.0010497993615276,0.1251055853391847,5516.2119425187975,5577.349095572619,5601.937104627332,6301.5498046875,-11.259925362482903
2011-06-02,5550.35009765625,-0.0074481227367221,0.1056804465630734,5519.463195389031,5576.290311340605,5601.423801075381,6301.5498046875,-11.920872330049017
2011-06-03,5516.75,-0.0060536897790354,0.0794932002739459,5519.204795828171,5573.955397170385,5600.581275691547,6301.5498046875,-12.454076044970952
2011-06-06,5532.0498046875,0.0027733365999003,0.0772173702049459,5520.42813000525,5572.312040602429,5599.899370507427,6301.5498046875,-12.211281729894385
2011-06-07,5556.14990234375,0.0043564498706842,0.1037246528295092,5523.830203561298,5571.678231258951,5599.464052416247,6301.5498046875,-11.828834579539038
2011-06-08,5526.85009765625,-0.0052734006825734,0.108229229297736,5524.117812522722,5569.920265235316,5598.741525503212,6301.5498046875,-12.2937964634506
2011-06-09,5521.0498046875,-0.0010494753550869,0.1041437554427888,5523.82562130032,5568.003776586383,5597.968473554797,6301.5498046875,-12.385841962550447
2011-06-10,5485.7998046875,-0.0063846553186446,0.0801795178201116,5520.204114956242,5564.780091413878,5596.852367396914,6301.5498046875,-12.94522816265282
2011-06-13,5482.7998046875,-0.0005468664746818,0.0709952826234028,5516.641799692552,5561.565178208922,5595.717516026672,6301.5498046875,-12.992835498831743
2011-06-14,5500.5,0.0032283132602008,0.0582564967792058,5515.104485436118,5559.170465337984,5594.770078056257,6301.5498046875,-12.711949115940136
2011-06-15,5447.5,-0.0096354876829378,0.0431127553943186,5508.665963013631,5554.791231403161,5593.30470414525,6301.5498046875,-13.553012055101156
2011-06-16,5396.75,-0.0093162000917852,0.0312228112575401,5498.007299869476,5548.593536054018,5591.3489359448,6301.5498046875,-14.358369492127975
2011-06-17,5366.39990234375,-0.0056237731331356,0.0173559064224739,5485.473262009883,5541.448687673224,5589.110637102999,6301.5498046875,-14.839998592856071
2011-06-20,5257.89990234375,-0.0202183963130688,-0.0008931317647702,5463.799608708347,5530.329127464224,5585.815007901415,6301.5498046875,-16.561797251327214
2011-06-21,5275.85009765625,0.0034139477064785,-0.0144676573061409,5445.899655274814,5520.349557667833,5582.730779938776,6301.5498046875,-16.2769435904207
2011-06-22,5278.2998046875,0.0004643246085287,-0.007194515504449,5429.937764742689,5510.857410492135,5579.701616005928,6301.5498046875,-16.238068915028503
2011-06-23,5320.0,0.0079003082158135,-0.000591736547258,5419.467501433862,5503.37280615911,5577.117520324277,6301.5498046875,-15.576323842705486
2011-06-24,5471.25,0.0284304511278195,0.0283144569369369,5424.39916796397,5502.113088270517,5576.064112161847,6301.5498046875,-13.176120643684664
2011-06-27,5526.60009765625,0.0101165360121087,0.0488798365009999,5434.132589839425,5503.073363148389,5575.571932913036,6301.5498046875,-12.297763741465506
2011-06-28,5545.2998046875,0.0033835824378138,0.0397112224032061,5444.71994363448,5504.729302032276,5575.270717706812,6301.5498046875,-12.001015995104137
2011-06-29,5600.4501953125,0.009945429925787,0.0655042758227317,5459.551396175244,5508.483062553069,5575.52125977254,6301.5498046875,-11.125828266142989
2011-06-30,5647.39990234375,0.0083832023130117,0.063039981617647,5477.441730096054,5513.930781760548,5576.236470146384,6301.5498046875,-10.380778104096722
2011-07-01,5627.2001953125,-0.0035768154160407,0.0715619263353046,5491.704441069049,5518.372719546899,5576.74357188933,6301.5498046875,-10.701329518547563
2011-07-04,5650.5,0.0041405679341048,0.0789367960579479,5506.8278276339015,5523.554181525452,5577.477466696402,6301.5498046875,-10.33158230699386
2011-07-05,5632.10009765625,-0.0032563317129015,0.0756699330969159,5518.758520016982,5527.810884118817,5578.020975462172,6301.5498046875,-10.6235724191733
2011-07-06,5625.4501953125,-0.0011807145165118,0.0636031807314161,5528.919631949889,5531.639876714648,5578.492907997997,6301.5498046875,-10.729100464651944
2011-07-07,5728.9501953125,0.0183985274789639,0.0930816219049908,5547.970161793947,5539.377536267504,5579.989995433962,6301.5498046875,-9.086647366479006
2011-07-08,5660.64990234375,-0.0119219561420929,0.0686822919244918,5558.701565655833,5544.133315329318,5580.792581572367,6301.5498046875,-10.170512369306472
2011-07-11,5616.10009765625,-0.0078700865547354,0.0492577964713516,5564.168092513016,5546.9555420872375,5581.143900140367,6301.5498046875,-10.877478212127569
2011-07-12,5526.14990234375,-0.0160164871972346,0.0265929597517649,5560.547312496895,5546.139634646316,5580.596696182191,6301.5498046875,-12.304907941328302
2011-07-13,5585.4501953125,0.0107308513190349,0.0342181582421314,5562.91901562219,5547.681225260676,5580.6449897058765,6301.5498046875,-11.363864947037616
2011-07-14,5626.532946125496,0.0073553159327199,0.0446298465768923,5568.977485193934,5550.773449608316,5581.101586287166,6301.5498046875,-10.711918170667833
2011-07-15,5581.10009765625,-0.0080747502777055,0.0376202830873808,5570.132019714154,5551.962729923921,5581.101571474918,6301.5498046875,-11.432897134215024
2011-07-18,5567.0498046875,-0.002517477329362,0.0321010596189434,5569.838475425901,5552.55437991465,5580.96175289992,6301.5498046875,-11.655862807806916
2011-07-19,5613.5498046875,0.0083527185190344,0.042161275262998,5574.001459165102,5554.946357356723,5581.286012121687,6301.5498046875,-10.917949097033574
2011-07-20,5567.0498046875,-0.0082835285368219,0.0370808130937965,5573.339396833901,5555.421002350086,5581.144358316372,6301.5498046875,-11.655862807806916
2011-07-21,5541.60009765625,-0.0045714890155682,0.0263457633654369,5570.31660643603,5554.879006087584,5580.750883085923,6301.5498046875,-12.05972706057088
2011-07-22,5633.9501953125,0.0166648794623971,0.0352814695300558,5576.376948233789,5557.97983703758,5581.280229476238,6301.5498046875,-10.594213012144982
2011-07-25,5680.2998046875,0.0082268404526477,0.0424289704515967,5586.274363134143,5562.776698514048,5582.265498881326,6301.5498046875,-9.858685867052486
2011-07-26,5574.85009765625,-0.0185641094056744,0.0288358611419921,5585.186337850534,5563.250165147076,5582.191713794509,6301.5498046875,-11.532079084587789
2011-07-27,5546.7998046875,-0.0050315779756199,0.0213972130043971,5581.530477549292,5562.605052972191,5581.8395554949375,6301.5498046875,-11.977212327014664
2011-07-28,5487.75,-0.0106457429088386,0.0167113224660133,5572.599003496979,5559.669560698771,5580.903341012401,6301.5498046875,-12.914280294700564
2011-07-29,5482.0,-0.0010477882556603,0.0135147810046503,5563.970526973458,5556.623695573329,5579.919228166506,6301.5498046875,-13.005527689043506
2011-08-01,5516.7998046875,0.0063480125296424,0.0277963529914231,5559.478077231938,5555.06197436212,5579.291174201541,6301.5498046875,-12.453285688803929
2011-08-02,5456.5498046875,-0.0109211865815408,0.0045842244606018,5549.6753846086585,5551.198752021939,5578.069867042198,6301.5498046875,-13.40939969039734
2011-08-03,5404.7998046875,-0.0094840149640975,-0.0063883963283237,5535.877710330453,5545.457616832354,5576.345786819764,6301.5498046875,-14.230626239483811
2011-08-04,5331.7998046875,-0.0135065132175086,-0.0248818622564409,5516.441719316838,5537.078879101183,5573.912493465215,6301.5498046875,-15.389071419837665
2011-08-05,5211.25,-0.022609589463865,-0.0432982859554444,5487.375841286664,5524.301275999176,5570.303911440686,6301.5498046875,-17.302089779191533
2011-08-08,5118.5,-0.0177980331014632,-0.0589695270487659,5452.244808783172,5508.387500469797,5565.808350132818,6301.5498046875,-18.77394992272331
2011-08-09,5072.85009765625,-0.0089186094253687,-0.0753351279211188,5416.111979152036,5491.307602320246,5560.903292894246,6301.5498046875,-19.498373338527987
2011-08-10,5161.0,0.0173768001511569,-0.0548831074025569,5391.815600185176,5478.354363013569,5556.924155651517,6301.5498046875,-18.09951266018853
2011-08-11,5138.2998046875,-0.0043984102523735,-0.0520791587431086,5367.671238709207,5465.018890138037,5552.758739224015,6301.5498046875,-18.45974460337836
2011-08-12,5072.9501953125,-0.0127181386565617,-0.0634179190454425,5339.60256790952,5449.643647203702,5547.984524856736,6301.5498046875,-19.49678487760405
2011-08-16,5035.7998046875,-0.0073232318857235,-0.0763559519290024,5310.668971412185,5433.414476908949,5542.888159481919,6301.5498046875,-20.086328589491643
2011-08-17,5056.60009765625,0.004130484486176,-0.066755203674469,5286.471935816381,5418.637442428451,5538.049472299574,6301.5498046875,-19.75624640949717
2011-08-18,4944.14990234375,-0.0222383010601572,-0.0868095653939208,5253.869837390416,5400.030087915326,5532.140023842302,6301.5498046875,-21.54073116003984
2011-08-19,4845.64990234375,-0.0199225351062488,-0.1156201256200374,5214.991748338352,5378.289688481146,5525.309276364705,6301.5498046875,-23.10383869791456
2011-08-22,4898.7998046875,0.010968580771393,-0.1157720602168278,5184.878229895414,5359.486163626493,5519.075351273389,6301.5498046875,-22.260396941662574
2011-08-23,4948.89990234375,0.0102270147084415,-0.1051865531668292,5162.404103461922,5343.384741615406,5513.401963721851,6301.5498046875,-21.465352877756537
2011-08-24,4888.89990234375,-0.0121239065618572,-0.1180842604232434,5136.35608430781,5325.561806742007,5507.188012862367,6301.5498046875,-22.417499601335056
2011-08-25,4839.60009765625,-0.0100840282419907,-0.1208879017991573,5108.093609388614,5306.504484817076,5500.54534703942,6301.5498046875,-23.19984372643944
2011-08-26,4747.7998046875,-0.0189685699471755,-0.1308137120825236,5073.779913702793,5284.594497361014,5493.055341642884,6301.5498046875,-24.65663286266849
2011-08-29,4919.60009765625,0.0361852436994356,-0.1019185846109799,5059.096121698361,5270.280991490239,5487.349319314659,6301.5498046875,-21.9303147616681
2011-08-30,5001.0,0.0165460404764463,-0.0753785901584704,5053.563157727088,5259.720952608269,5482.51002260506,6301.5498046875,-20.63857058973123
2011-09-02,5040.0,0.0077984403119375,-0.0693294521732434,5052.271428419746,5251.104444662847,5478.10693780302,6301.5498046875,-20.0196752194052
2011-09-05,5017.2001953125,-0.0045237707713293,-0.0713015907734148,5048.931310980961,5241.931729002049,5473.520801061821,6301.5498046875,-20.38148787492908
2011-09-06,5064.2998046875,0.0093876280677427,-0.0744812605782668,5050.39497704825,5234.965771185793,5469.448950351629,6301.5498046875,-19.63405889579185
2011-09-07,5124.64990234375,0.0119167703303011,-0.0658932049679434,5057.466874695441,5230.639658682183,5466.018114053043,6301.5498046875,-18.67635643327449
2011-09-08,5153.25,0.0055808880999206,-0.0595229237063429,5066.589077105399,5227.604770106411,5462.905993515202,6301.5498046875,-18.22249827865076
2011-09-09,5059.4501953125,-0.0182020675665841,-0.0927926522340051,5065.909183601313,5221.0104730556695,5458.891507960946,6301.5498046875,-19.71101789040921
2011-09-12,4946.7998046875,-0.022265342334898,-0.1172734110122234,5054.565433228569,5210.25711351182,5453.79606812738,6301.5498046875,-21.49867956279976
2011-09-13,4940.9501953125,-0.0011825037612108,-0.1189225622529522,5043.74493437942,5199.69605789616,5448.693124119272,6301.5498046875,-21.591507669476773
2011-09-14,5012.5498046875,0.0144910607362378,-0.1112578827723256,5040.773969646856,5192.356989142879,5444.353389597562,6301.5498046875,-20.455285444878317
2011-09-15,5075.7001953125,0.0125984564913339,-0.1188020494249132,5044.100276853108,5187.782212914237,5440.685198609652,6301.5498046875,-19.45314481944004
2011-09-16,5084.25,0.0016844581749324,-0.122732066612937,5047.924060009955,5183.722126133286,5437.138579718014,6301.5498046875,-19.317467010766045
2011-09-19,5031.9501953125,-0.0102866312017505,-0.1414446416321745,5046.402739562578,5177.770285708942,5433.106854500049,6301.5498046875,-20.14741847204936
2011-09-20,5140.2001953125,0.0215125340669786,-0.1181223904008132,5055.33583058638,5176.29694883065,5430.19236037878,6301.5498046875,-18.42958709159313
2011-09-21,5133.25,-0.0013521254130992,-0.1277326350036483,5062.756227673392,5174.608833190232,5427.237710026752,6301.5498046875,-18.5398805198436
2011-09-22,4923.64990234375,-0.0408318507098329,-0.1767091537351275,5049.508006213426,5164.76730649037,5422.226886069708,6301.5498046875,-21.866047957262506
2011-09-23,4867.75,-0.0113533462883176,-0.1899301623023996,5032.197719907385,5153.119568980944,5416.709703123741,6301.5498046875,-22.753129771678505
2011-09-26,4835.39990234375,-0.0066458009668224,-0.1928893503014939,5013.455070615611,5140.659974210858,5410.9255260015525,6301.5498046875,-23.266497096525885
2011-09-27,4971.25,0.02809490433054,-0.1658346413868628,5009.435540080791,5134.016445810433,5406.550645145816,6301.5498046875,-21.11067667350557
2011-09-28,4945.89990234375,-0.0050993407405078,-0.1781898438340484,5003.384526962977,5126.639326458799,5401.967055665198,6301.5498046875,-21.51296021393546
2011-09-29,5015.4501953125,0.014062212002267,-0.1690289734391467,5004.53363823436,5122.278968374631,5398.121116756216,6301.5498046875,-20.40925882103345
2011-09-30,4943.25,-0.0143955562314185,-0.1801559001575586,4998.69710125966,5115.258224516802,5393.595035992473,6301.5498046875,-21.55501181117554
2011-10-03,4849.5,-0.0189652556516461,-0.1905763093000576,4984.487853520644,5104.836333359281,5388.181155037324,6301.5498046875,-23.04274106676697
2011-10-04,4772.14990234375,-0.0159501180856274,-0.2085921528749152,4964.265191503798,5091.78980665279,5382.051490831418,6301.5498046875,-24.27021843429823
2011-10-05,4751.2998046875,-0.004369120434798,-0.2266009245344998,4943.982773711769,5078.437257556112,5375.775354650882,6301.5498046875,-24.601090970459737
2011-10-07,4888.0498046875,0.028781597798793,-0.2064145906387178,4938.655824280887,5070.971082933814,5370.922364103983,6301.5498046875,-22.43098989630372
2011-10-10,4979.60009765625,0.0187294108339395,-0.1897555638147814,4942.555278888064,5067.3879070405765,5367.02861020898,6301.5498046875,-20.978168038089585
2011-10-11,4974.35009765625,-0.0010543015296491,-0.1959282075162689,4945.583356865986,5063.739365496093,5363.121361327859,6301.5498046875,-21.061480876402705
2011-10-12,5099.39990234375,0.0251389231221219,-0.1668055381146278,4960.232551673393,5065.137817921492,5360.497267208614,6301.5498046875,-19.07705151278045
2011-10-13,5077.85009765625,-0.0042259491509177,-0.1680361213472208,4971.434222719379,5065.636338695404,5357.684857561328,6301.5498046875,-19.41902777822978
2011-10-14,5132.2998046875,0.0107229843307863,-0.1635552167990679,4986.75475433539,5068.250592263721,5355.4422202193,6301.5498046875,-18.55495927573621
2011-10-17,5118.25,-0.0027375261037299,-0.1596890308391834,4999.278111065353,5070.211353351418,5353.082098625078,6301.5498046875,-18.777917200738223
2011-10-18,5037.5,-0.0157768768622087,-0.1919183690925068,5002.918290963891,5068.928555180774,5349.941978240749,6301.5498046875,-20.0593479995543
2011-10-19,5139.14990234375,0.0201786406637716,-0.1680656234307335,5015.892730142926,5071.682333500891,5347.844544649734,6301.5498046875,-18.44625430840968
2011-10-20,5091.89990234375,-0.0091941276082355,-0.1601197521936272,5023.131508447767,5072.475179337866,5345.297831790968,6301.5498046875,-19.19606985322776
2011-10-21,5049.9501953125,-0.0082385176134238,-0.1688624769820436,5025.685669101551,5071.5918466309895,5342.359049338446,6301.5498046875,-19.86177445497581
2011-10-24,5098.35009765625,0.0095842336006948,-0.1541236933840249,5032.606090868665,5072.641189808451,5339.9310995704645,6301.5498046875,-19.09371098100712
2011-10-25,5191.60009765625,0.0182902308028762,-0.1321442281298023,5047.748377229387,5077.306245018169,5338.455169203159,6301.5498046875,-17.61391628144552
2011-10-28,5360.7001953125,0.032571865027237,-0.1214127353417192,5077.553312284922,5088.419733265006,5338.676512746536,6301.5498046875,-14.93044788244211
2011-10-31,5326.60009765625,-0.0063611275418961,-0.1218997091747985,5101.272053748858,5097.760139711721,5338.556349412304,6301.5498046875,-15.47158615339388
2011-11-01,5257.9501953125,-0.0128881277147042,-0.1388597131409541,5116.193781516824,5104.042102676458,5337.754298127729,6301.5498046875,-16.56099914657031
2011-11-02,5258.4501953125,9.50940920751986e-05,-0.1354077284918612,5129.742011402126,5110.097321995519,5336.965202577329,6301.5498046875,-16.55306459054049
2011-11-03,5265.75,0.0013882045881137,-0.1242214189208997,5142.695153173352,5116.20134858393,5336.25659359646,6301.5498046875,-16.43722317194105
2011-11-04,5284.2001953125,0.0035038114822198,-0.1174908524228949,5156.171823853271,5122.789538651717,5335.738619484182,6301.5498046875,-16.144434955004716
2011-11-08,5289.35009765625,0.0009745850182432,-0.121034626853561,5168.855468977365,5129.321325279346,5335.277042152561,6301.5498046875,-16.062710577615537
2011-11-09,5221.0498046875,-0.0129127949006465,-0.1465455989116864,5173.826358092616,5132.918520550254,5334.140452725048,6301.5498046875,-17.146575580442992
2011-11-11,5168.85009765625,-0.0099979331712914,-0.1552786243411913,5173.352428527248,5134.327602005391,5332.49577257511,6301.5498046875,-17.97493858080237
2011-11-14,5148.35009765625,-0.0039660658778429,-0.1642967133095934,5170.971254158581,5134.877503795621,5330.663477302286,6301.5498046875,-18.30025537802503
2011-11-15,5068.5,-0.0155098422099541,-0.193145251744911,5161.21208709586,5132.274464431087,5328.054885488334,6301.5498046875,-19.567405525705407
2011-11-16,5030.4501953125,-0.0075071134827858,-0.1981046294248054,5148.758573592682,5128.281355838201,5325.093644790067,6301.5498046875,-20.171222140138823
2011-11-17,4934.75,-0.0190241810567324,-0.216898992636825,5128.376804679094,5120.69189090337,5321.209628423997,6275.7001953125,-21.6898992636825
2011-11-18,4905.7998046875,-0.0058665981686002,-0.2182864617478409,5107.178995156085,5112.264750267454,5317.076197342042,6194.25,-22.149313157245075
2011-11-21,4778.35009765625,-0.0259793942079478,-0.2285829442375994,5075.861957298958,5099.170058008191,5311.715738638702,6157.60009765625,-24.171826840092503
2011-11-22,4812.35009765625,0.0071154267278734,-0.2074065245760284,5050.765589713938,5087.922216425762,5306.746926290618,6157.60009765625,-23.632277030064685
2011-11-23,4706.4501953125,-0.0220058599633734,-0.2311732030463019,5017.973647389992,5072.962529323281,5300.773824489841,6157.60009765625,-25.312814447462785
2011-11-24,4727.867300279991,0.0045505857023242,-0.2105353171660511,4990.344471474754,5059.42938308629,5295.073262059893,6157.60009765625,-24.97294400874056
2011-11-25,4710.0498046875,-0.0037686116087555,-0.2148346405880994,4963.649741304539,5045.728223149083,5289.252133130814,6157.60009765625,-25.25569184291997
2011-11-28,4851.2998046875,0.0299890671770448,-0.1763917006691516,4952.949747341011,5038.103579287844,5284.894398519438,6157.60009765625,-23.01417976449556
2011-11-29,4805.10009765625,-0.0095231605737106,-0.2004825128691764,4938.868828323415,5028.966187851311,5280.120325874033,6157.60009765625,-23.74732809249709
2011-11-30,4832.0498046875,0.0056085630857918,-0.1858039842137411,4928.695587977138,5021.243976746848,5275.661912727899,6157.60009765625,-23.319660171643665
2011-12-01,4936.85009765625,0.0216885788029512,-0.1583599543696457,4929.472207946576,5017.934412860942,5272.290650886391,6157.60009765625,-21.65657257863928
2011-12-02,5050.14990234375,0.0229498166738522,-0.1292469671375921,4940.965321698688,5019.197765389679,5270.080295179499,6157.60009765625,-19.85860528171781
2011-12-05,5039.14990234375,-0.0021781531662842,-0.1239232379914624,4950.316234141075,5019.980202132976,5267.7824803254125,6157.60009765625,-20.033165514373863
2011-12-07,5062.60009765625,0.0046536014540057,-0.1316294858222555,4961.009935428235,5021.65157058487,5265.740864577461,6157.60009765625,-19.66103173713931
2011-12-08,4943.64990234375,-0.0234958703073482,-0.1567622874018994,4959.356598943999,5018.592681634238,5262.535979381106,6157.60009765625,-21.54866571606966
2011-12-09,4866.7001953125,-0.0155653633552749,-0.1835628386581402,4950.532179550522,5012.63611354319,5258.59731486301,6157.60009765625,-22.76978923990518
2011-12-12,4764.60009765625,-0.0209793275851655,-0.2074454908161672,4932.8243622272585,5002.9092109593885,5253.681919666923,6157.60009765625,-24.390027130912586
2011-12-13,4800.60009765625,0.0075557233056575,-0.198938684068626,4920.231575125258,4994.975520241618,5249.173642830996,6157.60009765625,-23.818739096765476
2011-12-14,4763.25,-0.0077802976495553,-0.2050982519087154,4905.280948922853,4985.888244938025,5244.3385817083,6157.60009765625,-24.41145198191107
2011-12-15,4746.35009765625,-0.0035479771886317,-0.2058377738384085,4890.1446773736525,4976.494592103446,5239.38347241425,6157.60009765625,-24.67963842600105
2011-12-16,4651.60009765625,-0.0199627077755574,-0.2120873445860969,4867.426145971996,4963.75363153689,5233.534881620638,6157.60009765625,-26.18323679365211
2011-12-19,4613.10009765625,-0.0082767218143706,-0.2000173246065637,4843.204617560972,4950.002512561178,5227.361401183181,6157.60009765625,-26.794197607948323
2011-12-20,4544.2001953125,-0.0149357050324477,-0.2241883924386202,4814.72800591826,4934.088696198485,5220.56377724417,6157.60009765625,-27.88757787913967
2011-12-21,4693.14990234375,0.0327779808611639,-0.2055809027407277,4803.149138911164,4924.64011604732,5215.315877991429,6157.60009765625,-25.52387828700994
2011-12-22,4733.85009765625,0.0086722555553093,-0.2036052522865824,4796.54923022022,4917.158154541788,5210.525173709488,6157.60009765625,-24.87800232674656
2011-12-23,4714.0,-0.0041932248057617,-0.1999728193989938,4788.687398770675,4909.191168089169,5205.584624717354,6157.60009765625,-25.193005750848428
2011-12-26,4702.926995549038,-0.0023489614872638,-0.2094260146166777,4780.519741320995,4901.102377009164,5200.583056267918,6157.60009765625,-25.368724499317665
2011-12-27,4750.5,0.0101156161888087,-0.201200569019007,4777.660718338044,4895.196401440177,5196.104617897094,6157.60009765625,-24.61378316067151
2011-12-28,4705.7998046875,-0.009409576952426,-0.2157849764157219,4770.816821799896,4887.769083920464,5191.225963039287,6157.60009765625,-25.32313556917345
2011-12-29,4646.25,-0.0126545554760281,-0.2236063639095497,4758.953314961811,4878.297747296132,5185.803316640887,6157.60009765625,-26.26813809288917
2011-12-30,4624.2998046875,-0.0047242820150659,-0.2267057182796822,4746.129171126162,4868.337043664421,5180.216217019461,6157.60009765625,-26.61646820203425
2012-01-02,4566.5187982450525,-0.0124950822573997,-0.2403821405177288,4729.023421327961,4856.501034040132,5174.109775041606,6157.60009765625,-27.53340146818833
2012-01-03,4765.2998046875,0.0435300970443481,-0.2055317972186667,4732.47831498125,4852.92451524199,5170.04201414256,6157.60009765625,-24.378923401624757
2012-01-04,4749.64990234375,-0.0032841380364684,-0.2078635920040443,4734.113704253869,4848.874530422451,5165.85900805501,6157.60009765625,-24.62727345564017
2012-01-05,4749.9501953125,6.322423229598861e-05,-0.21622511591377,4735.6219414975485,4844.995144731865,5161.720611908319,6157.60009765625,-24.622508072868357
2012-01-06,4754.10009765625,0.0008736728119476,-0.2208756325426082,4737.381765893615,4841.430633081842,5157.664686393373,6157.60009765625,-24.55665280753881
2012-01-07,4754.10009765625,0.0,-0.2250223982955008,4738.973987966247,4838.005906202407,5153.649118346238,6157.60009765625,-24.55665280753881
2012-01-09,4742.7998046875,-0.0023769573077186,-0.2297648873799488,4739.338351463509,4834.272333593979,5149.561065474011,6146.35009765625,-24.7359784229667
2012-01-10,4849.5498046875,0.022507802225701,-0.2109870528630074,4749.8346803419845,4834.871450107451,5146.575878799519,6079.7998046875,-23.04195071059993
2012-01-11,4860.9501953125,0.0023508142166064,-0.2004752867742901,4760.417110339176,4835.894145997845,5143.733832197659,6048.25,-22.861036634248112
2012-01-12,4831.25,-0.006109956720219,-0.2012152275451576,4767.163099830684,4835.712022625381,5140.624540334996,5911.5,-23.332352361855424
2012-01-13,4866.0,0.0071927554980595,-0.1758967720893592,4776.576137942047,4836.899786443993,5137.891957844101,5911.5,-22.78090071778287
2012-01-16,4873.89990234375,0.0016234900007705,-0.1542553042762705,4785.845067885067,4838.350771381239,5135.265171222207,5911.5,-22.655536282229683
2012-01-17,4967.2998046875,0.0191632787326707,-0.136737331574963,4803.12647139006,4843.407596216778,5133.593874042757,5911.5,-21.17336276557711
2012-01-18,4955.7998046875,-0.0023151411133163,-0.1547691460047755,4817.666788846959,4847.815133803865,5131.824778825292,5911.5,-21.35585755426299
2012-01-19,5018.39990234375,0.0126316841122271,-0.127523081495406,4836.784228227606,4854.504732570135,5130.696173089157,5911.5,-20.36244958961143
2012-01-20,5048.60009765625,0.0060178933325731,-0.107161441310311,4856.957168173191,4862.116315514689,5129.879296716691,5911.5,-19.883199305974298
2012-01-23,5046.25,-0.0004654949116174,-0.1076086475971528,4874.985056918602,4869.337244318034,5129.047164411052,5911.5,-19.920493269032438
2012-01-24,5127.35009765625,0.0160713594562793,-0.1042443248034992,4899.01982270314,4879.455395429337,5129.030278174686,5911.5,-18.633506731277507
2012-01-25,5158.2998046875,0.0060361992923785,-0.093611902598567,4923.713154320698,4890.390470302206,5129.321517244465,5911.5,-18.14236236218552
2012-01-27,5204.7001953125,0.0089952876687846,-0.0887491935143981,4950.473824891345,4902.716341871237,5130.071553842157,5911.5,-17.406029363746235
2012-01-30,5087.2998046875,-0.0225566096450154,-0.1069428939370665,4963.504870586217,4909.954909040503,5129.64596429833,5911.5,-19.269069318420083
2012-01-31,5199.25,0.0220058183339908,-0.0947198885648369,4985.956787673244,4921.299814568326,5130.338541767998,5911.5,-17.492519123907236
2012-02-01,5235.7001953125,0.0070106640981872,-0.0794211264878889,5009.741874115079,4933.629241264176,5131.386916430133,5911.5,-16.91408688989734
2012-02-02,5269.89990234375,0.0065320216504889,-0.0596684535085103,5034.518829184476,4946.816326012395,5132.765155095941,5911.5,-16.37136790661151
2012-02-03,5325.85009765625,0.010616937010059,-0.0337980294418854,5062.264664277026,4961.6803954886245,5134.686398305496,5911.5,-15.483487987438604
2012-02-06,5361.64990234375,0.0067218949146268,-0.0261991686297449,5090.7775440929045,4977.365474188826,5136.9447416292605,5911.5,-14.915376875139374
2012-02-07,5335.14990234375,-0.004942508459647,-0.0151462545245694,5114.051102021556,4991.396236077255,5138.916932283137,5911.5,-15.335908344719885
2012-02-08,5368.14990234375,0.0061853932136946,-0.0117544362401049,5138.250987766527,5006.170889656333,5141.197857358367,5911.5,-14.812227646751708
2012-02-09,5412.35009765625,0.008233785590302,-0.020699308335595,5164.3556648988815,5022.099486048487,5143.895889600137,5911.5,-14.11080979427959
2012-02-10,5381.60009765625,-0.0056814506536293,-0.0026224162245749,5185.0456108757735,5036.197549248792,5146.261105600695,5911.5,-14.59878499011358
2012-02-13,5390.2001953125,0.0015980558756112,-0.001074834078484,5204.584142726891,5050.080005957173,5148.6883602246935,5911.5,-14.462309076682676
2012-02-14,5416.0498046875,0.0047956677745437,0.0194821702958298,5224.7237295802815,5064.431762770127,5151.348673104921,5911.5,-14.052098728812831
2012-02-15,5531.9501953125,0.021399432206973,0.0529928145682745,5253.98339298335,5082.765818948259,5155.135752927882,5911.5,-12.212862442228456
2012-02-16,5521.9501953125,-0.0018076807720491,0.0566708258436068,5279.504040824222,5099.988735668426,5158.785647876983,5911.5,-12.371553562824866
2012-02-17,5564.2998046875,0.00766932114146,0.0478907353460451,5306.627446906439,5118.19701288486,5162.820614611416,5911.5,-11.699502865970937
2012-02-21,5607.14990234375,0.0077008966375522,0.0277034278489278,5335.248633138564,5137.371636000895,5167.241801554027,5911.5,-11.019509864497312
2012-02-22,5505.35009765625,-0.0181553563682947,0.0044426377770936,5351.448772616439,5151.802163908948,5170.606063206786,5911.5,-12.634982372732894
2012-02-23,5483.2998046875,-0.0040052480909683,0.0002918089858996,5364.006013766064,5164.802071390461,5173.717443719032,5911.5,-12.984900942801923
2012-02-24,5429.2998046875,-0.0098480845336665,-0.0211216880165998,5370.224470044296,5175.174531519757,5176.260551788369,5911.5,-13.841832994022583
2012-02-27,5281.2001953125,-0.0272778469973485,-0.0325612056605005,5361.745967688887,5179.332400688099,5177.304727345823,5911.5,-16.19204229118364
2012-02-28,5375.5,0.0178557527077269,-0.0259305068539075,5363.05587552804,5187.025247719939,5179.276819611039,5911.5,-14.695588123395364
2012-02-29,5385.2001953125,0.0018045196377081,-0.0153587356469404,5365.164858364656,5194.796814292196,5181.32580842399,5911.5,-14.541654636980894
2012-03-01,5339.75,-0.0084398339270769,-0.0179499380954557,5362.74439566326,5200.481252947405,5182.902168539174,5911.5,-15.26290887952756
2012-03-02,5359.35009765625,0.0036706021173744,0.0183650785256277,5362.421129186401,5206.711403720301,5184.657869326409,5911.5,-14.951872733440608
2012-03-03,5359.35009765625,0.0,0.0105213102589196,5362.128649993054,5212.697234855044,5186.39610045407,5911.5,-14.951872733440608
2012-03-05,5280.35009765625,-0.0147405932735292,-0.0099188866720574,5354.340216437167,5215.350288298229,5187.330966097873,5911.5,-16.205532586152305
2012-03-06,5222.39990234375,-0.0109746880871065,-0.0543070664307623,5341.774472237794,5215.626743750995,5187.679910737135,5911.5,-17.125150729444506
2012-03-07,5220.4501953125,-0.0003733354526096,-0.0570337034176158,5330.219779197289,5215.815898714192,5188.005983220472,5911.5,-17.156090848806883
2012-03-09,5333.5498046875,0.021664723375113,-0.0370481056759196,5330.536924482071,5220.432914634714,5189.454180449,5911.5,-15.361300473733284
2012-03-12,5359.5498046875,0.0048748021396836,-0.0189634367550127,5333.300055930207,5225.888478950509,5191.1466742225175,5911.5,-14.948703560182595
2012-03-13,5429.5,0.0130515057909008,-0.0165374235468529,5342.461955365426,5233.873244481862,5193.518349105876,5911.5,-13.838656072174704
2012-03-14,5463.89990234375,0.0063357403708905,-0.0121316394243807,5354.027474125266,5242.893897731347,5196.208712819686,5911.5,-13.292760167040996
2012-03-15,5380.5,-0.0152638049441526,-0.0207301806144768,5356.548667065717,5248.290215467373,5198.042456970735,5911.5,-14.61624256309716
2012-03-16,5317.89990234375,-0.0116346245992472,-0.0234232778547027,5352.867832330292,5251.020007109584,5199.235068367481,5911.5,-15.609650527748707
2012-03-19,5257.0498046875,-0.0114425052696895,-0.0496158718814968,5343.742305888121,5251.256469759699,5199.810339375641,5911.5,-16.57528754629589
2012-03-20,5274.85009765625,0.0033859852255686,-0.0320754191223041,5337.181143199372,5252.181710069368,5200.55700363714,5911.5,-16.29281270248034
2012-03-21,5364.9501953125,0.0170810726348951,-0.0265279859234232,5339.825814829193,5256.604003608314,5202.1927567881385,5911.5,-14.86300415618863
2012-03-22,5228.4501953125,-0.0254429202566062,-0.0400612690265544,5329.2186129704605,5255.499932694753,5202.454024833157,5911.5,-17.02913795232974
2012-03-23,5278.2001953125,0.0095152479494979,-0.01777173949587,5324.359716050655,5256.390139071919,5203.207718071758,5911.5,-16.239649627362564
2012-03-26,5184.25,-0.0177996650062527,-0.0336455566429003,5311.015933569641,5253.561114010276,5203.019084061094,5911.5,-17.730555804801863
2012-03-27,5243.14990234375,0.0113613159750687,-0.0315302773873253,5304.552502024318,5253.152831199824,5203.418395685797,5911.5,-16.795866654206936
2012-03-28,5194.75,-0.0092310735426646,-0.0520961634961908,5294.095120879145,5250.862524093948,5203.332142992406,5911.5,-17.56393012817562
2012-03-29,5178.85009765625,-0.0030607637217864,-0.0622102366294941,5283.119404381726,5248.038507370901,5203.088540551251,5911.5,-17.816247460205958
2012-03-30,5295.5498046875,0.0225339032469897,-0.0634390405999911,5284.303252029895,5249.901695500964,5204.008553129721,5911.5,-15.964326731999678
2012-04-02,5317.89990234375,0.0042205433770949,-0.0649435311716998,5287.502933012167,5252.56829184774,5205.141800385582,5911.5,-15.609650527748707
2012-04-03,5358.5,0.0076346111062295,-0.0658694276366833,5294.26455843958,5256.722476481162,5206.667752620552,5911.5,-14.965363028409271
2012-04-04,5322.89990234375,-0.0066436684998133,-0.0803002959477207,5296.9917340495,5259.317669652244,5207.824291423768,5911.5,-15.530304967450505
2012-04-09,5234.39990234375,-0.0166262754557966,-0.1027383925701735,5291.030607220381,5258.3405023068135,5208.088725363271,5911.5,-16.934721384728803
2012-04-10,5243.60009765625,0.0017576408918202,-0.0999733484191338,5286.513415833321,5257.762447222478,5208.442072351261,5911.5,-16.788722454344153
2012-04-11,5226.85009765625,-0.0031943702204687,-0.1153602171677778,5280.831195054552,5256.550198219881,5208.625236782157,5911.5,-17.054530081343145
2012-04-12,5276.85009765625,0.0095659908101095,-0.107139487475898,5280.452042921381,5257.346272707582,5209.304091119213,5911.5,-16.26107447836106
2012-04-13,5207.4501953125,-0.0131517668797479,-0.1161454244812661,5273.49948600625,5255.389563790128,5209.2856443947685,5911.5,-17.362389305582226
2012-04-16,5226.2001953125,0.0036006105285226,-0.1120512391244868,5268.994791654464,5254.244882673358,5209.453948384,5911.5,-17.06484345446394
2012-04-17,5289.7001953125,0.0121503190897576,-0.0945395078205237,5270.966734859991,5255.635287090579,5210.252418502691,5911.5,-16.05715483867668
2012-04-18,5300.0,0.0019471433743309,-0.0839483863519247,5273.731807730468,5257.375079753694,5211.145429263859,5911.5,-15.893706083898318
2012-04-19,5332.39990234375,0.0061131891214623,-0.0979616167903661,5279.319245312686,5260.3172296591865,5212.351941433809,5884.7001953125,-15.379548402883902
2012-04-20,5290.85009765625,-0.0077919521132009,-0.0916293490359954,5280.417421726359,5261.514597031621,5213.133017615127,5884.7001953125,-16.038906909526073
2012-04-23,5200.60009765625,-0.0170577503301367,-0.0922483445901403,5272.81577181492,5259.125793134547,5213.008311943894,5884.7001953125,-17.47109427290875
2012-04-24,5222.64990234375,0.0042398577613067,-0.090249548866655,5268.038069960522,5257.6953660447125,5213.104248166778,5884.7001953125,-17.121183451429587
2012-04-25,5202.0,-0.0039539128086075,-0.1110199538908756,5261.748729964282,5255.51123404296,5212.993758135268,5884.7001953125,-17.448879065743217
2012-04-26,5189.0,-0.0024990388312187,-0.1182218587561461,5254.820279491493,5252.902950355001,5212.755014273225,5874.5,-17.65517752251856
2012-04-27,5190.60009765625,0.0003083633949219,-0.1164184019650608,5248.704071697661,5250.45970122956,5212.534567341713,5868.39990234375,-17.62978539350516
2012-04-30,5248.14990234375,0.0110873123732815,-0.1056932060393978,5248.651293663955,5250.369120881097,5212.88894878452,5833.89990234375,-16.71652109390872
2012-05-02,5239.14990234375,-0.0017148900407705,-0.1019472411175689,5247.746399252506,5249.929151526691,5213.15025180501,5785.4501953125,-16.8593431024455
2012-05-03,5188.39990234375,-0.0096866859979128,-0.1031985883229092,5242.094351927863,5247.516239794028,5212.903979671068,5749.5,-17.66470053947232
2012-05-04,5086.85009765625,-0.0195724706265658,-0.1152534833192017,5227.309184854375,5241.215606769017,5211.649712188333,5728.9501953125,-19.276205769693
2012-05-07,5114.14990234375,0.0053667405493387,-0.1029852704572747,5216.532110329554,5236.232637968026,5210.679564826695,5728.9501953125,-18.84298210990073
2012-05-08,4999.9501953125,-0.0223301446402487,-0.1015767134787296,5195.905261280311,5226.966659824672,5208.582755179788,5728.9501953125,-20.65523005795791
2012-05-09,4974.7998046875,-0.0050301282297928,-0.1015594859402704,5174.847598747662,5217.077763544783,5206.256556667428,5728.9501953125,-21.05434442512979
2012-05-10,4965.7001953125,-0.0018291408161642,-0.0905061299312729,5154.928798420504,5207.2198196925365,5203.862961032055,5728.9501953125,-21.19874714600064
2012-05-11,4928.89990234375,-0.0074108970580802,-0.1121419216720012,5133.402236889385,5196.305313129839,5201.127010199336,5728.9501953125,-21.782735118949383
2012-05-14,4907.7998046875,-0.0042808939264959,-0.115886992064935,5111.916290965396,5184.991371622296,5198.208331537527,5728.9501953125,-22.117574933125795
2012-05-15,4942.7998046875,0.0071315052351097,-0.107999132923528,5095.809958938929,5175.4936631150495,5195.6669531609095,5728.9501953125,-21.562156011038336
2012-05-16,4858.25,-0.0171056502444864,-0.1270069144919701,5073.185200944746,5163.052735149754,5192.309570542393,5728.9501953125,-22.90388633624509
2012-05-17,4870.2001953125,0.0024597736453455,-0.1122735831130149,5053.853295646437,5151.568321822803,5189.104502132145,5728.9501953125,-22.714247347696425
2012-05-18,4891.4501953125,0.0043632703272553,-0.1178231308332206,5038.386333709872,5141.367610979262,5186.14276773593,5728.9501953125,-22.37702871642904
2012-05-21,4894.153064091327,0.0005525700295214,-0.1099921687413481,5024.649831841439,5131.67292286601,5183.237397550412,5728.9501953125,-22.334136588895326
2012-05-22,4860.5,-0.0068761772773805,-0.1063532804200029,5009.016514523207,5121.038690596754,5180.026080161851,5728.9501953125,-22.86818083411091
2012-05-23,4835.64990234375,-0.0051126628240407,-0.1079124423078949,4992.505408601353,5109.846973410362,5176.599451526845,5728.9501953125,-23.26252981851098
2012-05-24,4921.39990234375,0.0177328801157499,-0.0933476144869331,4985.733455624439,5102.456892192064,5174.060152529998,5728.9501953125,-21.901753459396687
2012-05-25,4920.39990234375,-0.0002031942170608,-0.1031560482358339,4979.51121245485,5095.317402394091,5171.5361699410805,5728.9501953125,-21.91762257145633
2012-05-28,4985.64990234375,0.0132611172455554,-0.0744261014712752,4980.0958495871255,5091.016716117607,5169.686555338122,5728.9501953125,-20.882163009564703
2012-05-29,4990.10009765625,0.0008926008443568,-0.0750252542097212,4981.048635117519,5087.059201668142,5167.89962541094,5728.9501953125,-20.811542361463356
2012-05-30,4950.75,-0.0078856329304359,-0.0744445509441196,4978.163050820612,5081.713742779196,5165.738932620781,5728.9501953125,-21.43599347072823
2012-05-31,4924.25,-0.0053527243346968,-0.0901826542720537,4973.028474551982,5075.538694042757,5163.336057669331,5728.9501953125,-21.85652494030874
2012-06-01,4841.60009765625,-0.0167842620386353,-0.1158671296515495,4960.511486276198,5066.3646314393645,5160.13470483338,5728.9501953125,-23.16810550232016
2012-06-04,4848.14990234375,0.0013528181913806,-0.114185778473177,4949.810383044537,5057.807191082674,5157.030378440449,5728.9501953125,-23.064165917765457
2012-06-05,4863.2998046875,0.0031248832335868,-0.1312241924789661,4941.571280343866,5050.179450439726,5154.1076861643005,5728.9501953125,-22.82375041977985
2012-06-06,4997.10009765625,0.0275122444311959,-0.1063841027081098,4946.859739135522,5048.097907193315,5152.545421602032,5728.9501953125,-20.70045857704585
2012-06-07,5049.64990234375,0.0105160600469353,-0.0902105608660489,4956.649278488687,5048.158769748235,5151.521585589511,5728.9501953125,-19.86653983774763
2012-06-08,5068.35009765625,0.0037032657063651,-0.0812797212749807,4967.287451742741,5048.950586528941,5150.694008595151,5728.9501953125,-19.569784342796385
2012-06-11,5054.10009765625,-0.002811565840053,-0.0863964938685596,4975.555322782123,5049.152528141777,5149.732875152973,5728.9501953125,-19.79591918964627
2012-06-12,5115.89990234375,0.0122276574451223,-0.0792365230848594,4988.921473216564,5051.770072228129,5149.396228657359,5728.9501953125,-18.815211163796352
2012-06-13,5121.4501953125,0.0010849103920518,-0.0733509856754874,5001.54325627332,5054.502626074574,5149.1181586738285,5728.9501953125,-18.72713294271142
2012-06-14,5054.75,-0.0130236930495875,-0.0844585398037164,5006.61056519967,5054.512327012827,5148.179172020357,5728.9501953125,-19.785605816525475
2012-06-15,5139.0498046875,0.0166773440204757,-0.0632086500319806,5019.2238261032735,5057.827522215755,5148.088332544408,5728.9501953125,-18.447842769333626
2012-06-18,5064.25,-0.0145551818974924,-0.0763386991313566,5023.512033141057,5058.079384089648,5147.254120280285,5728.9501953125,-19.634849251958887
2012-06-19,5103.85009765625,0.0078195384620132,-0.0721116084617307,5031.1632773806,5059.874314033436,5146.822239458155,5728.9501953125,-19.006430864679093
2012-06-20,5120.5498046875,0.003271982270584,-0.0600183928981183,5039.676279981257,5062.253745039478,5146.560822196756,5728.9501953125,-18.741421342436997
2012-06-21,5165.0,0.0086807466010405,-0.0429425116968545,5051.611872363994,5066.283009939892,5146.744296602758,5728.9501953125,-18.03603621194997
2012-06-22,5146.0498046875,-0.0036689632744433,-0.0410610654565667,5060.605961156709,5069.411119537837,5146.7373862354425,5728.9501953125,-18.33675898491613
2012-06-25,5114.64990234375,-0.006101748629628,-0.027244717978778,5065.753003174523,5071.185189451795,5146.418107788759,5728.9501953125,-18.835047553870908
2012-06-26,5120.7998046875,0.0012024092481739,-0.0293886843065593,5070.995555699568,5073.130860637509,5146.163199300189,5728.9501953125,-18.73745406442209
2012-06-27,5141.89990234375,0.0041204691573639,-0.0258416360174572,5077.7483506180615,5075.827685802459,5146.120778434952,5728.9501953125,-18.402614250245666
2012-06-28,5149.14990234375,0.0014099846628081,-0.0321146800105732,5084.54849840146,5078.703066843294,5146.150918971358,5728.9501953125,-18.287563187813262
2012-06-29,5278.89990234375,0.0251983341834622,-0.0351565177347498,5103.0581559197735,5086.553923137431,5147.471804378049,5728.9501953125,-16.228545898074742
2012-07-02,5278.60009765625,-5.679302374472783e-05,-0.0448738818835785,5119.776436085152,5094.08514566758,5148.776563515145,5728.9501953125,-16.23330353225668
2012-07-03,5287.9501953125,0.0017713214646439,-0.0464086015976015,5135.792984582995,5101.687696634048,5150.161375771836,5728.9501953125,-16.084925784781056
2012-07-04,5302.5498046875,0.002760920363422,-0.0531922220957055,5151.674586497709,5109.564642047909,5151.677678547117,5728.9501953125,-15.85324294758218
2012-07-05,5327.2998046875,0.0046675657771513,-0.0566809687982967,5168.40079775388,5118.103275876912,5153.42516238931,5728.9501953125,-15.460482424106049
2012-07-06,5316.9501953125,-0.0019427495644028,-0.055133990125043,5182.548359426129,5125.901194286152,5155.052277144765,5728.9501953125,-15.624721535051444
2012-07-09,5275.14990234375,-0.0078617048182249,-0.0664277670394213,5191.367553989711,5131.754084798215,5156.247278390526,5728.9501953125,-16.28805506829839
2012-07-10,5345.35009765625,0.0133077157260137,-0.0509135127266876,5206.032558148429,5140.130399027941,5158.128898482722,5728.9501953125,-15.174040302275593
2012-07-11,5306.2998046875,-0.0073054696615423,-0.0567333065877887,5215.581819723579,5146.6468463087085,5159.603235857895,5728.9501953125,-15.793733777358533
2012-07-12,5235.25,-0.0133897079514307,-0.0861763810962175,5217.454979749905,5150.121479786799,5160.355939978712,5680.2998046875,-16.921231089760123
2012-07-13,5227.25,-0.0015281027649108,-0.076563629586826,5218.387838821343,5153.146127638297,5161.0215525162375,5680.2998046875,-17.048183986237262
2012-07-16,5197.25,-0.0057391553876321,-0.0745802408028745,5216.374711314548,5154.875691260325,5161.382034580753,5680.2998046875,-17.524257348026516
2012-07-17,5192.85009765625,-0.0008465827781518,-0.0603132036910799,5214.13427191852,5156.364883668009,5161.695149636231,5680.2998046875,-17.594079891370974
2012-07-18,5216.2998046875,0.0045157681408585,-0.0660914300041209,5214.340513134613,5158.715272727597,5162.238479537239,5680.2998046875,-17.22195386272629
2012-07-19,5242.7001953125,0.0050611336797159,-0.0682183423590024,5217.041435246792,5162.008799103476,5163.039093624555,5680.2998046875,-16.803003105479853
2012-07-20,5205.10009765625,-0.007171895446142,-0.0673702304959373,5215.9041650000745,5163.698653948683,5163.457611077607,5680.2998046875,-17.399683268640352
2012-07-23,5117.9501953125,-0.016743175099167,-0.0806710241745735,5206.57521550602,5161.904596747265,5163.004800970492,5680.2998046875,-18.782674834920165
2012-07-24,5128.2001953125,0.0020027549329002,-0.086460372894477,5199.110927868542,5160.582855514529,5162.658486486333,5680.2998046875,-18.62001643630884
2012-07-25,5109.60009765625,-0.0036270225318527,-0.0821709384827262,5190.586086895943,5158.58353167695,5162.13054231887,5680.2998046875,-18.91518347033615
2012-07-26,5043.0,-0.0130343072615015,-0.0899740307618239,5176.530269096329,5154.050844160207,5160.945163788334,5680.2998046875,-19.972067883226277
2012-07-27,5099.85009765625,0.0112730711196211,-0.0948002873899429,5169.227395625845,5151.925324689463,5160.337252682542,5680.2998046875,-19.069907312917657
2012-07-30,5199.7998046875,0.0195985578237258,-0.0845906055175963,5172.139053631717,5153.802755277622,5160.729914891547,5607.14990234375,-17.48379421171038
2012-07-31,5229.0,0.0056156383724959,-0.0620375600415965,5177.554381857268,5156.751666835363,5161.409219220985,5607.14990234375,-17.020413040132887
2012-08-01,5240.5,0.0021992732836106,-0.0552209950733486,5183.549202632767,5160.0359151947605,5162.19619216406,5607.14990234375,-16.837918251447014
2012-08-02,5227.75,-0.0024329739528671,-0.0473782515602934,5187.758802382027,5162.691369500849,5162.848468858945,5607.14990234375,-17.040249430207442
2012-08-03,5215.7001953125,-0.0023049695734302,-0.0485771259918825,5190.419887423024,5164.770146983659,5163.374356684354,5607.14990234375,-17.231469131090183
2012-08-06,5282.5498046875,0.0128169961599939,-0.0424612109000154,5199.194165257736,5169.388957089693,5164.56018203762,5607.14990234375,-16.170625188775023
2012-08-07,5336.7001953125,0.0102508055062631,-0.0219643572706038,5212.289977643904,5175.950182118038,5166.273017990604,5607.14990234375,-15.311306571873518
2012-08-08,5338.0,0.0002435596229748,-0.0123593485608043,5224.262360725437,5182.305076936939,5167.981744179752,5607.14990234375,-15.290679825631935
2012-08-09,5322.9501953125,-0.0028193714289059,-0.0016597790050594,5233.661202114681,5187.820571775197,5169.523718817889,5607.14990234375,-15.529506862693587
2012-08-10,5320.39990234375,-0.0004791126866067,0.0209450520208682,5241.922030707926,5193.019761209258,5171.02497437536,5607.14990234375,-15.569977747599603
2012-08-13,5347.89990234375,0.0051687843968055,0.0448177986409592,5252.015161339909,5199.09349223414,5172.784923907384,5607.14990234375,-15.133577165959457
2012-08-14,5380.35009765625,0.0060678389470749,0.0606168118671732,5264.23753622718,5206.2015944075565,5174.850249019313,5607.14990234375,-14.618621380188124
2012-08-16,5362.9501953125,-0.0032339721445505,0.0391300514071886,5273.638741854353,5212.348598364613,5176.721890275962,5607.14990234375,-14.894742380307925
2012-08-17,5366.2998046875,0.0006245833455489,0.0443726541203381,5282.463604981319,5218.385900573354,5178.608237683043,5607.14990234375,-14.841587053780014
2012-08-21,5421.0,0.0101932797837196,0.0686089536240872,5295.6575473640505,5226.3315515312615,5181.020096014555,5607.14990234375,-13.973543524681665
2012-08-22,5412.85009765625,-0.0015033946400572,0.0748739639367273,5306.818742629975,5233.646004320477,5183.326862200044,5607.14990234375,-14.102875238249768
2012-08-23,5415.35009765625,0.0004618638896138,0.0709468799334718,5317.155062156287,5240.771655039527,5185.635551110056,5607.14990234375,-14.063202458100664
2012-08-24,5386.7001953125,-0.0052904986431348,0.0895098857659961,5323.778408171164,5246.494342893369,5187.636194335952,5607.14990234375,-14.51785096889142
2012-08-27,5350.25,-0.0067667020607938,0.1041346584721658,5326.299512154863,5250.563192191668,5189.2542421535045,5607.14990234375,-15.096283202901317
2012-08-28,5284.5451810023615,-0.0122807007144785,0.0787428332845434,5322.322909187958,5251.895819203853,5190.202410699265,5607.14990234375,-16.13896033843333
2012-08-29,5287.7998046875,0.0006158758367396,0.0684798458306361,5319.034994473629,5253.303818634584,5191.173529047407,5607.14990234375,-16.0873123504619
2012-08-30,5315.0498046875,0.0051533721030518,0.0871668291141434,5318.655452589236,5255.725229852345,5192.40612880502,5607.14990234375,-15.654879046836657
2012-08-31,5258.5,-0.0106395625187983,0.0865567183012945,5312.926361866452,5255.83404436794,5193.063779264671,5607.14990234375,-16.552274234373453
2012-09-03,5253.75,-0.0009032994199866,0.1065651914836374,5307.290517879171,5255.752317137824,5193.667622257063,5607.14990234375,-16.627652516656756
2012-09-04,5274.0,0.0038543897216274,0.072038355823391,5304.119992366869,5256.467912544184,5194.466949398784,5607.14990234375,-16.306302997449006
2012-09-05,5225.7001953125,-0.0091580972103716,0.0449310528519295,5296.651440266453,5255.261335397844,5194.77772796509,5607.14990234375,-17.07277801049376
2012-09-06,5238.39990234375,0.0024302402657239,0.0393650599888393,5291.103674750006,5254.600102729056,5195.211779451445,5607.14990234375,-16.871244936490235
2012-09-07,5342.10009765625,0.0197961586067727,0.0647572131260179,5295.960476931553,5258.031475079142,5196.673354756966,5607.14990234375,-15.22561491646942
2012-09-08,5342.10009765625,0.0,0.0548546301922368,5300.3547265243815,5261.328283807657,5198.120387024621,5607.14990234375,-15.22561491646942
2012-09-10,5363.4501953125,0.0039965738690701,0.0465983623309633,5306.363818789917,5265.333064650984,5199.765459743903,5607.14990234375,-14.886807824278105
2012-09-11,5390.0,0.00495013540178,0.0459418813370202,5314.3291693813535,5270.221964076436,5201.658340741476,5607.14990234375,-14.46548599853056
2012-09-12,5431.0,0.0076066790352504,0.0734367945813034,5325.44067705932,5276.526985093046,5203.940347301263,5607.14990234375,-13.814852404085244
2012-09-13,5435.35009765625,0.0008009754476616,0.0987608781955979,5335.9082409256935,5282.755342448466,5206.2429318819095,5607.14990234375,-13.745820216907823
2012-09-14,5577.64990234375,0.0261804303551413,0.128861794161635,5358.931256298842,5294.319834993379,5209.938523627799,5607.14990234375,-11.487648670256744
2012-09-17,5610.0,0.0057999512738611,0.1191908746230896,5382.842565222762,5306.699449307364,5213.919234835483,5610.0,-10.974281345409354
2012-09-18,5600.0498046875,-0.0017736533533868,0.1033058670130371,5403.528968981308,5318.203384812467,5217.761330057891,5610.0,-11.13218210983874
2012-09-20,5554.25,-0.008178463814583,0.0924423464621133,5417.88335288785,5327.460114819822,5221.109476027465,5610.0,-11.858984342734392
2012-09-21,5691.14990234375,0.0246477746489175,0.1310028282166475,5443.908738550317,5341.722459428604,5225.786495194791,5691.14990234375,-9.686504451487398
2012-09-24,5669.60009765625,-0.0037865466658373,0.1029920785627231,5465.403153703263,5354.580406025766,5230.202550940677,5691.14990234375,-10.028480716936729
2012-09-25,5673.89990234375,0.0007583964677293,0.1053231193383821,5485.259986907119,5367.102739214707,5234.617449959613,5691.14990234375,-9.960246634516212
2012-09-26,5663.4501953125,-0.0018417150832945,0.1502544469330753,5502.230482945727,5378.724208081288,5238.884442450686,5691.14990234375,-10.12607420638555
2012-09-27,5649.5,-0.0024631973146062,0.1605978121308613,5516.25615123661,5389.342866587904,5242.970169391476,5691.14990234375,-10.3474514190535
2012-09-28,5703.2998046875,0.0095229320625718,0.1794887537477663,5534.069832517647,5401.654903376123,5247.550563772531,5703.2998046875,-9.49369628968072
2012-10-01,5718.7998046875,0.0027177249190477,0.1503746149735982,5551.66316320049,5414.091958329511,5252.239610945814,5718.7998046875,-9.247725052756271
2012-10-03,5731.25,0.0021770643732439,0.1587881099825918,5568.76667146711,5426.529528591099,5257.0058834737165,5731.25,-9.050151508177784
2012-10-04,5787.60009765625,0.0098320781079608,0.1539542558044759,5589.607950151791,5440.689158750517,5262.285427893444,5787.60009765625,-8.155925493898996
2012-10-05,5746.9501953125,-0.0070236197487472,0.1625853831613817,5604.592925881382,5452.699395478438,5267.107962892638,5787.60009765625,-8.801003349405455
2012-10-08,5676.0,-0.0123457125781898,0.1704299412310548,5611.393599606965,5461.456281930265,5271.176540376294,5787.60009765625,-9.926919949472987
2012-10-09,5704.60009765625,0.0050387768950406,0.1953941544993263,5620.270408944992,5470.991333527362,5275.489212588035,5787.60009765625,-9.473061794849269
2012-10-10,5652.14990234375,-0.0091943684771259,0.1896007691974091,5623.306551173445,5478.095591128005,5279.237080147794,5787.60009765625,-10.305399821813433
2012-10-11,5708.0498046875,0.0098900247356443,0.1677560648448475,5631.377337222402,5487.113403424456,5283.503873426796,5787.60009765625,-9.41831800739742
2012-10-12,5676.0498046875,-0.0056061178677385,0.1398605697993797,5635.631857933364,5494.522674062223,5287.409803091082,5787.60009765625,-9.926129593305966
2012-10-15,5687.25,0.0019732376737164,0.1433151845664511,5640.547871463519,5502.080608412724,5291.3883125130615,5787.60009765625,-9.748392438802025
2012-10-16,5648.0,-0.00690140225944,0.1075813052834131,5641.257597990803,5507.802937494578,5294.936687512932,5787.60009765625,-10.37125508714296
2012-10-17,5660.25,0.0021689093484418,0.1146941896950768,5643.066398182155,5513.781253671262,5298.571645846137,5787.60009765625,-10.176858464412351
2012-10-18,5718.7001953125,0.010326433516629,0.1142568464315785,5650.269616956474,5521.817290598369,5302.752029422916,5787.60009765625,-9.249305765090345
2012-10-19,5684.25,-0.0060241303331023,0.1105846724954817,5653.505843913001,5528.187200770983,5306.548029130151,5787.60009765625,-9.795999774980944
2012-10-22,5717.14990234375,0.0057879055889078,0.1349180947580646,5659.567182811167,5535.597502793445,5310.633619908396,5787.60009765625,-9.27390753793671
2012-10-23,5691.39990234375,-0.0045039924507566,0.1074594068073675,5662.598870385699,5541.707400815026,5314.422339136609,5787.60009765625,-9.682537173472484
2012-10-25,5705.2998046875,0.0024422642200956,0.1204658210310474,5666.665626033489,5548.122789202182,5318.31166715204,5787.60009765625,-9.461958065561438
2012-10-29,5665.60009765625,-0.0069583910382119,0.1219120740864361,5666.564147140419,5552.72974247489,5321.767273425714,5787.60009765625,-10.091957165175293
2012-10-30,5597.89990234375,-0.0119493423724886,0.0979826404854282,5660.0246952550215,5554.501121293277,5324.5148617731575,5787.60009765625,-11.166299151048998
2012-10-31,5619.7001953125,0.0038943699153359,0.0824601451582367,5656.184266689067,5557.057947725403,5327.452029271061,5787.60009765625,-10.820347858994882
2012-11-01,5645.0498046875,0.0045108472861496,0.0530433710177713,5655.123841736537,5560.50860878274,5330.612206140877,5787.60009765625,-10.41807206715486
2012-11-02,5697.7001953125,0.0093268248193807,0.0696692244307091,5659.178732553295,5565.888670999594,5334.264822948555,5787.60009765625,-9.582557118342816
2012-11-05,5704.2001953125,0.0011408111654149,0.0848714771771392,5663.466490911314,5571.312652345198,5337.9457719273005,5787.60009765625,-9.47940788995515
2012-11-06,5724.39990234375,0.0035411988253584,0.0886097024265073,5669.269672952499,5577.316073913769,5341.791086657812,5787.60009765625,-9.158856475504306
2012-11-07,5760.10009765625,0.0062364956888989,0.0938802825155487,5677.920189590951,5584.484074844847,5345.953365374215,5787.60009765625,-8.592326075539148
2012-11-08,5738.75,-0.0037065497637683,0.0860205495413897,5683.713504868003,5590.533718968579,5349.861789599348,5787.60009765625,-8.931133167730465
2012-11-09,5686.25,-0.0091483336963624,0.0750375556572855,5683.955075832955,5594.28729861687,5353.208935971494,5787.60009765625,-9.764261550861663
2012-11-12,5683.7001953125,-0.0004484158606287,0.0886125219892806,5683.930801497673,5597.793686722582,5356.497406213693,5787.60009765625,-9.8047246871778
2012-11-15,5631.0,-0.0092721631158454,0.0894105833236111,5678.889772783609,5599.095895086402,5359.228775306094,5787.60009765625,-10.64102999215688
2012-11-16,5574.0498046875,-0.0101136912293553,0.0826866275518145,5668.905013917313,5598.113695462916,5361.366297986506,5787.60009765625,-11.54477902338943
2012-11-19,5571.39990234375,-0.0004753998325457,0.099220657461527,5659.618812815069,5597.066095732754,5363.456184597026,5787.60009765625,-11.586830620629506
2012-11-20,5571.5498046875,2.6905687327660743e-05,0.1075648477504478,5651.231288231491,5596.065456868234,5365.526767881508,5787.60009765625,-11.584451803538531
2012-11-21,5614.7998046875,0.0077626515989523,0.1378083600359694,5647.761623132064,5596.800137174872,5368.007096605946,5787.60009765625,-10.89811270695903
2012-11-22,5627.75,0.0023064393679161,0.1471625879683624,5645.855754262343,5598.013857285662,5370.591603107379,5787.60009765625,-10.69260460635071
2012-11-23,5626.60009765625,-0.0002043271900403,0.1775194329976075,5644.02188220462,5599.134886319803,5373.138951311846,5787.60009765625,-10.710852535501324
2012-11-26,5635.89990234375,0.0016528284445473,0.1711325626721529,5643.248360313109,5600.576651654075,5375.753488138034,5787.60009765625,-10.563272892782605
2012-11-27,5727.4501953125,0.016244130405985,0.2169363230523269,5651.267582694003,5605.55208473872,5379.252957861164,5787.60009765625,-9.11045103456848
2012-11-29,5825.0,0.0170319778192638,0.2320565764726594,5667.813527199336,5614.157885337201,5383.688251812794,5825.0,-7.562422252586365
2012-11-30,5879.85009765625,0.0094163257778969,0.2483626164217096,5688.00748629047,5624.577187781086,5388.625185602282,5879.85009765625,-6.691999906397039
2012-12-03,5870.9501953125,-0.0015136274217768,0.2101808652682684,5705.430601435425,5634.2388743509455,5393.424439430244,5879.85009765625,-6.833233454009868
2012-12-04,5889.25,0.0031170090153567,0.2256248320139176,5722.937210822527,5644.239310650909,5398.358027097605,5889.25,-6.542831802754378
2012-12-05,5900.5,0.0019102602198921,0.2211173805112714,5739.847952648953,5654.288749448912,5403.354464638923,5900.5,-6.3643042920834
2012-12-06,5930.89990234375,0.0051520892032455,0.2013530459754937,5758.043376429409,5665.136245640867,5408.603672974295,5930.89990234375,-5.881884835188266
2012-12-07,5907.39990234375,-0.0039622992103969,0.1697474365270137,5772.26780746887,5674.6367811978425,5413.566819535185,5930.89990234375,-6.254808968589853
2012-12-10,5908.89990234375,0.0002539188178889,0.1725985566723213,5785.280387933144,5683.823570262388,5418.495506926315,5930.89990234375,-6.231005300500392
2012-12-11,5898.7998046875,-0.0017093025475425,0.1651719849289246,5796.091760957368,5692.254010828079,5423.27465416772,5930.89990234375,-6.391284882020742
2012-12-12,5888.0,-0.001830847807196,0.1910228507905749,5804.844926580476,5699.930324128939,5427.898786962071,5930.89990234375,-6.562668192828925
2012-12-13,5851.5,-0.0061990489130434,0.2023547301385111,5809.288266906145,5705.874232986628,5432.113724405235,5930.89990234375,-7.141890783005856
2012-12-14,5879.60009765625,0.0048022041623942,0.2340175412724519,5815.984631739488,5712.68701199328,5436.566325134101,5930.89990234375,-6.695967184411944
2012-12-17,5857.89990234375,-0.003690760417728,0.2202432577551492,5819.976562273227,5718.381635144279,5440.758699036685,5930.89990234375,-7.040330015542118
2012-12-18,5896.7998046875,0.006640588434805,0.237978230134362,5827.293061550777,5725.378426106759,5445.296421480973,5930.89990234375,-6.4230231061400245
2012-12-19,5929.60009765625,0.0055623887625753,0.2492968229596652,5837.036588798917,5733.387119108699,5450.115363532468,5930.89990234375,-5.902511581429859
2012-12-20,5916.39990234375,-0.0022261527076198,0.2719063930978891,5844.594999612711,5740.56409100027,5454.755010684819,5930.89990234375,-6.111986960053073
2012-12-21,5847.7001953125,-0.0116117416275453,0.2676291585962997,5844.890732536501,5744.765506855652,5458.664913019424,5930.89990234375,-7.2021903093965385
2012-12-24,5855.75,0.0013765761613346,0.2886206039162642,5845.924948485405,5749.117839920137,5462.616008412266,5930.89990234375,-7.074447056752375
2012-12-26,5905.60009765625,0.0085130167196771,0.258344655623935,5851.608296025486,5755.254399047044,5467.023810295291,5930.89990234375,-6.283370270861255
2012-12-27,5870.10009765625,-0.0060112434660262,0.2400266118613605,5853.369419990321,5759.75815193368,5471.034519622266,5930.89990234375,-6.846723748978545
2012-12-28,5908.35009765625,0.0065160728716144,0.2533623457056109,5858.605675006123,5765.585287060056,5475.385918408674,5930.89990234375,-6.239730212697248
2012-12-31,5905.10009765625,-0.0005500689610944,0.2556223184508237,5863.033715258516,5771.056456103044,5479.661681386262,5930.89990234375,-6.291304826891075
2013-01-01,6002.8767564235895,0.016558001922126,0.2636305139298156,5876.35210013138,5780.147448272478,5484.867801535887,6002.8767564235895,-4.739676072094811
2013-01-02,5993.25,-0.0016036904994406,0.2735879656482745,5887.485233452201,5788.504411085322,5489.926330873839,6002.8767564235895,-4.892444148551622
2013-01-03,6009.5,0.0027113836399281,0.2934086629001884,5899.105687409135,5797.170904768251,5495.096218128826,6009.5,-4.63457107758245
2013-01-04,6016.14990234375,0.0011065649960479,0.300986129023334,5910.252755498145,5805.758316437878,5500.280831902109,6016.14990234375,-4.529043032103807
2013-01-07,5988.39990234375,-0.0046125845350344,0.3113709078883322,5917.695340912012,5812.920731571442,5505.137738075658,6016.14990234375,-4.969410891758863
2013-01-08,6001.7001953125,0.0022210094826073,0.2594590983360134,5925.695803235868,5820.3238477965815,5510.078658048164,6016.14990234375,-4.758347052211698
2013-01-09,5971.5,-0.0050319400052817,0.2572505600998758,5930.058107689595,5826.252324353579,5514.669915182013,6016.14990234375,-5.237597335848832
2013-01-10,5968.64990234375,-0.0004772833720589,0.2565710495730937,5933.733516704277,5831.836543098291,5519.187128984618,6016.14990234375,-5.282825854936791
2013-01-11,5951.2998046875,-0.0029068713930493,0.2518246739527978,5935.4064965122025,5836.521376886103,5523.486757598577,6016.14990234375,-5.558156498889555
2013-01-14,6024.0498046875,0.0122242203195173,0.2671272545686047,5943.848716338422,5843.875432878315,5528.467484435283,6024.0498046875,-4.403678596550609
2013-01-15,6056.60009765625,0.0054033904141066,0.2770094347373186,5954.586943130596,5852.217576595097,5533.722535313103,6056.60009765625,-3.887134349855337
2013-01-16,6001.85009765625,-0.0090397251126398,0.2376097451056085,5959.088195942562,5858.085518597495,5538.38052100806,6056.60009765625,-4.755968235120733
2013-01-17,6039.2001953125,0.0062230973863934,0.2423908809302772,5966.717910168271,5865.18805493926,5543.363801349398,6056.60009765625,-4.163255349975136
2013-01-18,6064.39990234375,0.0041726894648748,0.2552444817270376,5976.020957042126,5873.00028424924,5548.548240165263,6064.39990234375,-3.763358375226089
2013-01-21,6082.2998046875,0.0029516362100119,0.2499588583410399,5986.142752055971,5881.208108580153,5553.85920100628,6082.2998046875,-3.4793028190764685
2013-01-22,6048.5,-0.0055570763975578,0.240997993637787,5992.08153757445,5887.768574910343,5558.781000001243,6082.2998046875,-4.015675707256417
2013-01-23,6054.2998046875,0.0009588831425146,0.2188311643630265,5998.007086823312,5894.299211372192,5563.711535371256,6082.2998046875,-3.92363795674644
2013-01-24,6019.35009765625,-0.0057727083492281,0.2146071945769034,6000.039754521687,5899.203167697057,5568.245252408918,6082.2998046875,-4.478258774077004
2013-01-25,6074.64990234375,0.0091870058711209,0.210475454438515,6007.145482885692,5906.083431800849,5573.284104647076,6082.2998046875,-3.600699976614752
2013-01-28,6074.7998046875,2.467670502159791e-05,0.2032642093216394,6013.588751628721,5912.699760149346,5578.274310617628,6082.2998046875,-3.5983211595237874
2013-01-29,6049.89990234375,-0.0040988844314732,0.1988902456960615,6017.046956458724,5918.08015788246,5582.967102575101,6082.2998046875,-3.993460500090895
2013-01-30,6055.75,0.0009669742889437,0.1810681706264076,6020.732960605512,5923.478975220403,5587.671410012165,6082.2998046875,-3.900624644824013
2013-01-31,6034.75,-0.0034677785575693,0.1699106737681364,6022.0679167383205,5927.842544819603,5592.119953196124,6082.2998046875,-4.233875998076487
2013-02-01,5998.89990234375,-0.0059406102417249,0.1525927867558114,6019.861439176932,5930.629107859766,5596.167514879185,6082.2998046875,-4.802785215132621
2013-02-04,5987.25,-0.0019420064567502,0.1769013484291361,6016.7555878267485,5932.8495350025205,5600.058882890337,6082.2998046875,-4.98765882090948
2013-02-05,5956.89990234375,-0.0050691214925466,0.1457229220260134,6011.055046352177,5933.792686662961,5603.609539800322,6082.2998046875,-5.469287921637578
2013-02-06,5959.2001953125,0.0003861560554081,0.1381859107684864,6006.116489110303,5934.789059551179,5607.147755278055,6082.2998046875,-5.432784314746487
2013-02-07,5938.7998046875,-0.0034233437300943,0.1269283885347161,5999.705376308131,5934.946343674173,5610.447775670189,6082.2998046875,-5.756520399635068
2013-02-08,5903.5,-0.0059439290510581,0.1084615398014969,5990.542959516881,5933.713153726166,5613.363718200834,6082.2998046875,-6.316696955904478
2013-02-11,5897.85009765625,-0.0009570428294656,0.1000065660904323,5981.715067911106,5932.306759370483,5616.194428444172,6082.2998046875,-6.406355889323478
2013-02-12,5922.5,0.0041794725087274,0.1100906457001751,5976.075537633858,5931.922180571641,5619.242245076568,6082.2998046875,-6.015183826771287
2013-02-13,5932.9501953125,0.0017644905550864,0.1052132118594819,5971.968362174682,5931.962494875204,5622.363717218219,6082.2998046875,-5.849348506312079
2013-02-14,5896.9501953125,-0.0060678075518724,0.0895359850919659,5964.823774854474,5930.589463519805,5625.095920980351,6082.2998046875,-6.42063654045918
2013-02-15,5887.39990234375,-0.0016195308850228,0.0939868803904218,5957.450072710596,5928.895755238391,5627.705910844664,6082.2998046875,-6.572191209782686
2013-02-18,5898.2001953125,0.0018344758548591,0.0942451080836985,5951.80722724411,5927.692007790317,5630.397396262254,6082.2998046875,-6.400800150384633
2013-02-19,5939.7001953125,0.0070360446620616,0.0966849289627636,5950.654176583957,5928.162917104913,5633.475036053799,6082.2998046875,-5.742231999909498
2013-02-20,5943.0498046875,0.00056393576525,0.0743136859264108,5949.929950689057,5928.746716617956,5636.555382010353,6082.2998046875,-5.689076673381599
2013-02-21,5852.25,-0.0152783179800853,0.059815788445156,5940.627098242479,5925.746845378037,5638.701597114728,6082.2998046875,-7.129988948961119
2013-02-22,5850.2998046875,-0.0003332385514118,0.051399099624191,5932.024498856291,5922.788137899976,5640.807051916448,6082.2998046875,-7.160936816913377
2013-02-25,5854.75,0.0007606781636959,0.0441579237167808,5924.66502277474,5920.119975629389,5642.9358374695175,6082.2998046875,-7.090316168812016
2013-02-26,5761.35009765625,-0.0159528421100388,0.0465002216859895,5909.111220382502,5913.893705904952,5644.114088814659,6082.2998046875,-8.572489685464591
2013-02-27,5796.89990234375,0.0061703948006843,0.057191856879349,5898.424428188336,5909.305713608434,5645.634345665695,6082.2998046875,-8.008345851180277
2013-02-28,5693.0498046875,-0.0179147646855627,0.04857900824933,5878.864940235875,5900.825089729182,5646.106141277853,6082.2998046875,-9.656354688292046
2013-03-01,5719.7001953125,0.0046812150849369,0.0830303688144988,5863.706393100316,5893.7221526932335,5646.838420422477,6082.2998046875,-9.233436653030704
2013-03-04,5698.5,-0.0037065221232879,0.0600874337270951,5847.972450900285,5886.0663819993815,5647.352465990412,6082.2998046875,-9.569864928131055
2013-03-05,5784.25,0.0150478196016494,0.0741012014808379,5841.90364605264,5882.073582705289,5648.714630507921,6082.2998046875,-8.209088569016764
2013-03-06,5818.60009765625,0.0059385568839953,0.0896765012699565,5839.684260491079,5879.584426428856,5650.405033166114,6082.2998046875,-7.663983020050091
2013-03-07,5863.2998046875,0.0076822098582192,0.0940318691349604,5841.933359938357,5878.945813811548,5652.5233891016505,6082.2998046875,-6.954638360138032
2013-03-08,5945.7001953125,0.01405358643935,0.1094069405752522,5851.815915688276,5881.563632693938,5655.440571253002,6082.2998046875,-5.64701732755164
2013-03-11,5942.35009765625,-0.0005634488026979,0.1253704750171465,5860.438218732845,5883.947415633637,5658.295392411244,6082.2998046875,-5.700180402669419
2013-03-12,5914.10009765625,-0.0047540113819853,0.1324487224737565,5865.548873868407,5885.129873752171,5660.840712861444,6082.2998046875,-6.1484828183543065
2013-03-13,5851.2001953125,-0.0106355829805243,0.1208229130442346,5864.182333053559,5883.799298127086,5662.734837064937,6082.2998046875,-7.146648417187795
2013-03-14,5908.9501953125,0.0098697699740755,0.1078831944382139,5868.445938982982,5884.785607820632,5665.184741127102,6082.2998046875,-6.230207195743487
2013-03-15,5872.60009765625,-0.0061517014790691,0.095726378458137,5868.84157314234,5884.307744676931,5667.248575520427,6082.2998046875,-6.807050968829442
2013-03-18,5835.25,-0.0063600614779059,0.0747306381803112,5865.642375700212,5882.383911552346,5668.920231485398,6082.2998046875,-7.399763853975038
2013-03-19,5745.9501953125,-0.0153035096504006,0.0516206918153394,5854.243120425192,5877.033569739019,5669.686698787161,6082.2998046875,-8.816872461465097
2013-03-20,5694.39990234375,-0.0089715871555594,0.0583402847957903,5839.019956798387,5869.871465135283,5669.932601310113,6082.2998046875,-9.63492983729356
2013-03-21,5658.75,-0.006260519625444,0.0640948690113605,5821.851389484255,5861.592191992723,5669.821331645336,6082.2998046875,-10.200662132501815
2013-03-22,5651.35009765625,-0.0013076920421912,0.0750041007062873,5805.613171214922,5853.347403979528,5669.63753827231,6082.2998046875,-10.318092012025192
2013-03-25,5633.85009765625,-0.0030966051824072,0.0680588060994402,5789.254783256953,5844.739666476655,5669.281444335832,6082.2998046875,-10.595801473068924
2013-03-26,5641.60009765625,0.0013756134553923,0.0515661641342852,5775.1924322473615,5836.773408875854,5669.006008050464,6082.2998046875,-10.4728158546067
2013-03-28,5682.5498046875,0.0072585270707616,0.0868516658688107,5766.369324860708,5830.72542439788,5669.140772196106,6082.2998046875,-9.822980364918289
2013-04-01,5704.39990234375,0.0038451220679536,0.0807471659392062,5760.467475097188,5825.771482356541,5669.491609312003,6082.2998046875,-9.47623871669714
2013-04-02,5748.10009765625,0.0076607874729373,0.1087621348616001,5759.289629626623,5822.725545701628,5670.273783325379,6082.2998046875,-8.78275542025484
2013-04-03,5672.89990234375,-0.0130826175666569,0.0819640880013552,5751.062036552064,5816.850030275829,5670.299913862875,6082.2998046875,-9.976115746575864
2013-04-04,5574.75,-0.0173015396064364,0.0731507772270081,5734.270414023295,5807.355911441483,5669.349168451304,6082.2998046875,-11.533667545511728
2013-04-05,5553.25,-0.003856675187228,0.0722940218936225,5717.030374592506,5797.390973737895,5668.193952844824,6082.2998046875,-11.874853454794032
2013-04-08,5542.9501953125,-0.0018547345585918,0.0467185466570452,5700.451309899172,5787.412903995723,5666.947746302214,6082.2998046875,-12.038302209572391
2013-04-09,5495.10009765625,-0.0086326046545962,0.0333214612096031,5680.894051590322,5775.9496566882935,5665.237819450015,6082.2998046875,-12.797640771344232
2013-04-10,5558.7001953125,0.0115739652646866,0.0373612382779695,5669.256541468625,5767.430069967674,5664.17774358795,6082.2998046875,-11.78836369463303
2013-04-11,5594.0,0.0063503703108989,0.0509309028217646,5662.089251804947,5760.628890753255,5663.479457582101,6082.2998046875,-11.22818713836362
2013-04-12,5528.5498046875,-0.0117000706672327,0.0561955348906455,5649.371209222333,5751.527750123226,5662.13687397121,6082.2998046875,-12.266823622103129
2013-04-15,5568.39990234375,0.0072080561926859,0.0619421387288243,5641.659656186278,5744.34626589658,5661.204167785862,6082.2998046875,-11.63443795680843
2013-04-16,5688.9501953125,0.0216490006254777,0.0884089057506085,5646.163517055442,5742.173870971715,5661.48024766175,6082.2998046875,-9.72141184886468
2013-04-17,5688.7001953125,-4.394483892755652e-05,0.0780484740014078,5650.2146292704,5740.076864083118,5661.751092912006,6082.2998046875,-9.725379126879597
2013-04-18,5783.10009765625,0.0165942832462036,0.1105435252865063,5662.8703881642905,5741.764049713437,5662.958545695531,6082.2998046875,-8.227336498167382
2013-04-22,5834.39990234375,0.0088706409747758,0.1163751261531769,5679.206532371858,5745.396828247959,5664.664429841285,6082.2998046875,-7.413254148943704
2013-04-23,5836.89990234375,0.000428493082724,0.1034462610028739,5694.224948559658,5748.985184094853,5666.378215637329,6082.2998046875,-7.373581368794602
2013-04-25,5916.2998046875,0.0136030947373053,0.1162829820165094,5715.374934857548,5755.546541765153,5668.864997617928,6082.2998046875,-6.113575420977013
2013-04-26,5871.4501953125,-0.0075806857082302,0.1010896224665784,5730.239245377067,5760.091783080736,5670.880770729316,6082.2998046875,-6.825298897980048
2013-04-29,5904.10009765625,0.0055607901383232,0.1159076497502089,5746.797421784609,5765.73916796605,5673.201361046998,6082.2998046875,-6.307173938950717
2013-04-30,5930.2001953125,0.0044206732989859,0.14029152096987,5764.264352596789,5772.188620018853,5675.758563377998,6082.2998046875,-5.892988564476099
2013-05-02,5999.35009765625,0.0116606354029007,0.1487176452252605,5786.6534711738805,5781.096913259536,5678.978379639473,6082.2998046875,-4.795641015269836
2013-05-03,5944.0,-0.0092260156109031,0.142637447135717,5801.638854871606,5787.485269602299,5681.615410687837,6082.2998046875,-5.673997917488983
2013-05-06,5971.0498046875,0.0045507746782469,0.1507130091901136,5817.773231044548,5794.683878821326,5684.495354906739,6082.2998046875,-5.244741535711627
2013-05-07,6043.5498046875,0.0121419184852695,0.1643258372796603,5839.275761867686,5804.4433268945095,5688.068035999085,6082.2998046875,-4.094230911387586
2013-05-08,6069.2998046875,0.0042607409274642,0.1564646432787744,5861.182813564811,5814.829855435411,5691.861386931308,6082.2998046875,-3.685601275851813
2013-05-09,6050.14990234375,-0.0031552078427498,0.1547961053065492,5879.179679162805,5824.058092569072,5695.426446786158,6082.2998046875,-3.9894932220759793
2013-05-10,6094.75,0.0073717343166939,0.174687787124278,5899.7101859092045,5834.673461487932,5699.399815474852,6094.75,-3.28172927449798
2013-05-13,5980.4501953125,-0.0187538134767627,0.1756686516215553,5907.399710614281,5840.39019614772,5702.196336667267,6094.75,-5.095565683479098
2013-05-14,5995.39990234375,0.0024997628176834,0.1723160284363456,5915.780681255183,5846.469008155407,5705.113785081959,6094.75,-4.858327107341376
2013-05-15,6146.75,0.0252443707044602,0.2293622456004933,5937.777759230879,5858.244733325783,5709.508175280148,6146.75,-2.4565354473966017
2013-05-16,6169.89990234375,0.0037662020325781,0.2402307921074871,5959.884630003534,5870.466504659821,5714.089187489736,6169.89990234375,-2.0891670529338717
2013-05-17,6187.2998046875,0.0028201271688605,0.2460075238791419,5981.543218068674,5882.891339955025,5718.797750844938,6187.2998046875,-1.8130460528140824
2013-05-20,6156.89990234375,-0.0049132744983068,0.2491428157054014,5998.2438546663,5893.63677377419,5723.1569762329855,6187.2998046875,-2.295465509709216
2013-05-21,6114.10009765625,-0.0069515186808879,0.245792481554891,6009.277782570104,5902.282394318585,5727.04695754068,6187.2998046875,-2.974660406425933
2013-05-22,6094.5,-0.0032057207672742,0.2330056326012406,6017.394184230095,5909.820339639425,5730.70320671938,6187.2998046875,-3.285696552512896
2013-05-23,5967.0498046875,-0.0209123300209205,0.2282302896490506,6012.599481416514,5912.064632386408,5733.0549141618485,6187.2998046875,-5.308217983950192
2013-05-24,5983.5498046875,0.0027651855674202,0.2286044853857514,6009.83284553756,5914.867972476647,5735.54740063474,6187.2998046875,-5.046377634966104
2013-05-27,6083.14990234375,0.0166456536516539,0.2436291200865667,6016.815422376245,5921.467263843984,5739.006131995029,6187.2998046875,-3.465812524107803
2013-05-28,6111.25,0.0046193334222166,0.2486838723616107,6025.809191673746,5928.909724085397,5742.710051079656,6187.2998046875,-3.019888925513892
2013-05-29,6104.2998046875,-0.0011372788402536,0.2558995586230841,6033.284488151247,5935.78776646195,5746.307959075754,6187.2998046875,-3.1301823537643547
2013-05-30,6124.0498046875,0.0032354243126841,0.2664377960280553,6041.928804011842,5943.170591490403,5750.066584405225,6187.2998046875,-2.816767390586428
2013-05-31,5985.9501953125,-0.0225503733280051,0.2163104633016659,6036.597507945237,5944.848223012838,5752.413685011267,6187.2998046875,-5.008285567151061
2013-06-03,5939.2998046875,-0.0077933141945503,0.2070766446967886,6027.331060015929,5944.630637980473,5754.27324839113,6187.2998046875,-5.748585843605247
2013-06-04,5919.4501953125,-0.0033420790375549,0.1872976063822233,6017.056691948936,5943.6431696405525,5755.916800101792,6187.2998046875,-6.063581519117244
2013-06-05,5923.85009765625,0.0007432957789279,0.1871204949252547,6008.17987344487,5942.866970739207,5757.58777818691,6187.2998046875,-5.993758975772789
2013-06-06,5921.39990234375,-0.0004136153467944,0.1960611831225067,5999.915114292383,5942.025124919778,5759.217749571556,6187.2998046875,-6.032641399754867
2013-06-07,5881.0,-0.0068226944658406,0.1942935472406965,5988.589865312156,5939.631982766062,5760.429513257412,6187.2998046875,-6.673751977246423
2013-06-10,5878.0,-0.0005101173269852,0.214061442795628,5978.057497187188,5937.215042265432,5761.599368846891,6187.2998046875,-6.721359313425346
2013-06-11,5788.7998046875,-0.0151752628976692,0.1940224459414941,5960.032955044361,5931.39483687022,5761.870019949783,6187.2998046875,-8.136887208581346
2013-06-12,5760.2001953125,-0.0049405075905097,0.1844221879474756,5941.001263641327,5924.681321515015,5761.853404779263,6187.2998046875,-8.590737614615207
2013-06-13,5699.10009765625,-0.0106072871748401,0.1404814765125985,5917.963057357034,5915.83499901075,5761.228993763114,6187.2998046875,-9.560341911177296
2013-06-14,5808.39990234375,0.0191784321760639,0.1502579415748868,5907.528471165293,5911.621857964986,5761.698356037548,6187.2998046875,-7.825851062494394
2013-06-17,5850.0498046875,0.0071706327119356,0.1542315925241095,5902.054312453122,5909.207267640379,5762.577474929588,6187.2998046875,-7.164904094928282
2013-06-18,5813.60009765625,-0.0062306661051062,0.1502740320383058,5893.630101520087,5905.457966856688,5763.085162717913,6187.2998046875,-7.743328580348308
2013-06-19,5822.25,0.0014878736408507,0.1380695696044891,5886.831996613412,5902.194909332896,5763.673867566491,6187.2998046875,-7.606062310750383
2013-06-20,5655.89990234375,-0.0285714453443686,0.1043551507189144,5864.838463825826,5892.536281607831,5762.601489803081,6187.2998046875,-10.245890651589772
2013-06-21,5667.64990234375,0.0020774766532078,0.121252268132697,5846.058600827533,5883.717207911201,5761.656697888063,6187.2998046875,-10.059428584888972
2013-06-24,5590.25,-0.0136564367378695,0.0877983698272286,5821.695876939197,5872.208689953899,5759.951158605595,6187.2998046875,-11.28769630858728
2013-06-25,5609.10009765625,0.0033719596898618,0.1075875199005282,5801.44865986463,5861.890705942226,5758.4501530240095,6187.2998046875,-10.988561996545055
2013-06-26,5588.7001953125,-0.003636929630169,0.0949969314104461,5781.186901335856,5851.177352584198,5756.761098718423,6187.2998046875,-11.312290332843776
2013-06-27,5682.35009765625,0.0167570095140008,0.1097148381321204,5771.773872413988,5844.5566759203575,5756.020690747655,6187.2998046875,-9.8261495381763
2013-06-28,5842.2001953125,0.0281309836439296,0.1311133001573088,5778.481141261465,5844.464264916128,5756.878198255763,6187.2998046875,-7.289470425724575
2013-07-01,5898.85009765625,0.0096966725633953,0.1462870204410049,5789.944851394302,5846.597042670643,5758.290853971191,6187.2998046875,-6.390486777263837
2013-07-02,5857.5498046875,-0.0070014142222667,0.1452494142371938,5796.383418374606,5847.026562749736,5759.2785052221,6187.2998046875,-7.045885754480974
2013-07-03,5770.89990234375,-0.0147928579752593,0.1269528437845115,5793.956416847857,5844.041203518129,5759.394141014355,6187.2998046875,-8.420942764730965
2013-07-04,5836.9501953125,0.0114454061041544,0.1351738279953556,5798.051062415919,5843.763124764967,5760.1658430471725,6187.2998046875,-7.372783264037697
2013-07-05,5867.89990234375,0.0053023764115898,0.1395861479334375,5804.703332885236,5844.709665062174,5761.237823736691,6187.2998046875,-6.881638894945708
2013-07-08,5811.5498046875,-0.0096031116062056,0.1009016863735683,5805.355377818785,5843.409278380815,5761.73844046257,6187.2998046875,-7.775864909224495
2013-07-09,5859.0,0.0081648092001598,0.1099533761993929,5810.464389455092,5844.020679228626,5762.7062171743855,6187.2998046875,-7.022872442558537
2013-07-10,5816.7001953125,-0.0072196287229049,0.0999914863927255,5811.058275727226,5842.949287702504,5763.243470688198,6187.2998046875,-7.694132783245444
2013-07-11,5935.10009765625,0.0203551667385513,0.1192917212035558,5822.871782577609,5846.563044955592,5764.953486876935,6187.2998046875,-5.815231465101823
2013-07-12,6009.0,0.0124513320968138,0.1279635500732794,5840.59827947498,5852.933121624001,5767.381810390598,6187.2998046875,-4.64250563361227
2013-07-15,6030.7998046875,0.0036278589927609,0.1342592243960343,5858.7127104476,5859.908285665707,5770.002884960716,6187.2998046875,-4.296562090148026
2013-07-16,5955.25,-0.0125273275741599,0.1289252647311656,5867.906738024019,5863.647176423915,5771.846139836729,6187.2998046875,-5.495470406818015
2013-07-17,5973.2998046875,0.0030309062906679,0.1174758800750177,5877.944172944351,5867.947279493075,5773.850653914847,6187.2998046875,-5.20903603357743
2013-07-18,6038.0498046875,0.0108399045949758,0.1379021214281153,5893.19232834846,5874.617966755602,5776.479501186216,6187.2998046875,-4.181511027715623
2013-07-19,6029.2001953125,-0.0014656403410467,0.1516546860823264,5906.145458535511,5880.680014934304,5778.994134958617,6187.2998046875,-4.321946470571558
2013-07-22,6031.7998046875,0.0004311698551693,0.1539145448730212,5918.112539121415,5886.606281199135,5781.509614259402,6187.2998046875,-4.280692978088386
2013-07-23,6077.7998046875,0.0076262478015685,0.1694261012434461,5933.320850127709,5894.1040664339735,5784.45777535819,6187.2998046875,-3.550713823344853
2013-07-24,5990.5,-0.0143637183673226,0.1536054165522249,5938.76648344888,5897.884299122838,5786.507946747661,6187.2998046875,-4.936084206715641
2013-07-25,5907.5,-0.0138552708455054,0.1325077586014842,5935.788723120415,5898.261385431746,5787.711847775047,6187.2998046875,-6.2532205076659135
2013-07-26,5886.2001953125,-0.0036055530575539,0.122742093964357,5931.066006186328,5897.788397583932,5788.691831332634,6187.2998046875,-6.591229495100337
2013-07-29,5831.64990234375,-0.00926748855946,0.120372287359012,5921.597805820368,5895.194731103925,5789.119274825282,6187.2998046875,-7.456894207107723
2013-07-30,5755.0498046875,-0.0131352359862111,0.1244833546755721,5905.736091426762,5889.698851636615,5788.780275122419,6187.2998046875,-8.672469740594257
2013-07-31,5742.0,-0.0022675398355147,0.1196910770465926,5890.142177957547,5883.906739807728,5788.314799748066,6187.2998046875,-8.879558553536636
2013-08-01,5727.85009765625,-0.0024642811465952,0.1209977274510363,5874.685789357423,5877.786871488062,5787.713160921283,6187.2998046875,-9.104104939462587
2013-08-02,5677.89990234375,-0.008720583545463,0.1258972639983639,5855.944276308502,5869.948166815737,5786.620491681706,6187.2998046875,-9.896770186277648
2013-08-05,5685.39990234375,0.0013209109228755,0.1148170619674884,5839.7019549785255,5862.710979973698,5785.613321638542,6187.2998046875,-9.77775184583034
2013-08-06,5542.25,-0.0251785107121027,0.0658583422776755,5811.373197361523,5850.143882719828,5783.1917960501,6187.2998046875,-12.049413687450096
2013-08-07,5519.10009765625,-0.0041769863040732,0.0554790777694109,5783.537664056259,5837.161773501649,5780.564017956629,6187.2998046875,-12.416782081912825
2013-08-08,5565.64990234375,0.0084343106419229,0.0620455877003625,5762.786448655068,5826.514249142516,5778.425569045058,6187.2998046875,-11.67807801497245
2013-08-12,5612.39990234375,0.0083997378240254,0.0735784806740471,5748.463920434942,5818.117608091584,5776.773572361463,6187.2998046875,-10.93619702618419
2013-08-13,5699.2998046875,0.0154835549596992,0.0927199783855723,5743.78162369709,5813.458086389464,5776.002689101026,6187.2998046875,-9.557172737919297
2013-08-14,5742.2998046875,0.0075447864603708,0.0870318344357186,5743.640498077129,5810.667565538406,5775.667337017309,6187.2998046875,-8.874800919354687
2013-08-16,5507.85009765625,-0.0408285382173647,0.0320703610995574,5721.184269465617,5798.792370719498,5773.002488864463,6187.2998046875,-12.595309592583792
2013-08-19,5414.75,-0.0169031647567654,0.014378044211315,5692.0000533260345,5783.731885593244,5769.437787482727,6187.2998046875,-14.072725475054426
2013-08-20,5401.4501953125,-0.0024562176808716,0.0147474609229161,5664.328638277127,5768.740446758705,5765.776219401431,6187.2998046875,-14.283781566011712
2013-08-21,5302.5498046875,-0.0183099699245266,-0.0033550293180756,5629.873511268591,5750.458460795128,5761.167001344576,6187.2998046875,-15.85324294758218
2013-08-22,5408.4501953125,0.0199715975381096,0.0113222562266384,5608.78557641563,5737.046371952672,5757.657381384059,6187.2998046875,-14.172697781594213
2013-08-23,5471.75,0.0117038712388184,0.0169877239742382,5595.734569137951,5726.642592660411,5754.812531818048,6187.2998046875,-13.168186087654842
2013-08-26,5476.5,0.0008680952163384,0.0211730112255654,5584.378895886718,5716.833079222748,5752.043252894486,6187.2998046875,-13.092807805371542
2013-08-27,5287.4501953125,-0.0345201871062722,-0.0146934782335724,5556.099972022507,5699.99453475568,5747.420436401133,6187.2998046875,-16.092860340810876
2013-08-28,5285.0,-0.0004633982774291,-0.0250876222099243,5530.280927067983,5683.720239275065,5742.819238028983,6187.2998046875,-16.131742764792946
2013-08-29,5409.0498046875,0.0234720538670767,-0.0007020872368875,5518.735105888889,5672.948849683396,5739.498149140013,6187.2998046875,-14.163182513230332
2013-08-30,5471.7998046875,0.0116009284931377,0.0104240180252945,5514.265077203042,5665.060651840419,5736.834484021083,6187.2998046875,-13.167395731487808
2013-09-02,5550.75,0.0144285606437695,0.0304546009132373,5517.739831755133,5660.577881180011,5734.982897115401,6187.2998046875,-11.914526234943136
2013-09-03,5341.4501953125,-0.0377065810363463,-0.0016447464487641,5500.9503425701205,5648.06306996952,5731.067148838755,6187.2998046875,-15.235928289590216
2013-09-04,5448.10009765625,0.0199664694875079,0.0309496675781786,5495.916985911656,5640.221384780764,5728.251556289676,6187.2998046875,-13.543489038147394
2013-09-05,5592.9501953125,0.0265872680493817,0.0577083856984321,5505.158243949832,5638.367612644754,5726.905274090898,6187.2998046875,-11.244846606590295
2013-09-06,5680.39990234375,0.0156357028003828,0.0687387909957188,5521.847925701633,5640.01593773099,5726.442534073514,6187.2998046875,-9.857097406128544
2013-09-10,5896.75,0.0380871243883698,0.1213749168013691,5557.5528851586205,5650.083940172913,5728.137135724524,6187.2998046875,-6.423813462307059
2013-09-11,5913.14990234375,0.0027811764690295,0.1255103311622649,5591.41926774768,5660.400252414906,5729.978058775462,6187.2998046875,-6.163561574246912
2013-09-12,5850.7001953125,-0.0105611574309146,0.1093477806811717,5616.11268942052,5667.862995273636,5731.179274064388,6187.2998046875,-7.154582973217616
2013-09-13,5850.60009765625,-1.7108662708431588e-05,0.1195820424034832,5638.444823538209,5675.029156151385,5732.3675409658,6187.2998046875,-7.156171434141556
2013-09-16,5840.5498046875,-0.0017178225824691,0.1149492046367703,5657.692916980998,5681.520161976331,5733.443981400842,6187.2998046875,-7.315660659494883
2013-09-17,5850.2001953125,0.0016523085921216,0.0951124255195385,5676.0269434887605,5688.135065244416,5734.6057347730975,6187.2998046875,-7.162517529247436
2013-09-18,5899.4501953125,0.0084185153252467,0.104331646256643,5697.305348424355,5696.421933090223,5736.24597816155,6187.2998046875,-6.380963760310077
2013-09-19,6115.5498046875,0.0366304659282834,0.1402268282517684,5737.138153782749,5712.858320211685,5740.020145589669,6187.2998046875,-2.9516548430933764
2013-09-20,6012.10009765625,-0.0169158473620731,0.1154174578211966,5763.3250055802255,5724.593291876178,5742.727408794312,6187.2998046875,-4.593309836509407
2013-09-23,5889.75,-0.0203506421498116,0.0844687902780334,5775.365481239252,5731.070025528093,5744.1903201495925,6187.2998046875,-6.534897246724558
2013-09-24,5892.4501953125,0.0004584566938325,0.0840976366643528,5786.516406389084,5737.398659637285,5745.66554278803,6187.2998046875,-6.492047544727575
2013-09-25,5873.85009765625,-0.0031565981959502,0.0531048381484171,5794.833900795481,5742.749696422343,5746.941010995673,6187.2998046875,-6.787214578754885
2013-09-26,5882.25,0.0014300505127124,0.0485294117647059,5803.159243576863,5748.220296562643,5748.287369095219,6187.2998046875,-6.653915587171866
2013-09-27,5833.2001953125,-0.0083386127225976,0.0416336280491367,5806.020286599305,5751.552841611657,5749.132272838675,6187.2998046875,-7.432292434261356
2013-09-30,5735.2998046875,-0.0167833071636511,0.0325966250506368,5799.285002607705,5750.915467614631,5748.994636339658,6187.2998046875,-8.985884703772184
2013-10-01,5780.0498046875,0.0078025563656543,0.0156207275979742,5797.453078996256,5752.057990637097,5749.303642989886,6187.2998046875,-8.27574193910321
2013-10-03,5909.7001953125,0.0224306701509484,0.0423486830677009,5808.1432805501845,5758.24003787927,5750.899628585136,6187.2998046875,-6.21830536169875
2013-10-04,5907.2998046875,-0.0004061780709119,0.0411357102453178,5817.586759039453,5764.085518930573,5752.455849242871,6187.2998046875,-6.256397429513793
2013-10-07,5906.14990234375,-0.0001946578609126,0.0428536843551881,5826.021344116052,5769.656671221286,5753.9851433035765,6187.2998046875,-6.274645358664399
2013-10-08,5928.39990234375,0.0037672596137747,0.0493671833514028,5835.77168299488,5775.881895971187,5755.720613542782,6187.2998046875,-5.9215576153373695
2013-10-09,6007.4501953125,0.0133341701421825,0.0533288448864324,5852.12201750132,5784.963005749278,5758.22538550069,6187.2998046875,-4.667099657868768
2013-10-10,6020.9501953125,0.0022472096415437,0.0528345808463759,5868.200891578576,5794.217405339992,5760.839562712748,6187.2998046875,-4.452866645063603
2013-10-11,6096.2001953125,0.0124980273144568,0.0636772423664122,5889.915110981807,5806.059867691855,5764.176484430159,6187.2998046875,-3.258715962575553
2013-10-14,6112.7001953125,0.0027066040273229,0.0561718315313288,5911.13273806092,5818.08497857894,5767.644382050878,6187.2998046875,-2.9968756135914654
2013-10-15,6089.0498046875,-0.0038690578417597,0.0595271574919917,5928.077220596785,5828.71105019104,5770.842445957711,6187.2998046875,-3.372186312673886
2013-10-17,6045.85009765625,-0.0070946548996846,0.06516034137707,5939.293685078639,5837.2263069543815,5773.578840501975,6187.2998046875,-4.057727304496495
2013-10-18,6189.35009765625,0.0237352891127138,0.0849752816501827,5963.1085815146025,5851.0350830603375,5777.715867936346,6189.35009765625,-1.7805097239378842
2013-10-21,6204.9501953125,0.0025204742679134,0.09780354423005,5986.141116162022,5864.914107070226,5781.966955770935,6204.9501953125,-1.5329500260894968
2013-10-22,6202.7998046875,-0.000346560497234,0.0866758379707386,6006.775276973972,5878.164526584629,5786.154347302443,6204.9501953125,-1.5670748158896353
2013-10-23,6178.35009765625,-0.0039417211261232,0.0884946944182785,6023.11573608657,5889.936509763908,5790.056792579596,6204.9501953125,-1.955069956593947
2013-10-24,6164.35009765625,-0.0022659771263707,0.0838894189030288,6036.566627664634,5900.697826936157,5793.781104072896,6204.9501953125,-2.177237525428932
2013-10-25,6144.89990234375,-0.003155271034962,0.0879780280353665,6046.884082395979,5910.274378912925,5797.274823458675,6204.9501953125,-2.4858948544249198
2013-10-28,6101.10009765625,-0.0071278304583601,0.0778852696711718,6052.047512420767,5917.757740432272,5800.297960515368,6204.9501953125,-3.180958863201277
2013-10-29,6220.89990234375,0.0196357710527519,0.0878171070137394,6068.128692413432,5929.645668350369,5804.483054463909,6220.89990234375,-1.2798423378921342
2013-10-30,6251.7001953125,0.0049510992705645,0.0998285077736729,6085.611692689534,5942.275257643002,5808.932976263398,6251.7001953125,-0.7910690373012508
2013-10-31,6299.14990234375,0.0075898884381608,0.1017989750035079,6105.948665037555,5956.270341748914,5813.810756622407,6299.14990234375,-0.0380843192251623
2013-11-01,6307.2001953125,0.0012779967286942,0.1081983876612078,6125.115477444692,5970.032296790623,5818.720104271065,6307.2001953125,0.0
2013-11-05,6253.14990234375,-0.0085696174681311,0.0960247693216986,6137.309232196983,5981.134947988785,5823.042788829002,6307.2001953125,-0.8569617468131119
2013-11-06,6215.14990234375,-0.0060769373185436,0.0969976340043552,6144.722629353818,5990.312005022313,5826.944352147558,6307.2001953125,-1.4594477758476998
2013-11-07,6187.25,-0.0044890151938618,0.1052805709172288,6148.772855129645,5998.035063648889,5830.5294829719605,6307.2001953125,-1.9017978119934555
2013-11-08,6140.75,-0.0075154551699058,0.0927184345389311,6148.008773688726,6003.631727819521,5833.616254285673,6307.2001953125,-2.639050452785774
2013-11-11,6078.7998046875,-0.0100883760635915,0.0768372317352852,6141.417443307657,6006.579495539834,5836.055891603104,6307.2001953125,-3.621264325726437
2013-11-12,6018.0498046875,-0.0099937490873041,0.056224370955592,6129.668144391451,6007.029311584841,5837.866776310412,6307.2001953125,-4.58444922740674
2013-11-13,5989.60009765625,-0.0047273964082334,0.0500332899568078,6116.32833041667,6006.345812999406,5839.376560602411,6307.2001953125,-5.035516359418713
2013-11-14,6056.14990234375,0.0111108928146206,0.0579536729892282,6110.597051552582,6008.298914542322,5841.533509276454,6307.2001953125,-3.980376160492416
2013-11-18,6189.0,0.0219363952013202,0.0744604946220059,6118.063999023765,6015.385231619093,5844.990887293605,6307.2001953125,-1.874051744866867
2013-11-19,6203.35009765625,0.0023186456061157,0.0809584138804182,6126.186484607812,6022.756402836237,5848.556650580796,6307.2001953125,-1.6465324460991582
2013-11-20,6122.89990234375,-0.0129688303974485,0.076790486233238,6125.873476773139,6026.683598895355,5851.286434180427,6307.2001953125,-2.92206188580666
2013-11-21,5999.0498046875,-0.0202273595243394,0.0554831533223862,6113.795031812602,6025.599920691126,5852.75671647403,6307.2001953125,-4.885692241924033
2013-11-22,5995.4501953125,-0.0006000299201028,0.064722108917155,6102.524095003068,6024.417578519415,5854.176552084364,6307.2001953125,-4.942763672408745
2013-11-25,6115.35009765625,0.0199984819217566,0.0971107743805128,6103.7456190652765,6027.983559662036,5856.775293831348,6307.2001953125,-3.0417632501792524
2013-11-26,6059.10009765625,-0.0091981651257477,0.0875363829308566,6099.493664645369,6029.203816053966,5858.788475958959,6307.2001953125,-3.9336011221054568
2013-11-27,6057.10009765625,-0.0003300820200632,0.0871481562563154,6095.456182074977,6030.297787881506,5860.761725926096,6307.2001953125,-3.9653109131072783
2013-11-28,6091.85009765625,0.0057370688018589,0.0849630101807878,6095.11274546367,6032.711603951105,5863.061112709481,6307.2001953125,-3.414353294450645
2013-11-29,6176.10009765625,0.0138299529124024,0.0974368260239437,6102.825826624868,6038.334682135621,5866.175928480096,6307.2001953125,-2.0785783484989606
2013-12-02,6217.85009765625,0.0067599292984004,0.1050812195176771,6113.780519104047,6045.374502352116,5869.675173944535,6307.2001953125,-1.4166364613359628
2013-12-03,6201.85009765625,-0.002573236689323,0.1004187805175786,6122.168098013781,6051.51080020718,5872.980397066045,6307.2001953125,-1.6703147893505244
2013-12-04,6160.9501953125,-0.0065947905382631,0.0756881308814851,6125.86163108985,6055.802541191702,5875.845768192876,6307.2001953125,-2.31877846700812
2013-12-05,6241.10009765625,0.0130093410598792,0.0714334931598712,6136.836723143792,6063.0691120334495,5879.480139630323,6307.2001953125,-1.0480101409398035
2013-12-06,6259.89990234375,0.0030122581585512,0.0646359683283406,6148.557025924741,6070.787966555422,5883.265410901104,6307.2001953125,-0.7499412021819696
2013-12-09,6363.89990234375,0.0166136841838415,0.0839642120324632,6169.065871297979,6082.282552272612,5888.047843651777,6363.89990234375,0.0
2013-12-10,6332.85009765625,-0.004879052965001,0.075323699563824,6184.664369046386,6092.10873052295,5892.473736726449,6363.89990234375,-0.4879052965001018
2013-12-11,6307.89990234375,-0.0039398051316158,0.0690449796362595,6196.401086503278,6100.571129417884,5896.607330414184,6363.89990234375,-0.8799635578707887
2013-12-12,6237.0498046875,-0.0112319628962287,0.0516194687795636,6200.272392997013,6105.9232343304175,5899.994817720386,6363.89990234375,-1.9932761294616297
2013-12-13,6168.39990234375,-0.0110067907894779,0.0441818743126647,6197.236917696702,6108.373299742705,5902.665515079822,6363.89990234375,-3.0720156350667827
2013-12-16,6154.7001953125,-0.0022209498813532,0.0415983172893577,6193.185801279159,6110.190040745442,5905.173322843332,6363.89990234375,-3.2872878304418984
2013-12-17,6139.0498046875,-0.0025428355774208,0.0407286241192801,6188.029992079953,6111.321796194151,5907.500452015911,6363.89990234375,-3.5332123557355155
2013-12-18,6217.14990234375,0.012721854381539,0.0559018176534902,6190.803316866982,6115.471918003939,5910.5815410739,6363.89990234375,-2.3059759306703342
2013-12-19,6166.64990234375,-0.008122693001332,0.0538579684429205,6188.502991674293,6117.478897781971,5913.129484967132,6363.89990234375,-3.099514496250244
2013-12-20,6274.25,0.0174487119197985,0.0671218953311241,6196.669373419599,6123.626784143462,5916.722723922683,6363.89990234375,-1.4087258398067015
2013-12-23,6284.5,0.0016336613937921,0.072824750297554,6205.034194998685,6129.935537706464,5920.382199306538,6363.89990234375,-1.2476610814464273
2013-12-24,6268.39990234375,-0.002561874080078,0.0630172483320286,6211.069024269644,6135.365512790279,5923.845062023326,6363.89990234375,-1.5006521388689409
2013-12-26,6278.89990234375,0.0016750686241435,0.0589078182229465,6217.529107895749,6140.994312380612,5927.377946006614,6363.89990234375,-1.3356589717681722
2013-12-27,6313.7998046875,0.0055582829614344,0.0671692091311004,6226.697745685439,6147.770998353431,5931.22293962533,6363.89990234375,-0.7872546461297869
2013-12-30,6291.10009765625,-0.0035952528957914,0.075824663976306,6232.8313030159925,6153.391747345698,5934.803806869419,6363.89990234375,-1.1439495561627044
2013-12-31,6304.0,0.0020505002532953,0.0765486914571147,6239.609274157327,6159.297953332141,5938.477400830917,6363.89990234375,-0.9412451996878456
2014-01-01,6339.468973717992,0.0056264234958742,0.0734673646855856,6249.1197217345325,6166.363483543351,5942.467366730291,6363.89990234375,-0.3838986942073186
2014-01-02,6221.14990234375,-0.0186638773475769,0.059803035527054,6246.455929411601,6168.511970555132,5945.240327283659,6363.89990234375,-2.2431213908224223
2014-01-03,6211.14990234375,-0.0016074198752601,0.0512494689181699,6243.093450643234,6170.184046311548,5947.886193702168,6363.89990234375,-2.400257740442213
2014-01-06,6191.4501953125,-0.0031716682644893,0.04849199724318,6238.17504537364,6171.018012939036,5950.309716106251,6363.89990234375,-2.7098117455891857
2014-01-07,6162.25,-0.0047162125820873,0.0265494778659027,6230.944088671389,6170.674169294369,5952.418574652457,6363.89990234375,-3.16865295554829
2014-01-08,6174.60009765625,0.0020041539464075,0.030259057715972,6225.577994288995,6170.828127269345,5954.629336075381,6363.89990234375,-2.974588029233194
2014-01-09,6168.35009765625,-0.0010122113013233,0.0264331637667443,6220.1277184192095,6170.730949637459,5956.755910817479,6363.89990234375,-3.072798247745556
2014-01-10,6171.4501953125,0.0005025813397698,0.0258139001669903,6215.491763837618,6170.759155350206,5958.892172354744,6363.89990234375,-3.0240844448287563
2014-01-13,6272.75,0.016414262690549,0.0474834851201171,6220.944929186417,6174.758796316865,5962.015135813901,6363.89990234375,-1.4322962922496685
2014-01-14,6241.85009765625,-0.0049260535401139,0.0400136452219512,6222.935897612115,6177.389827741939,5964.79956329492,6363.89990234375,-1.9178460780401416
2014-01-15,6320.89990234375,0.0126644830379989,0.0585112454732899,6232.265802824652,6183.017673804756,5968.342850250629,6363.89990234375,-0.6756863033650751
2014-01-16,6318.89990234375,-0.0003164106426141,0.0586816123797888,6240.516669445518,6188.346388649423,5971.830980122203,6363.89990234375,-0.707113573289031
2014-01-17,6261.64990234375,-0.0090601213636515,0.0521482882465111,6242.529358292969,6191.221036245279,5974.714750492567,6363.89990234375,-1.6067191748622922
2014-01-20,6303.9501953125,0.006755454812783,0.0464638241216399,6248.378961818638,6195.6417875812485,5977.99072506789,6363.89990234375,-0.9420278123666193
2014-01-21,6313.7998046875,0.0015624503794975,0.0424660210157807,6254.609518282339,6200.275435310906,5981.332108944702,6363.89990234375,-0.7872546461297869
2014-01-22,6338.9501953125,0.0039834000765004,0.0561660308357065,6262.641963713783,6205.713661193321,5984.890497863785,6363.89990234375,-0.392050588697368
2014-01-23,6345.64990234375,0.0010569111327305,0.0507434258048127,6270.547481678542,6211.201356924711,5988.480143679506,6363.89990234375,-0.2867738380561091
2014-01-24,6266.75,-0.0124336992361662,0.0333668789846868,6270.185816756776,6213.379735084526,5991.248997971253,6363.89990234375,-1.5265781020215474
2014-01-27,6135.85009765625,-0.0208880045228786,0.0088042836901067,6257.391938747202,6210.339357146163,5992.687814883541,6363.89990234375,-3.5834913840098626
2014-01-28,6126.25,-0.001564591295983,0.012854426717368,6244.902230295088,6207.041735297294,5994.016791849875,6363.89990234375,-3.7343438141795193
2014-01-29,6120.25,-0.0009793919608243,0.0108931168657089,6233.030589314603,6203.638137834655,5995.272843672265,6363.89990234375,-3.828625623951387
2014-01-30,6073.7001953125,-0.007605866539357,0.0090292301950358,6217.856266076308,6198.542532245551,5996.053215330377,6363.89990234375,-4.560092262362159
2014-01-31,6089.5,0.0026013474783779,0.0024446014000774,6205.631859783327,6194.266354510432,5996.983034083309,6363.89990234375,-4.311819899032221
2014-02-03,6001.7998046875,-0.0144018713051153,-0.0120168569083826,6186.219283107534,6186.718646674239,5997.030962149022,6363.89990234375,-5.6899087542670586
2014-02-04,6000.89990234375,-0.000149938747215,-0.0080993075573063,6168.569818272888,6179.431637092651,5997.069459066383,6363.89990234375,-5.704049491198182
2014-02-05,6022.39990234375,0.0035827959722511,-0.0055071787402468,6154.648873898684,6173.273529847596,5997.321503278099,6363.89990234375,-5.366206339515644
2014-02-06,6036.2998046875,0.002308033768787,0.0002568134036207,6143.377533973809,6167.902011213867,5997.709347073218,6363.89990234375,-5.147788348078808
2014-02-07,6063.2001953125,0.0044564371378821,0.0107186807607222,6135.741596958446,6163.796057649108,5998.360997304455,6363.89990234375,-4.725085429462927
2014-02-10,6053.4501953125,-0.001608061697771,0.0110568617165642,6127.904320611214,6159.468768930025,5998.909148528416,6363.89990234375,-4.878293370342213
2014-02-11,6062.7001953125,0.0015280542007536,0.0177609653852204,6121.694403916098,6155.6739229058085,5999.543885312338,6363.89990234375,-4.732942246943916
2014-02-12,6084.0,0.0035132538310187,0.020942374915625,6118.104460685993,6152.863180831071,6000.384244662464,6363.89990234375,-4.3982448913231
2014-02-13,6001.10009765625,-0.0136258879591962,0.0104903844240678,6106.961188016494,6146.911687373236,6000.391367577825,6363.89990234375,-5.70090369513645
2014-02-14,6048.35009765625,0.0078735563865122,0.0245363085722452,6101.3791794107565,6143.046526992178,6000.868568872138,6363.89990234375,-4.958434443182968
2014-02-17,6056.422163134804,0.0013345896563894,0.0268864184156814,6097.097558813047,6139.649493115418,6001.421340954354,6363.89990234375,-4.831592952863795
2014-02-18,6127.10009765625,0.0116699154414399,0.0345462385236385,6099.954943464781,6139.157359960157,6002.67187584691,6363.89990234375,-3.72098568992717
2014-02-19,6152.75,0.0041863037872618,0.0370473031884135,6104.983044087183,6139.690404667602,6004.1651905151,6363.89990234375,-3.317932487687081
2014-02-20,6091.4501953125,-0.0099629929198326,0.0329831512151159,6103.694201346737,6137.798631751715,6005.033698025522,6363.89990234375,-4.281175241787039
2014-02-21,6155.4501953125,0.0105065293071342,0.0455294862613357,6108.623343629191,6138.490849930569,6006.530379590568,6363.89990234375,-3.275502604220415
2014-02-24,6186.10009765625,0.0049793112398326,0.0488114836408153,6116.002082107958,6140.357879253145,6008.317142954405,6363.89990234375,-2.793881227170436
2014-02-25,6200.0498046875,0.0022550082945691,0.0438321128700169,6124.006627115534,6142.698739074101,6010.224930633342,6363.89990234375,-2.574680623054837
2014-02-26,6238.7998046875,0.0062499497940651,0.0497640116976187,6134.939310693816,6146.467408313842,6012.499307489603,6363.89990234375,-1.965777268278168
2014-02-28,6276.9501953125,0.0061150208083831,0.0725704122880088,6148.4641568479765,6151.584380353005,6015.130659607244,6363.89990234375,-1.3662959563400356
2014-03-03,6221.4501953125,-0.0088418735648796,0.0634412599381009,6155.415208130312,6154.32421623377,6017.1835903107785,6363.89990234375,-2.2384026967298354
2014-03-04,6297.9501953125,0.0122961685135145,0.0756992519428669,6168.98996881433,6159.956607570191,6019.977287872985,6363.89990234375,-1.036309622138487
2014-03-05,6328.64990234375,0.0048745553837659,0.0984664696766615,6184.195676769513,6166.572030894645,6023.048657171202,6363.89990234375,-0.5539056324097458
2014-03-06,6401.14990234375,0.0114558398898239,0.1042367489829685,6204.857983967059,6175.771163108336,6026.810858615705,6401.14990234375,0.0
2014-03-07,6526.64990234375,0.0196058523725632,0.1464241709197566,6235.504833336268,6189.531113666588,6031.78438143887,6526.64990234375,0.0
2014-03-10,6537.25,0.0016241253652111,0.1429357792839407,6264.242468256623,6203.167148424761,6036.813890081269,6537.25,0.0
2014-03-11,6511.89990234375,-0.0038777922912922,0.1427393002270334,6287.828890550635,6215.274315245114,6041.541114083881,6537.25,-0.3877792291292259
2014-03-12,6516.89990234375,0.0007678250702534,0.1266629039795566,6309.645177388074,6227.102769641139,6046.271052275522,6537.25,-0.3112944687177377
2014-03-13,6493.10009765625,-0.0036520132339212,0.1159213537070009,6327.117074556472,6237.534037406438,6050.717112428565,6537.25,-0.6753589405904648
2014-03-14,6504.2001953125,0.0017095220294318,0.1093071157836109,6343.982133676094,6247.991533794911,6055.229381909998,6537.25,-0.5055612786339814
2014-03-18,6516.64990234375,0.0019141026809448,0.0960273287040907,6360.426683073014,6258.527156090944,6059.820630869538,6537.25,-0.3151187067383043
2014-03-19,6524.0498046875,0.0011355378077144,0.0978905142698813,6376.009837512489,6268.939808977084,6064.439826628921,6537.25,-0.2019227551722791
2014-03-20,6483.10009765625,-0.0062767312110075,0.0962107489904497,6386.208909907133,6277.338251670385,6068.605600469989,6537.25,-0.8283284614134412
2014-03-21,6493.2001953125,0.0015579117249633,0.1097210791923197,6396.398556136215,6285.803425930861,6072.830422309219,6537.25,-0.6738277515392577
2014-03-24,6583.5,0.0139068259057664,0.1141573007710594,6414.217741266099,6297.477801384553,6077.911711639476,6583.5,0.0
2014-03-25,6589.75,0.0009493430546061,0.1221179529370584,6430.935099240756,6308.939456232218,6083.00462993162,6589.75,0.0
2014-03-26,6601.39990234375,0.001767882293524,0.1312968428677006,6447.169842393422,6320.408493334631,6088.162791846169,6601.39990234375,0.0
2014-03-27,6641.75,0.0061123546903929,0.1559010736672041,6465.701285975001,6333.010121046998,6093.67112227556,6641.75,0.0
2014-03-28,6695.89990234375,0.0081529570284564,0.1758745464272353,6487.6249637244055,6347.241092862558,6099.663448445393,6695.89990234375,0.0
2014-03-31,6704.2001953125,0.0012396082811578,0.1847493166003975,6508.251176256605,6361.239489037065,6105.6787394589965,6704.2001953125,0.0
2014-04-01,6721.0498046875,0.0025132915014651,0.1892821517949985,6528.517712297642,6375.349697493945,6111.8018346354,6721.0498046875,0.0
2014-04-02,6752.5498046875,0.0046867678287447,0.1985675315530035,6549.8541020490575,6390.14185856036,6118.177436327461,6752.5498046875,0.0
2014-04-03,6736.10009765625,-0.002436073410348,0.1940052433802779,6567.591815916409,6403.708848328826,6124.325920519787,6752.5498046875,-0.2436073410348016
2014-04-04,6694.35009765625,-0.0061979482778954,0.1780539243376488,6579.664033224965,6415.106544380882,6129.997802879355,6752.5498046875,-0.8618923031245007
2014-04-07,6695.0498046875,0.0001045220254456,0.173664174900628,6590.653154316636,6426.08471145173,6135.620210857545,6752.5498046875,-0.8515301873091685
2014-04-09,6796.2001953125,0.0151082357227843,0.1823385257475953,6610.2290629829085,6440.599044152153,6142.193146026251,6796.2001953125,0.0
2014-04-10,6796.39990234375,2.9385101308232464e-05,0.1980468577518577,6627.959619112513,6454.552018983196,6148.70266598961,6796.39990234375,0.0
2014-04-11,6776.2998046875,-0.0029574624720535,0.215534293858469,6642.087255833941,6467.169579206894,6154.947413638346,6796.39990234375,-0.2957462472053529
2014-04-15,6733.10009765625,-0.0063751174352361,0.2124611889715482,6650.755145531303,6477.598226989222,6160.7001766634,6796.39990234375,-0.9313725736719958
2014-04-16,6675.2998046875,-0.008584499284196,0.2042864484571036,6653.092732117608,6485.351230036214,6165.820570972098,6796.39990234375,-1.7818271348995829
2014-04-17,6779.39990234375,0.0155948198136584,0.2337172720903255,6665.12198642486,6496.882550518862,6171.92583795092,6796.39990234375,-0.2501324266416027
2014-04-21,6817.64990234375,0.0056420923018238,0.2264827500668029,6679.648454607611,6509.461662355133,6178.350953019506,6817.64990234375,0.0
2014-04-22,6815.35009765625,-0.0003373310041498,0.2183321590375848,6692.572420612243,6521.457287268902,6184.689252966141,6817.64990234375,-0.0337331004149898
2014-04-23,6840.7998046875,0.0037341745716044,0.2373588095177112,6706.6893143336965,6533.980523246102,6191.217716167349,6840.7998046875,0.0
2014-04-24,6840.7998046875,0.0,0.228503685916702,6719.46174198644,6546.012651930078,6197.681219535709,6840.7998046875,0.0
2014-04-25,6782.75,-0.0084858212993929,0.1922674249440175,6725.489195130588,6555.296469501448,6203.5027994408265,6840.7998046875,-0.8485821299392904
2014-04-28,6761.25,-0.0031698057572518,0.1885403990126397,6728.8949860705325,6563.373078540607,6209.052522829476,6840.7998046875,-1.162872865143494
2014-04-29,6715.25,-0.006803475688667,0.1611851578916172,6727.595463587625,6569.329036244897,6214.089313647093,6840.7998046875,-1.8353088567431783
2014-04-30,6696.39990234375,-0.0028070582117195,0.1477444149232423,6724.624457754875,6574.31220746446,6218.888423982384,6840.7998046875,-2.110862859117779
2014-05-02,6694.7998046875,-0.0002389489396668,0.1469786901775149,6721.784014605601,6579.037211277128,6223.623860606315,6840.7998046875,-2.134253364642491
2014-05-05,6699.35009765625,0.0006796757336289,0.1323547350234579,6719.647451086616,6583.755363684153,6228.357455004822,6840.7998046875,-2.067736391500963
2014-05-06,6715.2998046875,0.0023807842251488,0.1437208153530267,6719.233389524795,6588.913969213696,6233.202652514103,6840.7998046875,-1.8345808031687167
2014-05-07,6652.5498046875,-0.0093443333618847,0.1267677875800856,6712.882571921243,6591.409492173453,6237.37526099344,6840.7998046875,-2.751871204753076
2014-05-08,6659.85009765625,0.0010973676534682,0.1230396745999398,6707.831860086481,6594.093437486505,6241.578990711479,6840.7998046875,-2.645154253852866
2014-05-09,6858.7998046875,0.0298730007603722,0.1432571350298441,6722.209759572293,6604.474079337524,6247.720491348056,6858.7998046875,0.0
2014-05-12,7014.25,0.0226643435789248,0.1800555181695828,6750.023115803503,6620.543723285073,6255.347650638126,7014.25,0.0
2014-05-13,7108.75,0.0134725736892753,0.1905360418228905,6784.187580965075,6639.689067469972,6263.839216303419,7108.75,0.0
2014-05-14,7108.75,0.0,0.1762540608975058,6815.0982875398295,6658.083613843698,6272.246288778012,7108.75,0.0
2014-05-15,7123.14990234375,0.0020256588491296,0.1736361905935723,6844.436536568775,6676.321507510367,6280.712991400557,7123.14990234375,0.0
2014-05-16,7203.0,0.0112099420552664,0.19054901386983,6878.585437847939,6696.975566039372,6289.889976560751,7203.0,0.0
2014-05-19,7263.5498046875,0.0084061925152714,0.1917715746646704,6915.248710880278,6719.194163633417,6299.57813405455,7263.5498046875,0.0
2014-05-20,7275.5,0.0016452279716989,0.2165472100582937,6949.558357463108,6741.010078785048,6309.288799387341,7275.5,0.0
2014-05-21,7252.89990234375,-0.0031063291397498,0.2097441405882554,6978.448028404122,6761.084189512841,6318.677964590887,7275.5,-0.3106329139749841
2014-05-22,7276.39990234375,0.0032400833206598,0.1837800304785048,7006.824397350753,6781.292648839543,6328.207536110816,7276.39990234375,0.0
2014-05-23,7367.10009765625,0.0124649822068307,0.1940388360040852,7041.136368808419,6804.265489969611,6338.544775529179,7367.10009765625,0.0
2014-05-26,7359.0498046875,-0.0010927356574551,0.1893798647210018,7071.413838892141,6826.021737605607,6348.699054426277,7367.10009765625,-0.1092735657455157
2014-05-27,7318.0,-0.0055781392675657,0.1885851834645311,7094.898235188128,6845.315002797544,6358.343839954374,7367.10009765625,-0.6664779493340989
2014-05-28,7329.64990234375,0.0015919516731006,0.1988109100721893,7117.255536821996,6864.308528269945,6368.008576893571,7367.10009765625,-0.5083437827105741
2014-05-29,7235.64990234375,-0.0128246234475595,0.1872425797594141,7128.531190681211,6878.870935096369,6376.641823912976,7367.10009765625,-1.7842868098713494
2014-05-30,7229.9501953125,-0.0007877256512097,0.2116456929239825,7138.190143503239,6892.638749222492,6385.132454474166,7367.10009765625,-1.8616538465030863
2014-06-02,7362.5,0.0183334326111177,0.2304568759889378,7159.552986979121,6911.064680625532,6394.857504678403,7367.10009765625,-0.062441090731391
2014-06-03,7415.85009765625,0.0072461932300509,0.2190806106551854,7183.962235615038,6930.860187175756,6405.01663495679,7415.85009765625,0.0
2014-06-04,7402.25,-0.0018339229457386,0.2112497443239926,7204.751546508844,6949.346062188472,6414.939355006972,7415.85009765625,-0.1833922945738697
2014-06-05,7474.10009765625,0.009706521349083,0.2243992491844648,7230.403789475263,6969.92465181466,6425.478267869154,7474.10009765625,0.0
2014-06-06,7583.39990234375,0.0146238079848268,0.2382982085709406,7264.022466891309,6993.982504776585,6436.999876172384,7583.39990234375,0.0
2014-06-09,7654.60009765625,0.0093889543251561,0.2787610734968095,7301.22033648797,7019.889077046376,6449.115301261776,7654.60009765625,0.0
2014-06-10,7656.39990234375,0.0002351271999239,0.2891081700070192,7335.046961807568,7044.850285881567,6461.128083362095,7656.39990234375,0.0
2014-06-11,7626.85009765625,-0.0038594907612459,0.2884389336860722,7362.837736650299,7067.673807911947,6472.727307384923,7656.39990234375,-0.385949076124592
2014-06-12,7649.89990234375,0.0030221919130917,0.2913729713333572,7390.176990525866,7090.506203772018,6484.440467533767,7656.39990234375,-0.0848962969921429
2014-06-13,7542.10009765625,-0.0140916621215491,0.2737022025266373,7404.645857871616,7108.215768238067,6494.9644439528965,7656.39990234375,-1.4928661792144804
2014-06-16,7533.5498046875,-0.0011336753501066,0.2809980963590375,7416.922424235034,7124.895534373339,6505.298626646773,7656.39990234375,-1.6045412886367627
2014-06-17,7631.7001953125,0.013028438540876,0.2983498120640524,7437.377450051935,7144.770226959188,6516.506602454393,7656.39990234375,-0.3226021021144554
2014-06-18,7558.2001953125,-0.0096308814705725,0.3056592817724015,7448.884378171989,7160.983166894613,6526.871712831091,7656.39990234375,-1.282583306564089
2014-06-19,7540.7001953125,-0.0023153660326241,0.3091038400798855,7457.628741709181,7175.8740307541375,6536.959558427921,7656.39990234375,-1.511150260004479
2014-06-20,7511.4501953125,-0.0038789501296155,0.3180063635663421,7462.754594433306,7189.033880344662,6546.655982675529,7656.39990234375,-1.893183596469128
2014-06-23,7493.35009765625,-0.0024096675323155,0.2900885310311718,7465.66845188311,7200.967849650999,6556.0758246156365,7656.39990234375,-2.129588406655558
2014-06-24,7580.2001953125,0.0115902895933575,0.2957496856246717,7476.576236971623,7215.839706343607,6566.266116861377,7656.39990234375,-0.9952419936675948
2014-06-25,7569.25,-0.0014445786430906,0.3019901391310935,7485.402309640992,7229.698933545818,6576.246055997085,7656.39990234375,-1.1382621526479064
2014-06-26,7493.2001953125,-0.0100472047676454,0.2869938933079994,7486.144965419231,7240.032316360198,6585.369977781318,7656.39990234375,-2.1315462764855297
2014-06-27,7508.7998046875,0.0020818353932086,0.3276047904553485,7488.302569159066,7250.572217863229,6594.558334267947,7656.39990234375,-1.9278002656453077
2014-06-30,7611.35009765625,0.0136573481296879,0.3429464114409606,7500.021381396894,7264.720370011975,6604.675665246936,7656.39990234375,-0.5883940920289432
2014-07-01,7634.7001953125,0.0030677997144605,0.3657171316689773,7512.847935103142,7279.229382768859,6614.924665546096,7656.39990234375,-0.283419195810386
2014-07-02,7725.14990234375,0.0118471851830912,0.3772529938575506,7533.067170078438,7296.716461967874,6625.971682827665,7725.14990234375,0.0
2014-07-03,7714.7998046875,-0.0013397924683778,0.3804282811875035,7550.375040041205,7313.111887172566,6636.8057934929375,7725.14990234375,-0.1339792468377898
2014-07-04,7751.60009765625,0.0047700904625405,0.3641539089352283,7569.539331242639,7330.307503269965,6647.8982741313785,7751.60009765625,0.0
2014-07-07,7787.14990234375,0.00458612470195,0.3329139094876934,7590.264147537982,7348.222891468938,6659.234111228019,7787.14990234375,0.0
2014-07-08,7623.2001953125,-0.021053878387766,0.2923197011467326,7593.400913992698,7359.006315149078,6668.825813557219,7787.14990234375,-2.1053878387766067
2014-07-09,7585.0,-0.0050110444870632,0.2949100311413672,7592.600826945774,7367.868812594212,6677.941974616351,7787.14990234375,-2.595942095360304
2014-07-10,7567.75,-0.0022742254449571,0.3113639342325953,7590.234081522367,7375.707290531694,6686.795785814199,7787.14990234375,-2.8174608822891134
2014-07-11,7459.60009765625,-0.014290892582835,0.2779961877431911,7577.792749725594,7378.997204536578,6694.485380956907,7787.14990234375,-4.206286109747481
2014-07-14,7454.14990234375,-0.0007306283501996,0.2703266971828237,7566.017240451133,7381.9443691564675,6702.04423191598,7787.14990234375,-4.276275712886624
2014-07-15,7526.64990234375,0.0097261258426268,0.2951192290003053,7562.267970155191,7387.619095948125,6710.249263462525,7787.14990234375,-3.345254724345237
2014-07-16,7624.39990234375,0.012987185702574,0.3013142007755163,7568.185297030292,7396.904617767562,6719.34528972005,7787.14990234375,-2.0899815984153025
2014-07-17,7640.4501953125,0.0021051221308336,0.3135368746475371,7575.067668295264,7406.4554247301085,6728.510512661268,7787.14990234375,-1.8838690518477972
2014-07-18,7663.89990234375,0.0030691525279016,0.2912840181701732,7583.527881061786,7416.5512865973105,6737.817869772537,7787.14990234375,-1.582735680520353
2014-07-21,7684.2001953125,0.0026488202126102,0.2787818597624396,7593.115720514235,7427.0473222332,6747.2346093301485,7787.14990234375,-1.3220460415211075
2014-07-22,7767.85009765625,0.0108859608310021,0.2880298383671449,7609.757089765856,7440.412136955673,6757.389987323443,7787.14990234375,-0.2478416998456856
2014-07-23,7795.75,0.0035917148236637,0.309055035472902,7627.470700264346,7454.346955114274,6767.721927748086,7795.75,0.0
2014-07-24,7830.60009765625,0.0044703970312349,0.3109337139768622,7646.816357158813,7469.101980311999,6778.297829936228,7830.60009765625,0.0
2014-07-25,7790.4501953125,-0.0051273084876045,0.2902262232525086,7660.495770316307,7481.7038710963325,6788.3689977509175,7830.60009765625,-0.5127308487604565
2014-07-28,7748.7001953125,-0.005359125461725,0.2851953732332279,7668.896191744516,7492.174315183242,6797.9245320550135,7830.60009765625,-1.0458956059863578
2014-07-30,7791.39990234375,0.0055105638307029,0.2917205733998018,7680.563211801586,7503.908651934635,6807.809859122564,7830.60009765625,-0.5006026974130995
2014-07-31,7721.2998046875,-0.0089971120125874,0.2704103545385703,7684.44288731453,7512.433795179845,6816.89931131724,7830.60009765625,-1.3958099201294203
2014-08-01,7602.60009765625,-0.0153730213867863,0.2691094395553377,7676.648335918503,7515.969728610293,6824.717229589271,7830.60009765625,-2.911654243054018
2014-08-04,7683.64990234375,0.0106608007321713,0.3006601612092678,7677.315151768526,7522.54542169788,6833.263823348022,7830.60009765625,-1.876614735523052
2014-08-05,7746.5498046875,0.0081862009778144,0.3160527246179117,7683.908928237,7531.329907305316,6842.351246047918,7830.60009765625,-1.073356983124529
2014-08-06,7672.0498046875,-0.0096171846665104,0.3155882011373985,7682.779487898952,7536.848334653637,6850.606953099058,7830.60009765625,-2.024752777455785
2014-08-07,7649.25,-0.0029718009225604,0.3291370638998936,7679.586203337148,7541.256243098593,6858.553650083148,7830.60009765625,-2.3159157075398284
2014-08-08,7568.5498046875,-0.0105500794604046,0.3181034142611458,7669.0113082276575,7542.326578847177,6865.61828843742,7830.60009765625,-3.346490558842141
2014-08-11,7625.9501953125,0.0075840672395985,0.3313808960246576,7664.910249854785,7545.605936355621,6873.183780048118,7830.60009765625,-2.613463844297237
2014-08-12,7727.0498046875,0.01325731309354,0.3608992651487026,7670.828302695996,7552.721382172558,6881.679959397764,7830.60009765625,-1.3223800433857291
2014-08-13,7739.5498046875,0.0016176937273546,0.3613026238483148,7677.373207647568,7560.047986977066,6890.215977758856,7830.60009765625,-1.1627498765516275
2014-08-14,7791.7001953125,0.0067381684905516,0.4058731012337047,7688.261492187085,7569.132387303946,6899.18596997332,7830.60009765625,-0.4967678320770496
2014-08-18,7874.25,0.0105945817495856,0.4267271585351191,7705.974683407363,7581.097783880263,6908.888099625327,7874.25,0.0
2014-08-19,7897.5,0.0029526621583007,0.4189717532671764,7724.215189749519,7593.505713924174,6918.725033957414,7897.5,0.0
2014-08-20,7875.2998046875,-0.0028110408752769,0.4031964830942924,7738.604200695993,7604.55646258156,6928.243190880102,7897.5,-0.2811040875276949
2014-08-21,7891.10009765625,0.0020063100276317,0.3845736087029605,7753.127619454113,7615.793467878607,6937.8238566191685,7897.5,-0.0810370667141513
2014-08-22,7913.2001953125,0.0028006358280532,0.3780541707092464,7768.372626678722,7627.456476797583,6947.529093820098,7913.2001953125,0.0
2014-08-25,7906.2998046875,-0.0008720101166007,0.435460236663278,7781.508548393844,7638.391509263855,6957.069100893405,7913.2001953125,-0.0872010116600763
2014-08-26,7904.75,-0.0001960214924535,0.4598550256244518,7793.245829499192,7648.836940273116,6966.498761581033,7913.2001953125,-0.1067860676329912
2014-08-27,7936.0498046875,0.0039596198092919,0.4692442802813552,7806.846208088555,7660.100189857994,6976.146035641795,7936.0498046875,0.0
2014-08-28,7954.35009765625,0.0023059700252814,0.5000990826384197,7820.894197571192,7671.639401928514,6985.879409393183,7954.35009765625,0.0
2014-09-01,8027.7001953125,0.0092213816032389,0.4842884570278749,7840.590006879888,7685.602570296514,6996.24578537248,8027.7001953125,0.0
2014-09-02,8083.0498046875,0.0068948276627618,0.4772330250262713,7863.681416194899,7701.188736351063,7007.059755713924,8083.0498046875,0.0
2014-09-03,8114.60009765625,0.0039032659368811,0.481712790588195,7887.578433476932,7717.400946598325,7018.080057623798,8114.60009765625,0.0
2014-09-04,8095.9501953125,-0.0022983144109759,0.5311633956362991,7907.423363175558,7732.246015175352,7028.805133620701,8114.60009765625,-0.2298314410975943
2014-09-05,8086.85009765625,-0.0011240308347646,0.5301513902850048,7924.51162360229,7746.152057625583,7039.332944208119,8114.60009765625,-0.341976186947468
2014-09-08,8173.89990234375,0.0107643648189705,0.51115264186701,7948.262888244334,7762.926482908649,7050.622167672156,8173.89990234375,0.0
2014-09-09,8152.9501953125,-0.0025630001934869,0.4899942407118316,7967.756917488921,7778.221530453898,7061.59060575813,8173.89990234375,-0.2563000193486986
2014-09-10,8094.10009765625,-0.0072182579614046,0.4581993600245462,7979.789601314381,7790.608925246147,7071.864332045673,8173.89990234375,-0.9762757758339902
2014-09-11,8085.7001953125,-0.0010377808826681,0.5137649701214613,7989.876324552297,7802.181131915416,7081.952251083154,8173.89990234375,-1.0790407037644334
2014-09-12,8105.5,0.0024487433628788,0.4877663506011853,8000.888103166364,7814.075989487361,7092.136805798745,8173.89990234375,-0.8368086612381642
2014-09-15,8042.0,-0.0078341866633767,0.4378815686111543,8004.803521912425,7823.014185978052,7101.588180865424,8173.89990234375,-1.613671612322165
2014-09-16,7932.89990234375,-0.0135662891887901,0.3965389829456569,7997.95555814398,7827.3234297571,7109.859939288094,8173.89990234375,-2.948408995452667
2014-09-17,7975.5,0.0053700535971294,0.3525246958070123,7995.816933558839,7833.134275648978,7118.473273225526,8173.89990234375,-2.4272367500715486
2014-09-18,8114.75,0.0174597203937056,0.3723227271447353,8007.143892267521,7844.178029545097,7128.386474486964,8173.89990234375,-0.7236435856865508
2014-09-19,8121.4501953125,0.0008256810514803,0.3881159389809947,8018.030206843233,7855.051447810486,7138.267705539955,8173.89990234375,-0.6416729793352505
2014-09-22,8146.2998046875,0.0030597502634865,0.392387048971422,8030.246359018877,7866.472952001742,7148.297875680727,8173.89990234375,-0.3376613120541938
2014-09-23,8017.5498046875,-0.0158047215406822,0.3727388812355965,8029.03716336827,7872.397534460007,7156.947148606168,8173.89990234375,-1.9127968231103296
2014-09-24,8002.39990234375,-0.0018895925454548,0.3678847962768368,8026.500281365935,7877.49566653388,7165.359613817487,8173.89990234375,-2.0981416710378897
2014-09-25,7911.85009765625,-0.0113153311247267,0.3411165169158872,8015.581216250726,7878.842899126914,7172.787379825833,8173.89990234375,-3.2059336157561846
2014-09-26,7968.85009765625,0.007204383209546,0.3030472078811648,8011.130633527443,7882.372593186888,7180.708401893798,8173.89990234375,-2.5085920691138464
2014-09-29,7958.89990234375,-0.0012486362763213,0.3238136047412847,8006.156278176615,7885.373664134216,7188.45160090325,8173.89990234375,-2.6303233776859947
2014-09-30,7964.7998046875,0.0007412962113033,0.3523154301434696,8002.217566415747,7888.488414744149,7196.176458652348,8173.89990234375,-2.558143605310037
2014-10-01,7945.5498046875,-0.0024168843501466,0.3484288439142446,7996.820636727342,7890.726116310555,7203.6329098566775,8173.89990234375,-2.793649303079593
2014-10-07,7852.39990234375,-0.0117235313645376,0.3368403639508897,7983.066281071762,7889.223127527543,7210.088302816748,8173.89990234375,-3.933251004307192
2014-10-08,7842.7001953125,-0.0012352538270948,0.3332823656445238,7969.698082428023,7887.398698813228,7216.382948513224,8173.89990234375,-4.051917823660689
2014-10-09,7960.5498046875,0.015026662557551,0.3646968281809557,7968.826817881306,7890.267369631827,7223.787593848291,8173.89990234375,-2.610138369752668
2014-10-10,7859.9501953125,-0.0126372690132234,0.3704514956460529,7958.457615731896,7889.078460834991,7230.117569982263,8173.89990234375,-3.8408802503347217
2014-10-13,7884.25,0.0030915977943464,0.3640453398180128,7951.390223757429,7888.889109429698,7236.62635038045,8173.89990234375,-3.543594927810368
2014-10-14,7864.0,-0.0025684117068839,0.330693561449636,7943.067345304341,7887.913065922651,7242.868874257262,8173.89990234375,-3.791334687801728
2014-10-15,7864.0,0.0,0.3312342796212644,7935.537121942023,7886.975298631567,7249.049283468633,8173.89990234375,-3.791334687801728
2014-10-16,7748.2001953125,-0.0147253057842701,0.3118868168648692,7917.695509882068,7881.533137717094,7254.015959208373,8173.89990234375,-5.208036703620344
2014-10-17,7779.7001953125,0.004065460262508,0.312276554123289,7904.55309897068,7877.539688995345,7259.246648124832,8173.89990234375,-4.822663743633793
2014-10-20,7879.39990234375,0.0128153662131249,0.3116046985278209,7902.157556434782,7877.61263853842,7265.41732727129,8173.89990234375,-3.6029313243187135
2014-10-21,7927.75,0.0061362664994155,0.3166941666735599,7904.594932012422,7879.57880957613,7272.007702124312,8173.89990234375,-3.011413221162273
2014-10-22,7995.89990234375,0.0085963737937939,0.3116202956215201,7913.290643472548,7884.140421057214,7279.210609589183,8173.89990234375,-2.1776630754795634
2014-10-27,7991.7001953125,-0.0005252325670084,0.3073927953216,7920.758219838258,7888.358451420167,7286.3000582033455,8173.89990234375,-2.229042552613192
2014-10-28,8027.60009765625,0.0044921482871451,0.3183666343928417,7930.933636773305,7893.8189081353075,7293.676177998897,8173.89990234375,-1.7898409135833735
2014-10-29,8090.4501953125,0.0078292511948372,0.3381824002630937,7946.125689967514,7901.529939005001,7301.60427767366,8173.89990234375,-1.0209289082109052
2014-10-30,8169.2001953125,0.0097336981377904,0.3198801273829976,7967.370880952751,7912.026811801374,7310.237072874047,8173.89990234375,-0.0574965082445255
2014-10-31,8322.2001953125,0.0187288836534806,0.3412194994892088,8001.164148987013,7928.1120425273,7320.30635767443,8322.2001953125,0.0
2014-11-03,8324.150390625,0.0002343365055792,0.3419988799790669,8031.924743428725,7943.642958138975,7330.294855514734,8324.150390625,0.0
2014-11-05,8338.2998046875,0.0016998027904968,0.3495997593031552,8061.103320691466,7959.119697219309,7340.324755506504,8338.2998046875,0.0
2014-11-07,8337.0,-0.0001558836594924,0.3524540086017849,8087.3791949113265,7973.938532622474,7350.241922118379,8338.2998046875,-0.0155883659492483
2014-11-10,8344.25,0.000869617368358,0.3579147150659667,8111.843081110248,7988.460550951005,7360.132549758992,8344.25,0.0
2014-11-11,8362.650390625,0.0022051581178657,0.3706790999606004,8135.729491540224,8003.134662310769,7370.1078516581565,8362.650390625,0.0
2014-11-12,8383.2998046875,0.0024692427756694,0.3476024267050266,8159.30761660187,8018.04309926672,7380.189363628598,8383.2998046875,0.0
2014-11-13,8357.849609375,-0.0030358207275695,0.3368922610271174,8178.2163778183585,8031.368844761162,7389.917326272841,8383.2998046875,-0.3035820727569582
2014-11-14,8389.900390625,0.0038348119131084,0.3319099435152886,8198.37675999042,8045.428905383274,7399.867406515152,8389.900390625,0.0
2014-11-17,8430.75,0.0048689027846677,0.3366866024429855,8220.507544753238,8060.539536544714,7410.1249447587825,8430.75,0.0
2014-11-18,8425.900390625,-0.0005752287014797,0.3474649612136884,8240.068768169596,8074.867413175313,7420.232163125611,8430.75,-0.0575228701479746
2014-11-19,8382.2998046875,-0.0051745907162648,0.348688275648269,8253.614581171301,8086.923585391478,7429.804975479461,8430.75,-0.5746842844646105
2014-11-20,8401.900390625,0.0023383303382371,0.3579377575861651,8267.737039214511,8099.275616969263,7439.477566674939,8430.75,-0.3421950523381678
2014-11-21,8477.349609375,0.0089800182389911,0.3805072034157066,8287.700141134557,8114.102048043998,7449.80465167693,8477.349609375,0.0
2014-11-24,8530.150390625,0.0062284539016308,0.4032622663518559,8310.790641086029,8130.417669321685,7460.554360522185,8530.150390625,0.0
2014-11-25,8463.099609375,-0.0078604453824977,0.4062860700792197,8325.29625711355,8143.464019912011,7470.529935137636,8530.150390625,-0.7860445382497749
2014-11-26,8475.75,0.0014947703806991,0.4150777784507831,8339.625185007499,8156.49484266056,7480.532124837759,8530.150390625,-0.637742456273549
2014-11-27,8494.2001953125,0.0021768215570894,0.4025742975789315,8354.346614560356,8169.738189823381,7490.61837429522,8530.150390625,-0.421448552091308
2014-11-28,8588.25,0.0110722378240391,0.3876635967038293,8376.62312745937,8186.150417673444,7501.540082013676,8588.25,0.0
2014-12-01,8555.900390625,-0.0037667288883066,0.3792386784453114,8393.697152522764,8200.650416612722,7512.031229363042,8588.25,-0.3766728888306647
2014-12-02,8524.7001953125,-0.0036466290966509,0.3922651572418125,8406.173632788454,8213.358251071537,7522.107537481943,8588.25,-0.7399622121794347
2014-12-03,8537.650390625,0.0015191379187295,0.4231671128907621,8418.695228772887,8226.075589877555,7532.212441493317,8588.25,-0.5891725249614344
2014-12-04,8564.400390625,0.0031331805328282,0.4284832850952569,8432.571910854042,8239.343229122553,7542.4829683503485,8588.25,-0.2777004555642892
2014-12-05,8538.2998046875,-0.0030475672256135,0.3962078488294336,8442.641234076276,8251.06701639961,7552.391593587535,8588.25,-0.5816108673187159
2014-12-08,8438.25,-0.0117177666486451,0.3926573028994917,8442.223021307107,8258.40752556041,7561.2061050941265,8588.25,-1.7465723517596676
2014-12-09,8340.7001953125,-0.0115604307394898,0.3770121115449079,8432.554180736191,8261.6346890801,7568.962265195802,8588.25,-2.8824242970046265
2014-12-10,8355.650390625,0.0017924388795202,0.3716112932325295,8425.230010249412,8265.321579336764,7576.790007737387,8588.25,-2.708346978429832
2014-12-11,8292.900390625,-0.0075098881674615,0.3427406064503469,8412.627189332801,8266.403101348067,7583.91548418403,8588.25,-3.4389964122492955
2014-12-12,8224.099609375,-0.008296347237907,0.3226596782181969,8394.672181717773,8264.744140878536,7590.285475479463,8588.25,-4.240100027654059
2014-12-15,8219.599609375,-0.0005471723609561,0.325346385344154,8377.998603399414,8262.973767094085,7596.547307657528,8588.25,-4.292497198206857
2014-12-16,8067.60009765625,-0.0184923255319376,0.3094733510091358,8348.436840947685,8255.312054567112,7601.234400095326,8588.25,-6.062351495866447
2014-12-17,8029.7998046875,-0.0046854445573883,0.2866000671424848,8318.090456541953,8246.468436924773,7605.498732479328,8588.25,-6.502491139784006
2014-12-18,8159.2998046875,0.0161274257328809,0.3034233665034487,8302.96753731772,8243.050059189978,7611.009190909261,8588.25,-4.99461700943149
2014-12-19,8225.2001953125,0.0080767213121817,0.2924779335833447,8295.561123793414,8242.350064528116,7617.120544186905,8588.25,-4.227285007859571
2014-12-22,8324.0,0.0120118419420121,0.3144160799070015,8298.269588194042,8245.552022781916,7624.154170612906,8588.25,-3.076878293016616
2014-12-23,8267.0,-0.0068476693897164,0.3105788183050164,8295.29153217556,8246.393119927723,7630.5506465272065,8588.25,-3.740575786685296
2014-12-24,8174.10009765625,-0.0112374382900387,0.3105715608544517,8283.749490792768,8243.558099446489,7635.959098777247,8588.25,-4.822285126117077
2014-12-26,8200.7001953125,0.0032541927965719,0.3294696072147585,8275.840034080362,8241.877397323588,7641.578413170633,8588.25,-4.512558491980323
2014-12-29,8246.2998046875,0.0055604531672874,0.3398377732465327,8273.026678900089,8242.050825063348,7647.595541444433,8588.25,-3.981605045410885
2014-12-30,8248.25,0.0002364933799026,0.3435711164457422,8270.666995195319,8242.293929962825,7653.572202723593,8588.25,-3.958897330655253
2014-12-31,8282.7001953125,0.0041766672097112,0.3322342754177563,8271.813014254098,8243.878489388302,7659.832182749354,8588.25,-3.557765606351704
2015-01-01,8444.634287334728,0.0195508817419074,0.369403877480573,8288.27218311892,8251.751265778359,7667.641158914383,8588.25,-1.6722348867961756
2015-01-02,8395.4501953125,-0.0058243010115895,0.3380802797645137,8298.479612851641,8257.386517916953,7674.883039873568,8588.25,-2.244925388612351
2015-01-05,8378.400390625,-0.0020308386436523,0.333184881951627,8306.091115496723,8262.132159983936,7681.883212517861,8588.25,-2.4434501717462864
2015-01-06,8127.35009765625,-0.0299639885018698,0.2965589662869849,8289.068161416679,8256.846588912262,7686.315718837647,8588.25,-5.366633509082175
2015-01-07,8102.10009765625,-0.0031067936900222,0.2903693678301746,8271.26167915378,8250.778099059085,7690.452876835842,8588.25,-5.660639854961724
2015-01-08,8234.599609375,0.0163537243580931,0.3042224752298064,8267.770053460563,8250.14364848324,7695.867272184491,8588.25,-4.117839963030889
2015-01-09,8284.5,0.0060598441930546,0.3168603060514632,8269.363381702415,8251.490956385858,7701.7243142523075,8588.25,-3.536809012313336
2015-01-12,8323.0,0.0046472327841149,0.320272842639594,8274.471631064089,8254.29523260602,7707.906161871688,8588.25,-3.0885221086950243
2015-01-13,8299.400390625,-0.0028354691066923,0.309163342392311,8276.845798641318,8256.064062332254,7713.791676585652,8588.25,-3.363311610339703
2015-01-14,8277.5498046875,-0.0026327909136885,0.3305498074510347,8276.912846836192,8256.906640463832,7719.401210198605,8588.25,-3.617735805460953
2015-01-15,8494.150390625,0.02616723439282,0.3675648670819826,8297.602136720841,8266.210316940742,7727.110157267525,8588.25,-1.0956785069717312
2015-01-16,8513.7998046875,0.0023132877520259,0.3750897667130122,8318.192390812905,8275.919708617086,7734.937914953296,8588.25,-0.8668843514394675
2015-01-19,8550.7001953125,0.0043341858478611,0.387593848888393,8340.335991241438,8286.695413977692,7743.054952568811,8588.25,-0.4372230045410874
2015-01-20,8695.599609375,0.0169459121186279,0.4082854714227839,8374.170621539872,8302.730872620723,7752.53300885544,8695.599609375,0.0
2015-01-21,8729.5,0.0038985684884169,0.4152082585774264,8408.011514726551,8319.466916831676,7762.254073443943,8729.5,0.0
2015-01-22,8761.400390625,0.0036543204794088,0.4196663852654414,8441.667598145452,8336.797641294159,7772.195827843755,8761.400390625,0.0
2015-01-23,8835.599609375,0.0084688765998408,0.4085687472599737,8479.184932548265,8356.358502787525,7782.776959998295,8835.599609375,0.0
2015-01-27,8910.5,0.0084771146199886,0.4275414917999713,8520.262558019858,8378.089541893896,7793.998084774432,8910.5,0.0
2015-01-28,8914.2998046875,0.000426441242074,0.4102896648279674,8557.789914845347,8399.117395336783,7805.145365569587,8914.2998046875,0.0
2015-01-29,8952.349609375,0.0042684008302582,0.416757623594334,8595.367028610075,8420.81277627946,7816.560333169641,8952.349609375,0.0
2015-01-30,8808.900390625,-0.0160236390455281,0.4068018059150526,8615.703539278164,8436.031898410658,7826.434363592083,8952.349609375,-1.602363904552817
2015-02-02,8797.400390625,-0.001305497790875,0.3955377371424322,8633.008001311196,8450.203211830829,7836.095717094899,8952.349609375,-1.7308218011027554
2015-02-03,8756.5498046875,-0.0046434837706185,0.3868906325136332,8644.773887347035,8462.21680370756,7845.254464235124,8952.349609375,-2.187133135221353
2015-02-04,8723.7001953125,-0.003751432939651,0.3762058269149149,8652.290678581841,8472.471054358735,7853.995217778182,8952.349609375,-2.5540715458995944
2015-02-05,8711.7001953125,-0.0013755630903555,0.3728617760798394,8657.948727794284,8481.8525892981,7862.529595664097,8952.349609375,-2.6881145683864904
2015-02-06,8661.0498046875,-0.0058140649344491,0.3820640371304902,8658.244068450782,8488.879931078076,7870.475070380748,8952.349609375,-3.253892189179564
2015-02-09,8526.349609375,-0.015552409736704,0.3895954877763172,8645.682691395945,8490.349330226974,7877.001185196611,8952.349609375,-4.758527298284776
2015-02-10,8565.5498046875,0.004597535534949,0.3981717697918792,8638.050987899902,8493.298368441114,7883.852415241296,8952.349609375,-4.320651243137763
2015-02-11,8627.400390625,0.0072208541597238,0.4096483625056166,8637.036645302293,8498.557271271855,7891.250902558548,8952.349609375,-3.629764619667109
2015-02-12,8711.5498046875,0.0097537392786291,0.434306851597781,8644.133136672312,8506.909919641095,7899.413080689184,8952.349609375,-2.689794469547213
2015-02-13,8805.5,0.0107845558389561,0.446013630018885,8659.501409370187,8518.619334557132,7908.428870931083,8952.349609375,-1.6403471243037426
2015-02-16,8809.349609375,0.000437182371813,0.4677846472810971,8673.772666513501,8530.020521804892,7917.393256388237,8952.349609375,-1.597346017968837
2015-02-18,8869.099609375,0.0067825665513845,0.4779615980448244,8692.375232500312,8543.31774092529,7926.86297134333,8952.349609375,-0.9299234685028356
2015-02-19,8895.2998046875,0.0029540986646272,0.4770357247823575,8711.701382232424,8557.120959112042,7936.49915873979,8952.349609375,-0.6372606877166231
2015-02-20,8833.599609375,-0.0069362693408024,0.4634130005463366,8723.310737198384,8567.963259122354,7945.425531382926,8952.349609375,-1.326467410026566
2015-02-23,8754.9501953125,-0.0089034388630236,0.4439487256384853,8726.324018923538,8575.29608014942,7953.48050316332,8952.349609375,-2.205001174839971
2015-02-24,8762.099609375,0.0008166139044774,0.4474554719488643,8729.731218014154,8582.621708746501,7961.526464419158,8952.349609375,-2.1251404190109846
2015-02-25,8767.25,0.0005878032497472,0.4460965770299143,8733.30443534614,8589.862033893698,7969.543614026928,8952.349609375,-2.067609258480718
2015-02-26,8683.849609375,-0.009512719567139,0.4273257083127877,8728.594451920317,8593.547821167474,7976.6511363687005,8952.349609375,-2.9992126281442766
2015-02-27,8844.599609375,0.0185113753958217,0.4738297087944405,8739.642562154097,8603.392989332475,7985.287439582694,8952.349609375,-1.2035946394135744
2015-03-02,8956.75,0.0126800980912831,0.4808583920217784,8760.319460996563,8617.250127005711,7994.9537337162,8956.75,0.0
2015-03-03,8996.25,0.0044100817818963,0.4854066902336844,8782.789036139748,8632.112867123134,8004.916880644398,8996.25,0.0
2015-03-04,8922.650390625,-0.0081811431846602,0.4562599351099403,8796.109165138343,8643.506495495756,8014.048557360623,8996.25,-0.8181143184660233
2015-03-05,8937.75,0.0016922784950608,0.452643127057007,8809.598768458502,8655.045456456706,8023.239616491363,8996.25,-0.6502709462275935
2015-03-09,8756.75,-0.0202511817851248,0.4375476642226352,8804.565552414835,8659.033869928993,8030.538227272545,8996.25,-2.6622203695984448
2015-03-10,8712.0498046875,-0.0051046558726125,0.4153391755686533,8795.754528821755,8661.112926194033,8037.319436998066,8996.25,-3.159096238015835
2015-03-11,8699.9501953125,-0.0013888361116221,0.4063707437596557,8786.630306582778,8662.635956355542,8043.912777876817,8996.25,-3.293592382242605
2015-03-12,8776.0,0.0087414069023608,0.4154725004571693,8785.617896432037,8667.081605125913,8051.197227848193,8996.25,-2.4482423231902195
2015-03-13,8647.75,-0.0146137192342753,0.3861239774840257,8772.487620581367,8666.323502964113,8057.133076327315,8996.25,-3.873836320689173
2015-03-16,8633.150390625,-0.0016882552542568,0.3753734093783416,8759.21740820457,8665.022596597873,8062.864591892467,8996.25,-4.036121821592332
2015-03-17,8723.2998046875,0.0104422383467797,0.4021328678737954,8755.796684060088,8667.307977307271,8069.436086547144,8996.25,-3.034044132972069
2015-03-18,8685.900390625,-0.0042873012391942,0.3791630802494796,8749.139894209127,8668.037091555027,8075.570059722048,8996.25,-3.449766395720444
2015-03-19,8634.650390625,-0.005900366996531,0.3643747914428394,8738.23613196302,8666.727809165614,8081.133048089242,8996.25,-4.019448207586496
2015-03-20,8570.900390625,-0.0073830435647072,0.3389626116218285,8722.299394692733,8662.969871183628,8086.006354980145,8996.25,-4.728076802834513
2015-03-23,8550.900390625,-0.0023334771247459,0.3101515354078257,8705.975680019616,8658.574989593093,8090.632166280095,8996.25,-4.950391656245657
2015-03-24,8542.9501953125,-0.0009297494941253,0.3068109977915025,8690.449443380843,8654.04068393503,8095.13284318589,8996.25,-5.038763981520078
2015-03-25,8530.7998046875,-0.0014222710360253,0.310032391870322,8675.24471588624,8649.207708278265,8099.467837827698,8996.25,-5.173824597054333
2015-03-26,8342.150390625,-0.0221139187862363,0.2800795647674154,8643.52144681374,8637.166244840882,8101.882589596826,8996.25,-7.270802938724463
2015-03-27,8341.400390625,-8.990487642646094e-05,0.2846560603056023,8614.748012891003,8625.56758389124,8104.265851298599,8996.25,-7.279139745727381
2015-03-30,8492.2998046875,0.0180904173155502,0.3056639632352953,8603.086278776384,8620.341396471485,8108.126885660678,8996.25,-5.601780689870783
2015-03-31,8491.0,-0.0001530568535489,0.302970103848323,8592.411395083394,8615.269184845152,8111.936568390423,8996.25,-5.61622898429901
2015-04-01,8586.25,0.0112177599811564,0.3160920374689382,8591.824595551643,8614.131177596322,8116.656105023355,8996.25,-4.557454494928448
2015-04-06,8659.900390625,0.0085777132770417,0.3357653375976255,8598.308004606248,8615.926048695486,8122.0615208004865,8996.25,-3.7387757051549286
2015-04-07,8660.2998046875,4.612224673294918e-05,0.3337490827619096,8604.211985566368,8617.666195989292,8127.417125615283,8996.25,-3.734335921217169
2015-04-08,8714.400390625,0.0062469645575338,0.3236728777436013,8614.706119381475,8621.459693818144,8133.257755117867,8996.25,-3.1329677296095597
2015-04-09,8778.2998046875,0.0073326231522761,0.3321142387325013,8630.286470363002,8627.610286401256,8139.676083969307,8996.25,-2.4226782860914287
2015-04-10,8780.349609375,0.0002335081659441,0.3300738842162309,8644.578197887955,8633.600063772776,8146.0509449186175,8996.25,-2.3998931846602733
2015-04-13,8834.0,0.0061102795460121,0.3300711408890728,8662.618369517673,8641.458884801295,8152.896209148284,8996.25,-1.803529248297897
2015-04-15,8957.997177321102,0.0140363569528074,0.3378331976237512,8690.749684546572,8653.87215117462,8160.907164055476,8996.25,-0.4252085333210864
2015-04-16,8706.7001953125,-0.0280528087957885,0.298693347701658,8692.268780809994,8655.943839180029,8166.337940485894,8996.25,-3.218561119216345
2015-04-17,8606.0,-0.0115658278169167,0.2804547280690985,8684.052706447137,8653.985257251401,8170.712687346731,8996.25,-4.33791857718494
2015-04-20,8448.099609375,-0.0183477098100163,0.251097711787402,8661.580982916457,8645.911310275857,8173.472756222635,8996.25,-6.093098686952903
2015-04-21,8377.75,-0.0083272703481066,0.2437092499434419,8634.549460733937,8635.395180461117,8175.505365613455,8996.25,-6.875086841739608
2015-04-22,8429.7001953125,0.0062009722553788,0.2592260745765016,8615.040006884275,8627.32871045529,8178.034667401505,8996.25,-6.297621838960676
2015-04-23,8398.2998046875,-0.003724971220502,0.2544043808019889,8594.398082865535,8618.347184738905,8180.226360309824,8996.25,-6.646660500903156
2015-04-24,8305.25,-0.0110796002585623,0.2220431654924362,8566.860170211674,8606.068863768753,8181.47037662515,8996.25,-7.6809781853550145
2015-04-27,8213.7998046875,-0.0110111309487974,0.2085515747616553,8533.235373495087,8590.685763412625,8181.792062476517,8996.25,-8.69751502362095
2015-04-28,8285.599609375,0.0087413628764758,0.2227321470699161,8509.65101500746,8578.721600509189,8182.82497339093,8996.25,-7.899406870918435
2015-04-29,8239.75,-0.0055336501323479,0.2237676375653772,8483.94615643532,8565.428596567652,8183.391391566145,8996.25,-8.409059330276502
2015-04-30,8181.5,-0.0070693892411783,0.2256378349111485,8455.141760584338,8550.372573172843,8183.372571749567,8996.25,-9.05655134083646
2015-05-04,8331.9501953125,0.0183890723354518,0.2290099883961718,8443.409230558449,8541.80698972734,8184.850956063627,8996.25,-7.384185685007639
2015-05-05,8324.7998046875,-0.0008581893143123,0.2210658986501532,8432.113094761216,8533.296904039504,8186.243481920581,8996.25,-7.463667587189104
2015-05-06,8097.0,-0.0273639979377319,0.188053421171203,8400.197561926814,8516.187221528151,8185.355487075601,8996.25,-9.995831596498538
2015-05-07,8057.2998046875,-0.0049030746341237,0.1778300834306569,8367.540632665927,8498.191636554007,8184.081301181192,8996.25,-10.43712875156315
2015-05-08,8191.5,0.0166557281676953,0.197447701128012,8350.774858126315,8486.16451355189,8184.155119079887,8996.25,-8.945393914130884
2015-05-11,8325.25,0.016327900872856,0.2274151339795804,8348.343919257142,8479.854140471423,8185.559048243272,8996.25,-7.45866333194386
2015-05-12,8126.9501953125,-0.023819081071139,0.2019893060177482,8327.258802690985,8466.014770073034,8184.975875577295,8996.25,-9.662912932471867
2015-05-13,8235.4501953125,0.0133506416789144,0.2263802829846246,8318.515125797796,8456.97302204321,8185.478107614461,8996.25,-8.456854852716411
2015-05-14,8224.2001953125,-0.0013660455388829,0.2281524871945024,8309.532751465864,8447.844675896908,8185.863402019417,8996.25,-8.581906957760177
2015-05-15,8262.349609375,0.004638677701966,0.2341443882444323,8305.039118885781,8440.570359562715,8186.624458809025,8996.25,-8.157847888008895
2015-05-18,8373.650390625,0.0134708389879449,0.2499198084235812,8311.573525718088,8437.946047055353,8188.485413354458,8996.25,-6.920657044601919
2015-05-19,8365.650390625,-0.00095537783724,0.2457597775136564,8316.723703328269,8435.11092327377,8190.248248949189,8996.25,-7.009582985966379
2015-05-20,8423.25,0.0068852517957898,0.2661686492094857,8326.869064916053,8434.645789027742,8192.56667433278,8996.25,-6.369320550229263
2015-05-21,8421.0,-0.0002671177989493,0.2644428743168765,8335.833915876428,8434.110660046263,8194.83964274738,8996.25,-6.394330971238016
2015-05-22,8458.9501953125,0.004506613859696,0.2332988913791318,8347.559275822721,8435.084759468467,8197.467608444545,8996.25,-5.972486365846885
2015-05-25,8370.25,-0.0104859578629098,0.1933207399223009,8349.720297172938,8432.542219881469,8199.186836221217,8996.25,-6.958454911768797
2015-05-26,8339.349609375,-0.0036916926764433,0.1731105481800599,8348.732612620754,8428.887607704744,8200.581490680459,8996.25,-7.301935702375994
2015-05-27,8334.599609375,-0.0005695887835976,0.1724423575698963,8347.386612311635,8425.190039142793,8201.91500429931,8996.25,-7.354735480061136
2015-05-28,8319.0,-0.0018716687190891,0.1678822029651203,8344.683125424812,8421.025723882292,8203.080029132152,8996.25,-7.528136723634848
2015-05-29,8433.650390625,0.0137817514875586,0.1708524768325696,8353.15619830102,8421.520808852594,8205.374261584817,8996.25,-6.25371248436849
2015-06-01,8433.400390625,-2.964315431874809e-05,0.1610576945700217,8360.798502331874,8421.986674804453,8207.643178291684,8996.25,-6.2564914200361255
2015-06-02,8236.4501953125,-0.0233535924051987,0.1320802962425262,8348.955806425267,8414.71073443222,8207.929815276966,8996.25,-8.445739110045858
2015-06-03,8135.10009765625,-0.0123050701762186,0.1216341335453174,8328.588596066313,8403.745611421396,8207.205141469794,8996.25,-9.572320715228566
2015-06-04,8130.64990234375,-0.0005470363313393,0.1174000895312039,8309.737291902258,8393.035975771292,8206.443397796898,8996.25,-9.621787941156034
2015-06-05,8114.7001953125,-0.0019616767691168,0.1014782055009799,8291.16233032228,8382.120847125849,8205.530530110487,8996.25,-9.799080780186188
2015-06-08,8044.14990234375,-0.0086941342588976,0.0930962713718639,8267.637337181468,8368.867084585374,8203.924752719773,8996.25,-10.58329968215923
2015-06-09,8022.39990234375,-0.0027038282806817,0.0962557942530404,8244.281391006447,8355.280136262174,8202.118535303096,8996.25,-10.825067085243855
2015-06-10,8124.4501953125,0.0127206689034458,0.1084363241844064,8232.868896178452,8346.227981715128,8201.345715999707,8996.25,-9.690702289148255
2015-06-11,7965.35009765625,-0.0195828756200689,0.1008479134785305,8207.390915366814,8331.291594104976,8198.997500891812,8996.25,-11.45921803355565
2015-06-12,7982.89990234375,0.0022032684655837,0.1041431388447766,8186.010818888427,8317.629174820222,8196.847276030638,8996.25,-11.26413892073086
2015-06-15,8013.89990234375,0.0038833006024412,0.0884753687393888,8169.619303027029,8305.7182229584,8195.026904153157,8996.25,-10.919550897943587
2015-06-16,8047.2998046875,0.0041677463845015,0.0851486611401188,8157.969826994693,8295.584167339934,8193.55698276544,8996.25,-10.548286178268718
2015-06-17,8091.5498046875,0.00549873884085,0.0931203086477083,8151.644110584484,8287.582819784937,8192.541985968644,8996.25,-10.056414565096572
2015-06-18,8174.60009765625,0.0102638301652222,0.0937236578112814,8153.83039506751,8283.152124799499,8192.36345971678,8996.25,-9.13324887974156
2015-06-19,8224.9501953125,0.0061593346530415,0.0845992959926154,8160.603709376556,8280.869696192165,8192.68770584211,8996.25,-8.57357015075726
2015-06-22,8353.099609375,0.0155805702185933,0.0912522539136462,8178.936652233551,8283.70224180718,8194.283844185722,8996.25,-7.149094240655829
2015-06-23,8381.5498046875,0.0034059446963339,0.0947116022664606,8198.23314294345,8287.53940113582,8196.147187076287,8996.25,-6.832849190634982
2015-06-24,8360.849609375,-0.0024697336166782,0.0962388800514526,8213.72042546074,8290.414311262848,8197.786017148912,8996.25,-7.062947234959016
2015-06-25,8398.0,0.0044433750588388,0.097792142015747,8231.270861131146,8294.633357879991,8199.778196082754,8996.25,-6.64999305266083
2015-06-26,8381.099609375,-0.0020124304149797,0.1112421607848288,8245.540265725798,8298.024191271952,8201.582389249841,8996.25,-6.837853445880226
2015-06-29,8318.400390625,-0.0074810253632906,0.1041807124510085,8252.479325240009,8298.82325791325,8202.744757422728,8996.25,-7.534801827150206
2015-06-30,8368.5,0.0060227456028039,0.0965446474351878,8263.52891331239,8301.555679171553,8204.39406331902,8996.25,-6.977907461442268
2015-07-01,8453.0498046875,0.0101033404657346,0.1183945365630794,8281.57852201478,8307.496625270218,8206.868249800298,8996.25,-6.038073589690152
2015-07-02,8444.900390625,-0.000964079740543,0.119909315036099,8297.132985691944,8312.885008225308,8209.23672881348,8996.25,-6.1286603793247245
2015-07-03,8484.900390625,0.0047365863597876,0.1295955068596446,8315.015595685569,8319.630709495885,8211.979650821555,8996.25,-5.684030672502427
2015-07-06,8522.150390625,0.0043901517148223,0.1372951056017701,8334.742719013133,8327.572657775458,8215.0659268395,8996.25,-5.269969258024176
2015-07-07,8510.7998046875,-0.001331892235789,0.1227671546129443,8351.51006050593,8334.758036085734,8218.008552489728,8996.25,-5.396139450465476
2015-07-08,8363.0498046875,-0.0173602955527897,0.1048716589738085,8352.609083761317,8335.867517207373,8219.451749029009,8996.25,-7.038490430040289
2015-07-09,8328.5498046875,-0.0041252893149892,0.1114810211393479,8350.317723849525,8335.580548088947,8220.53730182163,8996.25,-7.421983552174516
2015-07-10,8360.5498046875,0.0038422055160178,0.1134335742269063,8351.292207738856,8336.559734622224,8221.930461054128,8996.25,-7.06627978671669
2015-07-13,8459.650390625,0.0118533575246375,0.1114520133858991,8361.612034680393,8341.386819171352,8224.29583348767,8996.25,-5.964703174934005
2015-07-14,8454.099609375,-0.0006561478304294,0.1073256831441251,8370.420375127498,8345.806928591102,8226.582438222867,8996.25,-6.02640423092955
2015-07-15,8523.7998046875,0.0082445438938532,0.1033830944952207,8385.027939847498,8352.787041379197,8229.53982495386,8996.25,-5.2516347957482274
2015-07-16,8608.0498046875,0.0098840894824474,0.1157839506680733,8406.268117451307,8362.79734582266,8233.30609340892,8996.25,-4.315133475753785
2015-07-17,8609.849609375,0.0002090839073118,0.1107190129658839,8425.65683096785,8372.485669883537,8237.052795060325,8996.25,-4.295127309990276
2015-07-20,8603.4501953125,-0.0007432666484129,0.1048265800974324,8442.589532334006,8381.543102253301,8240.698540336465,8996.25,-4.366261549951367
2015-07-21,8529.4501953125,-0.0086012004858606,0.1188805195693605,8450.861976427197,8387.343380412485,8243.571691132247,8996.25,-5.188826507572597
2015-07-22,8633.5,0.0121988876545269,0.138233355306526,8468.256073910321,8396.996581180623,8247.451574802573,8996.25,-4.03223565374462
2015-07-23,8589.7998046875,-0.0050617009686106,0.1350533255838921,8479.831667317672,8404.557491906384,8250.85802485118,8996.25,-4.517995779491457
2015-07-24,8521.5498046875,-0.0079454703895143,0.1423601390327755,8483.804823257657,8409.145425740937,8253.551475396816,8996.25,-5.276645216756981
2015-07-27,8361.0,-0.018840446675461,0.1216570782096984,8472.109125804547,8407.257369829527,8254.620614945106,8996.25,-7.061275531471445
2015-07-28,8337.0,-0.0028704700394689,0.1076641146021568,8459.241590013638,8404.50217885582,8255.440310318787,8996.25,-7.328053355564823
2015-07-29,8375.0498046875,0.0045639684163967,0.0984536372643569,8451.223324744482,8403.347183790396,8256.630454541362,8996.25,-6.9051015179936055
2015-07-30,8421.7998046875,0.0055820563567077,0.1022648652110012,8448.421084739055,8404.070815982439,8258.273930662219,8996.25,-6.385440548145061
2015-07-31,8532.849609375,0.013185994355469,0.1133821837581035,8456.461896609146,8409.120964742931,8261.00602696782,8996.25,-5.151039495623177
2015-08-03,8543.0498046875,0.0011954031512864,0.1117682501165071,8464.70836404518,8414.373076113307,8263.812432716275,8996.25,-5.037656749340003
2015-08-04,8516.900390625,-0.0030608991707097,0.0964295504614278,8469.679033243257,8418.393755113766,8266.33072085467,8996.25,-5.3283269070446
2015-08-05,8567.9501953125,0.0059939417330385,0.0990539967690729,8479.038191535567,8424.258713552932,8269.331909655246,8996.25,-4.7608704147561465
2015-08-06,8588.650390625,0.0024160032260487,0.0968061557881929,8489.477448591702,8430.70544598713,8272.509207973353,8996.25,-4.530772370432123
2015-08-07,8564.599609375,-0.0028002980859778,0.0993715888881883,8496.631940094874,8435.956197492538,8275.415580126604,8996.25,-4.798114665832987
2015-08-10,8525.599609375,-0.0045536279311072,0.1002619012840988,8499.3907657406,8439.471625409498,8277.90497345246,8996.25,-5.231628629984719
2015-08-11,8462.349609375,-0.0074188330320424,0.0861141406474874,8495.863036562923,8440.368801251283,8279.74024346164,8996.25,-5.934699353897455
2015-08-12,8349.4501953125,-0.0133413790819306,0.0813529336399627,8481.918956443835,8436.803365724272,8280.43387482334,8996.25,-7.189660188272895
2015-08-13,8355.849609375,0.0007664473603414,0.0990778815198978,8469.91235196109,8433.628708612536,8281.184280142263,8996.25,-7.1185259483117935
2015-08-14,8518.5498046875,0.019471412593395,0.1086592847090912,8474.544490315986,8436.958947674299,8283.546126157638,8996.25,-5.309992444768652
2015-08-17,8477.2998046875,-0.0048423735196454,0.094332318054396,8474.80690120851,8438.540942066973,8285.474023456443,8996.25,-5.768516829929138
2015-08-18,8466.5498046875,-0.0012680924643075,0.1035577218899925,8474.020511063653,8439.639328836405,8287.275772523419,8996.25,-5.888011063637622
2015-08-19,8495.150390625,0.0033780685872379,0.110586056231003,8476.032880545685,8441.816233220272,8289.344176683633,8996.25,-5.5700943101292255
2015-08-20,8372.75,-0.0144082664810828,0.1062555200223993,8466.19641573181,8439.107753486143,8290.174085373348,8996.25,-6.930665555092396
2015-08-21,8299.9501953125,-0.0086948499223672,0.0883824287777663,8450.363442358543,8433.65059434208,8290.271360099112,8996.25,-7.739889450465476
2015-08-24,7809.0,-0.0591509808805563,0.0106056253530015,8389.281209752968,8409.154492603175,8285.482590346883,8996.25,-13.197165485619012
2015-08-25,7880.7001953125,0.0091817384188115,0.0182375453594874,8340.8449226634,8388.430794670207,8281.454904824153,8996.25,-12.400164565096572
2015-08-26,7791.85009765625,-0.0112743912919183,1.9238720688985467e-05,8288.559701234148,8365.035473218679,8276.583215200593,8996.25,-13.387799386897314
2015-08-27,7948.9501953125,0.0201621047231779,0.0094866425770707,8256.21593876542,8348.718403496869,8273.323185151956,8996.25,-11.641515127831036
2015-08-28,8001.9501953125,0.0066675471222921,0.0132257290677428,8232.000153674666,8335.119650234737,8270.622956397336,8996.25,-11.052380766291511
2015-08-31,7971.2998046875,-0.0038303650831211,0.012190012111394,8207.171549009221,8320.852205311317,8267.644616579328,8996.25,-11.393082621231066
2015-09-01,7785.85009765625,-0.0232646759719408,-0.0133378107865164,8167.045696499415,8299.871730501314,8262.850641266661,8996.25,-13.454493842920655
2015-09-02,7717.0,-0.0088429775544967,-0.024794039133336,8124.184201594709,8277.014015579694,8257.419291602317,8996.25,-14.219813811310267
2015-09-03,7823.0,0.0137359077361669,-0.0105358773061088,8095.499991919022,8259.20954438049,8253.096711586373,8996.25,-13.04154508823121
2015-09-04,7655.0498046875,-0.0214687709718138,-0.0315886264983079,8053.552355039829,8235.517005569001,8247.145996094843,8996.25,-14.908436240794776
2015-09-07,7558.7998046875,-0.0125733995801127,-0.0475362440111166,8006.433064530083,8208.979076122669,8240.296780259945,8996.25,-15.978326472835905
2015-09-08,7688.25,0.0171257605251329,-0.0334534052926154,7976.129915527218,8188.558328039427,8234.803777471288,8996.25,-14.539391413088786
2015-09-09,7818.60009765625,0.0169544561709427,-0.0260473227162054,7961.127075729983,8174.050162142047,8230.662447323875,8996.25,-13.090453270459912
2015-09-10,7788.10009765625,-0.0039009540862875,-0.0364899034594842,7944.648315913438,8158.914865495545,8226.258841854546,8996.25,-13.429483421911904
2015-09-11,7789.2998046875,0.0001540436070679,-0.040088271640485,7929.853219606205,8144.420157228563,8221.910990738455,8996.25,-13.41614778727247
2015-09-14,7872.25,0.0106492492768839,-0.0276311229584911,7924.367198691329,8133.746817729404,8218.431776900263,8996.25,-12.494094761706265
2015-09-15,7829.10009765625,-0.0054812667717297,-0.0318727312720563,7915.294141449893,8121.799887530457,8214.557829843108,8996.25,-12.973737972419064
2015-09-16,7899.14990234375,0.0089473635301291,-0.0336130859543826,7913.756594868355,8113.068515562351,8211.419442504806,8996.25,-12.19508236939002
2015-09-18,7981.89990234375,0.0104758108180029,-0.0209801714558608,7920.246433675536,8107.924648377309,8209.135665985792,8996.25,-11.275254663401412
2015-09-21,7977.10009765625,-0.000601336116241,-0.0144549732012677,7925.661068340366,8102.7942738392285,8206.826854360623,8996.25,-11.328608057176604
2015-09-22,7812.0,-0.0206967564196365,-0.0338499064646462,7914.836204688902,8091.390576825926,8202.8982289441,8996.25,-13.16381825760734
2015-09-23,7845.9501953125,0.0043459031378008,-0.0320214428088951,7908.27563236734,8081.765463825399,8199.346507216422,8996.25,-12.786436622898432
2015-09-24,7868.5,0.0028740693129778,-0.0215742352648594,7904.487476903784,8073.402112302834,8196.054502169492,8996.25,-12.535778796720852
2015-09-28,7795.7001953125,-0.0092520562607231,-0.017295025617393,7894.1267834189,8062.511841048312,8192.070877225642,8996.25,-13.345002692093932
2015-09-29,7843.2998046875,0.0061058799315578,-0.01657578776409,7889.286118777814,8053.91529060279,8188.600518294915,8996.25,-12.815897683062383
2015-09-30,7948.89990234375,0.0134637334139819,-0.0204381031647616,7894.96362197457,8049.797040082828,8186.215437539182,8996.25,-11.642074171529805
2015-10-01,7950.89990234375,0.0002516071437017,-0.020999980159601,7900.290886771634,8045.918720955806,8183.873989427785,8996.25,-11.619842686188688
2015-10-05,8119.2998046875,0.0211799801798673,-0.0033143882065896,7921.148878954097,8048.796410513912,8183.23146022639,8996.25,-9.747952705988606
2015-10-06,8152.89990234375,0.0041382999106465,0.0168817283276641,7943.220404991207,8052.878900389592,8182.929653680294,8996.25,-9.37446266673614
2015-10-07,8177.39990234375,0.0030050657181448,0.0218684397350281,7965.523214262877,8057.762076936814,8182.874631278935,8996.25,-9.10212697130749
2015-10-08,8129.35009765625,-0.0058759269769512,0.0274904096153731,7981.125774586056,8060.569450298361,8182.342048854829,8996.25,-9.636236235584272
2015-10-09,8189.7001953125,0.0074237296870323,0.0277141739334769,8000.990005131432,8065.633401083229,8182.415264242468,8996.25,-8.965400079894403
2015-10-12,8143.60009765625,-0.0056290336101235,0.0232067493722478,8014.571918705224,8068.690918595897,8182.029043679421,8996.25,-9.477836902528836
2015-10-13,8131.7001953125,-0.0014612581906097,0.0209547502407749,8025.726992667822,8071.161870623999,8181.528259118557,8996.25,-9.610113154786715
2015-10-14,8107.89990234375,-0.0029268532283653,0.0204328336801149,8033.552984065529,8072.602577750264,8180.795638653136,8996.25,-9.874671086911214
2015-10-15,8179.5,0.0088309054772066,0.0416560671545291,8047.452699868812,8076.794633524763,8180.78274672624,8996.25,-9.078782826177578
2015-10-16,8238.150390625,0.0071704126933187,0.0504227097127665,8065.614384702734,8083.122310273792,8181.353569053591,8996.25,-8.426840176462413
2015-10-19,8275.0498046875,0.004479089639404,0.039507321443402,8085.560615177474,8090.648878682173,8182.28586990567,8996.25,-8.01667578504932
2015-10-20,8261.650390625,-0.0016192547934769,0.0511072189175021,8102.331069982,8097.35482032699,8183.075566629245,8996.25,-8.165620223704318
2015-10-21,8251.7001953125,-0.0012043834878066,0.046605599177157,8116.556700965857,8103.407580130343,8183.758398755447,8996.25,-8.276224034319856
2015-10-23,8295.4501953125,0.005301937657024,0.0548639617640513,8133.5941766179185,8110.938663078664,8184.869759915219,8996.25,-7.789910292482983
2015-10-26,8260.5498046875,-0.0042071725829565,0.0504259670253688,8145.685188815021,8116.805766671167,8185.622795186586,8996.25,-8.177854053772403
2015-10-27,8232.900390625,-0.0033471638954116,0.0625564883578684,8153.99139851121,8121.358497022298,8186.093219021794,8996.25,-8.485197825482837
2015-10-28,8171.2001953125,-0.0074943449313147,0.0503232759838085,8155.630331539904,8123.313073425836,8185.945029731155,8996.25,-9.171041319299713
2015-10-29,8111.75,-0.0072755768909693,0.0294882986694375,8151.451252345627,8122.859619565999,8185.206770728855,8996.25,-9.83187439210782
2015-10-30,8065.7998046875,-0.0056646463848737,0.01741349117814,8143.293971616282,8120.621979766843,8184.018641713518,8996.25,-10.34264493886341
2015-11-02,8050.7998046875,-0.0018597039801661,0.0068660067052186,8134.4850033373505,8117.883855253927,8182.693081146095,8996.25,-10.509381078921775
2015-11-03,8060.7001953125,0.0012297400090901,0.008633957520137,8127.4578787635555,8115.641358785636,8181.479221585562,8996.25,-10.399330884396274
2015-11-04,8040.2001953125,-0.0025432033822472,0.0015695970779521,8119.147623196788,8112.68288178669,8180.073460130109,8996.25,-10.6272036091427
2015-11-05,7955.4501953125,-0.0105407823115412,-0.0166863396647837,8103.557391969713,8106.51689408182,8177.838402768741,8996.25,-11.569262800472425
2015-11-06,7954.2998046875,-0.000144604088613,-0.0263061726346613,8089.342383657121,8100.547596458514,8175.614138111217,8996.25,-11.582050246630535
2015-11-09,7915.2001953125,-0.00491553126423,-0.0489053363831891,8072.757413338586,8093.279070923376,8173.022954600782,8996.25,-12.016671442962345
2015-11-10,7783.35009765625,-0.0166578348497532,-0.0649676264352241,8045.19481184503,8081.124993540351,8169.145612740638,8996.25,-13.482283199597056
2015-11-13,7762.25,-0.002710927478722,-0.0690848036387064,8018.247686907408,8068.620091832887,8165.096900176055,8996.25,-13.716826455467556
2015-11-16,7806.60009765625,0.0057135621316306,-0.0636199954832373,7998.090773645393,8058.344797943607,8161.529767812674,8996.25,-13.223842182506596
2015-11-17,7837.5498046875,0.0039645564834993,-0.0607244743760673,7982.801157554165,8049.686170757093,8158.306086587549,8996.25,-12.879813203418088
2015-11-18,7731.7998046875,-0.0134927372246812,-0.0754366805342859,7958.896266804959,8037.220038754364,8154.062242986553,8996.25,-14.05530299082951
2015-11-19,7842.75,0.0143498536065607,-0.0644793598321812,7947.834717585439,8029.593762724781,8150.964608727981,8996.25,-12.822009170487703
2015-11-20,7856.5498046875,0.0017595619760288,-0.0599795196272965,7939.140916357063,8022.807725154692,8148.035108190264,8996.25,-12.6686140926775
2015-11-23,7849.25,-0.000929136181781,-0.064440620919544,7930.57987670401,8016.001539854508,8145.062122039118,8996.25,-12.74975684312908
2015-11-24,7831.60009765625,-0.0022486100383795,-0.0710672125663494,7921.153231080413,8008.770110748695,8141.943096920881,8996.25,-12.945948615742676
2015-11-26,7883.7998046875,0.0066652671715032,-0.0643374073755563,7917.595761900136,8003.86931443257,8139.374506948409,8996.25,-12.365710104904826
2015-11-27,7942.7001953125,0.007471066247773,-0.052443794616982,7919.986660320361,8001.470525447469,8137.417548623674,8996.25,-11.710988519522026
2015-11-30,7935.25,-0.0009379927643368,-0.0555410524916122,7921.440311718422,7998.873642096589,8135.405931224434,8996.25,-11.793802973461164
2015-12-01,7954.89990234375,0.0024762801857218,-0.061628897132363,7924.626939397025,7997.149181714125,8133.609851335074,8996.25,-11.57537971550646
2015-12-02,7931.35009765625,-0.0029604149614204,-0.0701980932981976,7925.267240183618,7994.568825476562,8131.597316472599,8996.25,-11.837153284354596
2015-12-03,7864.14990234375,-0.0084727309329539,-0.0707719080096568,7919.446541341726,7989.454357902727,8128.93614817281,8996.25,-12.584133362859529
2015-12-04,7781.89990234375,-0.0104588545515246,-0.0818629735016075,7906.346861437157,7981.31496748865,8125.483051199387,8996.25,-13.498403197512854
2015-12-07,7765.39990234375,-0.0021203048364873,-0.085799754680957,7892.923341523499,7972.847710031987,8121.900134295351,8996.25,-13.681812951577044
2015-12-08,7701.7001953125,-0.0082030169511326,-0.1032282251550082,7874.711613312928,7962.214474160634,8117.719040375124,8996.25,-14.389882503126303
2015-12-09,7612.5,-0.0115818836166577,-0.1102631339255324,7849.739078711697,7948.500181056296,8112.691985247014,8996.25,-15.381408920383487
2015-12-10,7683.2998046875,0.009300466954023,-0.098701464139192,7833.887719280821,7938.100166296736,8108.419426236472,8996.25,-14.594416510351538
2015-12-11,7610.4501953125,-0.0094815523573029,-0.1086013309154281,7812.607955093362,7925.251147826766,8103.464508515835,8996.25,-15.404194021814645
2015-12-14,7650.0498046875,0.0052033202187422,-0.1067617748159452,7797.126226483279,7914.458938291893,8098.952919423016,8996.25,-14.964014954147563
2015-12-15,7700.89990234375,0.0066470283141284,-0.0980757201666799,7787.961814660467,7906.084074137064,8094.992192884914,8996.25,-14.39877835382798
2015-12-16,7750.89990234375,0.0064927476832652,-0.0814564747022487,7784.432108725542,7899.998420341248,8091.568388998933,8996.25,-13.842991220300128
2015-12-17,7844.35009765625,0.0120566897379543,-0.0595094040108526,7790.1385838618,7897.816133177131,8089.108505502986,8996.25,-12.804222896693062
2015-12-18,7761.9501953125,-0.0105043631808796,-0.0710537381959672,7787.453975428533,7892.48805718244,8085.853198933927,8996.25,-13.72015900722523
2015-12-21,7834.4501953125,0.0093404361243882,-0.05528225032472,7791.929805893673,7890.212062599305,8083.351676509834,8996.25,-12.914267663609834
2015-12-22,7786.10009765625,-0.0061714729752418,-0.0532580504277278,7791.374595585347,7886.129240444676,8080.393949357062,8996.25,-13.45171490725302
2015-12-23,7865.9501953125,0.010255467648083,-0.043025138798627,7798.4770336546,7885.337905341454,8078.260180660102,8996.25,-12.56412176948729
2015-12-24,7861.0498046875,-0.0006229877514251,-0.0256024456428815,7804.4363451815425,7884.385430806004,8076.098883386743,8996.25,-12.618593250659991
2015-12-28,7925.14990234375,0.0081541396186075,-0.0130326913359233,7815.932874435086,7885.984037532975,8074.596903475868,8996.25,-11.906073059955537
2015-12-29,7928.9501953125,0.0004795231655652,-0.0282315412950833,7826.696428804364,7887.668984896878,8073.147682499119,8996.25,-11.86382998124218
2015-12-30,7896.25,-0.0041241519377724,-0.0399929712956976,7833.320578442043,7888.00549529308,8071.387506553854,8996.25,-12.227316937612898
2015-12-31,7946.35009765625,0.0063447962838372,-0.0453688013387494,7844.085294557682,7890.293518915165,8070.14335323149,8996.25,-11.67041714429623
2016-01-01,8264.046221061488,0.039980131695801,-0.0003572975612087,7884.0815732723295,7904.950487626786,8072.072735000944,8996.25,-8.138988789090028
2016-01-04,7791.2998046875,-0.0572051999381563,-0.0468308790442277,7875.245214359488,7900.493598099755,8069.278974500313,8996.25,-13.393916301931364
2016-01-05,7784.64990234375,-0.0008535035886758,-0.0507335084882829,7866.617089405609,7895.950708070108,8066.446844429103,8996.25,-13.467834905168818
2016-01-06,7741.0,-0.0056071760312057,-0.0612759439573454,7854.653557081265,7889.874209714418,8063.208567370108,8996.25,-13.9530359872169
2016-01-07,7568.2998046875,-0.022309804329221,-0.0824356918513018,7827.381771139001,7877.263448732971,8058.284102069783,8996.25,-15.872726917465608
2016-01-08,7601.35009765625,0.0043669375978314,-0.0822618326861392,7805.854945093025,7866.443317318198,8053.737495060694,8996.25,-15.50534836563846
2016-01-11,7563.85009765625,-0.0049333341469908,-0.1043010460499727,7782.806864384761,7854.576916547141,8048.862993593983,8996.25,-15.922188715784358
2016-01-12,7510.2998046875,-0.0070797665576877,-0.1054321531344695,7756.85381108026,7841.075853336959,8043.504155893422,8996.25,-16.51743999235793
2016-01-13,7562.39990234375,0.0069371528449146,-0.0973933507873785,7738.334391200592,7830.1473846705585,8038.717048892928,8996.25,-15.938308713700156
2016-01-14,7536.7998046875,-0.0033851816866119,-0.0726620959935085,7719.140621056488,7818.643558004556,8033.722847458048,8996.25,-16.22287281158816
2016-01-15,7437.7998046875,-0.0131355485836875,-0.0819911239014334,7692.346257592775,7803.708508854868,8027.7932649429185,8996.25,-17.323331335973325
2016-01-18,7351.0,-0.0116700915548703,-0.1073032875052032,7659.837090202987,7785.9552339978145,8021.059003600203,8996.25,-18.288175628734194
2016-01-19,7435.10009765625,0.0114406336085226,-0.1025288070908021,7638.433567103298,7772.1962090432435,8015.228566725139,8996.25,-17.353340584618593
2016-01-20,7309.2998046875,-0.0169197847125697,-0.1217950492986302,7607.08749449227,7754.0434088724305,8008.204399938695,8996.25,-18.751704269139925
2016-01-21,7276.7998046875,-0.0044463903340177,-0.123213791094189,7575.631524034673,7735.327973414198,8000.926742274504,8996.25,-19.11296590593303
2016-01-22,7422.4501953125,0.0200157204450197,-0.1033034689674431,7561.0428260611325,7723.058256625896,7995.170756732594,8996.25,-17.49395364387939
2016-01-25,7436.14990234375,0.0018457122204607,-0.12455636404189,7549.148261897572,7711.806948614832,7989.608360171511,8996.25,-17.341671225858
2016-01-27,7437.75,0.0002151782410606,-0.12638890147441,7538.538903621613,7701.059617296604,7984.117232209605,8996.25,-17.323884952063363
2016-01-28,7424.64990234375,-0.0017612984647574,-0.131691003923404,7527.69233207134,7690.220020631787,7978.550393106463,8996.25,-17.469502266569403
2016-01-29,7563.5498046875,0.0187079396565086,-0.1301865145063718,7531.107329463355,7685.252561182991,7974.421034017718,8996.25,-15.92552669515076
2016-02-01,7555.9501953125,-0.0010047675458274,-0.1344349395369151,7533.473316687083,7680.181880168463,7970.257145075378,8996.25,-16.010001997360014
2016-02-02,7455.5498046875,-0.0132875929604837,-0.1490458748278191,7526.05202982998,7671.37277916921,7965.135679001867,8996.25,-17.126026903570935
2016-02-03,7361.7998046875,-0.0125745253476888,-0.1668024661420518,7510.408960768791,7659.232662522869,7959.132336968889,8996.25,-18.168127778935677
2016-02-04,7404.0,0.0057323204151287,-0.1690701980809157,7500.274774028906,7649.223538502364,7953.608632123428,8996.25,-17.69904126719466
2016-02-05,7489.10009765625,0.0114938003317464,-0.1598779195514404,7499.210519136272,7642.944187880948,7948.986656656093,8996.25,-16.753090480408506
2016-02-08,7387.25,-0.0135997778542343,-0.1748255684447366,7488.547612551864,7632.916964826793,7943.397237186879,8996.25,-17.885229956926494
2016-02-09,7298.2001953125,-0.0120545270144505,-0.1714970232743561,7470.419287100496,7619.790817002704,7936.977366123452,8996.25,-18.87508467069612
2016-02-10,7215.7001953125,-0.011304156886925,-0.1797917708733648,7446.160325977829,7603.94412595603,7929.800478851702,8996.25,-19.79213344101709
2016-02-11,6976.35009765625,-0.0331707375829912,-0.2032992156429334,7401.416494709108,7579.33259543447,7920.313410382096,8996.25,-22.452687534736693
2016-02-12,6980.9501953125,0.0006593845767279,-0.1997718813097716,7361.372085242764,7555.866618959099,7910.966512719712,8996.25,-22.40155403293039
2016-02-15,7162.9501953125,0.026070949499426,-0.1777781564192642,7342.474762392263,7540.458131757271,7903.5235642878,8996.25,-20.37848886688898
2016-02-16,7048.25,-0.016012982386442,-0.1862129696811841,7314.453356450143,7521.155852080516,7895.013379568519,8996.25,-21.653466722245383
2016-02-17,7108.4501953125,0.0085411549409428,-0.1662961852401024,7294.834007770367,7504.971316520986,7887.186880222688,8996.25,-20.984296842434347
2016-02-18,7191.75,0.0117184199647948,-0.1603866460429297,7285.016483220808,7492.68812763781,7880.267110270224,8996.25,-20.05835764902043
2016-02-19,7210.75,0.0026419160844022,-0.1642036217728354,7277.943484818827,7481.631730475543,7873.605248476491,8996.25,-19.84715853827984
2016-02-22,7234.5498046875,0.0033006004489823,-0.1695450331013728,7273.810753377748,7471.942243189737,7867.246487841775,8996.25,-19.582606033764076
2016-02-23,7109.5498046875,-0.0172782002162744,-0.1926012373303617,7258.166853502486,7457.7307750131795,7859.707217362628,8996.25,-20.97207386758372
2016-02-24,7018.7001953125,-0.0127785319564257,-0.2032669258757619,7235.36050510344,7440.513889534722,7851.338988287503,8996.25,-21.98193474711685
2016-02-25,6970.60009765625,-0.0068531346713418,-0.214057750542339,7210.145228203708,7422.085897696351,7842.575417236447,8996.25,-22.5166030550924
2016-02-26,7029.75,0.0084856255580689,-0.2097230948533542,7192.964730279546,7406.700176218063,7834.487602139567,8996.25,-21.859107961650693
2016-02-29,6987.0498046875,-0.0060742124986663,-0.209037072806399,7173.353784985065,7390.243298903139,7826.055385249497,8996.25,-22.333752344726964
2016-03-01,7222.2998046875,0.0336694322462356,-0.1750610062231534,7178.015310671011,7383.657279522134,7820.04786703495,8996.25,-19.71877388147839
2016-03-02,7368.85009765625,0.0202913610528372,-0.1590086364948469,7196.190052288653,7383.076605723471,7815.558336991381,8996.25,-18.089758536543
2016-03-03,7475.60009765625,0.014486656477644,-0.1473266876550515,7222.800532799853,7386.704977956129,7812.175667943271,8996.25,-16.903153006461025
2016-03-04,7485.35009765625,0.0013042431206367,-0.1380147705949285,7247.805253262367,7390.573414022801,7808.923672219023,8996.25,-16.794774515423093
2016-03-08,7485.2998046875,-6.71885323921817e-06,-0.1536869801598124,7270.423781969523,7394.288174441025,7805.703534233635,8996.25,-16.79533355912186
2016-03-09,7531.7998046875,0.0062121760267879,-0.1590923264925894,7295.316736514092,7399.680787391868,7802.9781239893955,8996.25,-16.27845152494095
2016-03-10,7486.14990234375,-0.0060609553529741,-0.1678588409233014,7313.491323735964,7403.071733076255,7799.825604371032,8957.997177321102,-16.78588409233014
2016-03-11,7510.2001953125,0.0032126384433233,-0.1582993991108916,7332.225501981348,7407.272849242383,7796.9437595047775,8957.997177321102,-16.518547224538004
2016-03-14,7538.75,0.0038014705260878,-0.1565270901513245,7351.894501792649,7412.428815938761,7794.374667370402,8957.997177321102,-16.201194942337082
2016-03-15,7460.60009765625,-0.0103664271057867,-0.1480172326883546,7362.247415684421,7414.317885810035,7791.053527373247,8957.997177321102,-17.06988914651938
2016-03-16,7498.75,0.0051135165863849,-0.1392668581892961,7375.247661809714,7417.628949111602,7788.145034563563,8957.997177321102,-16.64582464915937
2016-03-17,7512.5498046875,0.0018402806717785,-0.1364835848445162,7388.324056369503,7421.351335604775,7785.402793470269,8957.997177321102,-16.492429571349177
2016-03-18,7604.35009765625,0.0122195919302219,-0.1335061420172915,7408.897965063479,7428.527757646009,7783.601274108936,8957.997177321102,-15.47200113762679
2016-03-21,7704.25,0.0131372045027937,-0.1091035240380445,7437.026730295529,7439.340394601068,7782.81170919243,8957.997177321102,-14.361539530359869
2016-03-22,7714.89990234375,0.0013823412199436,-0.1063633142865675,7463.490841919169,7450.146649806663,7782.135969820802,8957.997177321102,-14.24315795644019
2016-03-23,7716.5,0.0002074035537082,-0.1154150180814022,7487.586952212581,7460.59187922601,7781.48287559373,8957.997177321102,-14.225371682645548
2016-03-28,7615.10009765625,-0.01314065992921,-0.1232802869952898,7499.731061302455,7466.651025046804,7779.827325564502,8957.997177321102,-15.352506903918297
2016-03-29,7597.0,-0.0023768693023248,-0.1201728319830551,7508.99476974984,7471.762749554772,7778.008148195701,8957.997177321102,-15.553702931777124
2016-03-30,7735.2001953125,0.0181914170478478,-0.0975043644453741,7530.538143612951,7482.093629780566,7777.582198415769,8957.997177321102,-14.017505123662632
2016-03-31,7738.39990234375,0.000413655361265,-0.0950192905032616,7550.334501587313,7492.144856155593,7777.192324823013,8957.997177321102,-13.981938003682092
2016-04-01,7713.0498046875,-0.0032758836421172,-0.0971444725360057,7565.831197120664,7500.807795313707,7776.554090791815,8957.997177321102,-14.263723165902464
2016-04-04,7758.7998046875,0.0059315058450932,-0.0904956179578615,7584.209159746077,7510.92512901464,7776.377431228588,8957.997177321102,-13.755177938724472
2016-04-05,7603.2001953125,-0.0200545977846978,-0.0885803013264949,7586.017829800022,7514.543759065537,7774.654274652308,8957.997177321102,-15.484783156176183
2016-04-06,7614.35009765625,0.0014664749128432,-0.0871616585850368,7588.716141024424,7518.457733127919,7773.059208214537,8957.997177321102,-15.360843710921213
2016-04-07,7546.4501953125,-0.0089173601782048,-0.1113773219420396,7584.690812861384,7519.555476743,7770.804392165761,8957.997177321102,-16.115601552730308
2016-04-08,7555.2001953125,0.0011594855559287,-0.1102107884451183,7581.882182618633,7520.953308843766,7768.659076774186,8957.997177321102,-16.01833880436293
2016-04-11,7671.39990234375,0.0153800963610923,-0.1065482716734604,7590.407679735311,7526.85317525553,7767.691323794779,8957.997177321102,-14.726692762609416
2016-04-12,7708.9501953125,0.0048948423295307,-0.1098107544449328,7601.697443123615,7533.994234865608,7767.10683495416,8957.997177321102,-14.309293368764765
2016-04-13,7850.4501953125,0.0183552878686439,-0.093512883807632,7625.388181427318,7546.404272530191,7767.936122121905,8957.997177321102,-12.736415780880929
2016-04-18,7914.7001953125,0.0081842440116828,-0.0917676672479751,7652.941706559241,7560.847249894204,7769.396461158628,8957.997177321102,-12.022229314297627
2016-04-20,7914.75,6.292681500319475e-06,-0.0983732412769013,7677.875829744074,7574.725789114039,7770.842765027696,8957.997177321102,-12.02167569820759
2016-04-21,7912.0498046875,-0.0003411598992387,-0.0988912564210876,7700.17811307202,7587.954181881626,7772.247810198441,8957.997177321102,-12.051690374461575
2016-04-22,7899.2998046875,-0.0016114660947212,-0.105807131006622,7719.142083702066,7600.163814148524,7773.512009148581,8957.997177321102,-12.193416093511187
2016-04-25,7855.0498046875,-0.0056017623199643,-0.1231243268781023,7732.085676176869,7610.159343189268,7774.323330497227,8706.7001953125,-12.685287706683344
2016-04-26,7962.64990234375,0.0136982069282411,-0.0854572083886994,7754.044173907048,7623.982502371797,7776.197226734506,8633.5,-11.489232709809638
2016-04-27,7979.89990234375,0.002166364239488,-0.0727515800204798,7775.554243281972,7637.940047468736,7778.224119029126,8633.5,-11.29748614874253
2016-04-28,7847.25,-0.0166230032916565,-0.0711224579677336,7782.38241058845,7646.148280901335,7778.910943715404,8633.5,-12.771988328470195
2016-04-29,7849.7998046875,0.0003249297126382,-0.0630181367685237,7788.80311478836,7654.13461516746,7779.616305516121,8633.5,-12.74364535570377
2016-05-02,7805.89990234375,-0.0055924868704976,-0.0740002940217999,7790.431380269826,7660.086195056726,7779.877833842765,8633.5,-13.231625373419476
2016-05-03,7747.0,-0.0075455620851691,-0.0775513877611249,7786.295058339367,7663.494579564305,7779.550691217464,8633.5,-13.886341531193558
2016-05-04,7706.5498046875,-0.0052214012278947,-0.0720869564808404,7778.700272277284,7665.183019765215,7778.824314237067,8633.5,-14.335975493261078
2016-05-05,7735.5,0.0037565701962882,-0.0582312469333061,7774.585960631828,7667.9405484018735,7778.393226533215,8633.5,-14.01417257190496
2016-05-06,7733.4501953125,-0.0002649867090039,-0.0666396446960523,7770.668268696654,7670.509554163074,7777.946032192711,8633.5,-14.036957673336117
2016-05-09,7866.0498046875,0.0171462421074843,-0.0453533414621195,7779.752224505306,7678.17779928168,7778.822686645396,8633.5,-12.563014537307216
2016-05-10,7887.7998046875,0.0027650473287161,-0.0358980865748945,7790.042470236944,7686.398270081908,7779.907036078651,8633.5,-12.32124713422259
2016-05-11,7848.85009765625,-0.0049379685077838,-0.0579816353112671,7795.64319665783,7692.768929986784,7780.5930366913635,8633.5,-12.754202054675556
2016-05-12,7900.39990234375,0.0065678161827671,-0.0509801931939288,7805.620025770775,7700.911321059607,7781.785144807308,8633.5,-12.181187691051832
2016-05-13,7814.89990234375,-0.01082223698254,-0.0348400762821106,7806.50382353963,7705.381461502123,7782.114644882297,8633.5,-13.131583689384463
2016-05-16,7860.75,0.0058670102277955,-0.024394004126935,7811.670126059665,7711.474345364785,7782.897086226752,8633.5,-12.621925802417678
2016-05-17,7890.75,0.0038164297299876,-0.0367148873832631,7819.201542625411,7718.504763193618,7783.97024954788,8633.5,-12.288453522300957
2016-05-18,7870.14990234375,-0.0026106640884896,-0.0546650368044503,7824.053767360491,7724.451631395584,7784.827758530923,8633.5,-12.517438906836189
2016-05-19,7783.39990234375,-0.0110226617124745,-0.0422729664526435,7820.181970692231,7726.763328295512,7784.813551006673,8633.5,-13.481729583507018
2016-05-20,7749.7001953125,-0.0043296897826234,-0.0589828107122161,7813.469420656066,7727.662813276571,7784.464164382851,8633.5,-13.85632685493956
2016-05-23,7731.0498046875,-0.0024065951139995,-0.059963325176116,7805.619933420965,7727.795636469156,7783.932678216728,8633.5,-14.063639797832428
2016-05-24,7748.85009765625,0.0023024418957897,-0.0621493323323065,7800.213282395754,7728.621301613748,7783.583597813142,8633.5,-13.865776321731282
2016-05-25,7934.89990234375,0.0240099888812888,-0.052396561572772,7813.040579533659,7736.710658505121,7785.089232684093,8633.5,-11.797694568917604
2016-05-26,8069.64990234375,0.0169819407501534,-0.0353828422728451,7837.47956265843,7749.767099439969,7787.920682133443,8633.5,-10.299848244060028
2016-05-27,8156.64990234375,0.0107811368588284,-0.0316505027936069,7867.876737866556,7765.723287789136,7791.589629598222,8633.5,-9.332778631721547
2016-05-30,8178.5,0.0026788078338353,-0.0287970549815936,7897.459905688789,7781.910609836622,7795.439484030081,8633.5,-9.089898568848133
2016-05-31,8160.10009765625,-0.0022497893677019,-0.0353294546907081,7922.473257304738,7796.741570143275,7799.0679478472575,8633.5,-9.294427148464637
2016-06-01,8179.9501953125,0.0024325801667495,-0.0227352593635196,7946.994870448334,7811.769359365598,7802.857820956365,8633.5,-9.073778570932332
2016-06-02,8218.9501953125,0.0047677551902882,-0.0144375064845762,7972.895377578255,7827.737235285084,7806.998043586775,8633.5,-8.640264606780601
2016-06-03,8220.7998046875,0.0002250420468608,-0.0136539018094515,7996.505323017231,7843.151453693023,7811.115474045489,8633.5,-8.619704824927055
2016-06-06,8201.0498046875,-0.0024024426417412,-0.0141784103032215,8015.985749842971,7857.186683143786,7814.995417633967,8633.5,-8.839240742670562
2016-06-07,8266.4501953125,0.0079746364407662,-0.0198253647671194,8039.839506554355,7873.236232640599,7819.487504974052,8633.5,-8.112266829929137
2016-06-08,8273.0498046875,0.0007983607496653,-0.0190137522838064,8062.050011138464,7888.915196250282,7824.000562682644,8633.5,-8.038907270390439
2016-06-09,8203.599609375,-0.0083947512649023,-0.0039884398203725,8075.530925256229,7901.255761470859,7827.777667624857,8633.5,-8.810897769904125
2016-06-10,8170.0498046875,-0.0040896443372443,0.0042961618925032,8084.532723297302,7911.7967043421,7831.183360530953,8633.5,-9.183828765457823
2016-06-13,8110.60009765625,-0.0072765415698128,-0.0024659535127345,8087.015330379107,7919.592915844616,7833.963626572001,8633.5,-9.844656410657215
2016-06-14,8108.85009765625,-0.0002157670183375,-0.0007209259141366,8089.094832024549,7927.014766111739,7836.698815339008,8633.5,-9.864108960330697
2016-06-15,8206.599609375,0.0120546699644876,0.020194763772853,8100.285763200783,7937.97887761226,7840.37942025479,8633.5,-8.777550541892454
2016-06-16,8140.75,-0.008023982222768,0.0147524555116822,8104.139500038803,7945.930686333348,7843.368182242305,8633.5,-9.509517854661665
2016-06-17,8170.2001953125,0.0036176267926788,0.0056311502809625,8110.430994826774,7954.725569038413,7846.62024207385,8633.5,-9.182157061970264
2016-06-20,8238.5,0.008359624373303,0.0342922657503934,8122.62804293851,7965.85397809573,7850.519543147742,8633.5,-8.422954008614703
2016-06-21,8219.900390625,-0.00225764512654,0.0296885206103696,8131.892076051508,7975.816582508643,7854.194974465924,8633.5,-8.629702480200086
2016-06-22,8203.7001953125,-0.0019708505629796,0.0236838861580042,8138.730944552555,7984.75319477546,7857.672638354945,8633.5,-8.809779682506601
2016-06-23,8270.4501953125,0.0081365723284403,0.0277298467860009,8151.275635101121,7995.956998718089,7861.779877727658,8633.5,-8.067803859246913
2016-06-24,8088.60009765625,-0.0219879321393312,-0.0003645416641372,8145.306536296847,7999.590061421547,7864.036795338888,8633.5,-10.089202749409475
2016-06-27,8094.7001953125,0.0007541598771854,-0.0097741664900107,8140.486884774528,8003.319870593741,7866.331953547581,8633.5,-10.02139563359733
2016-06-28,8127.85009765625,0.0040952600521197,-0.0118055544836719,8139.283381239454,8008.203408909918,7868.934124135728,8633.5,-9.652909849590108
2016-06-29,8204.0,0.0093690092003184,-0.0178496146756899,8145.446868740458,8015.881706599725,7872.268112950298,8633.5,-8.806447130748918
2016-06-30,8287.75,0.0102084349098001,-0.0111912244004135,8158.9995479080335,8026.543208301698,7876.402261080146,8633.5,-7.875503682089757
2016-07-01,8328.349609375,0.0048987492835812,-0.0038871647641596,8175.128125190602,8038.378753441827,7880.899249620394,8633.5,-7.424208871752114
2016-07-04,8370.7001953125,0.0050851114475101,-0.0032507507367826,8193.754036630782,8051.410966848521,7885.772890871061,8633.5,-6.953450656523552
2016-07-05,8335.9501953125,-0.0041513850919495,-0.0053870513616132,8207.296527933802,8062.569367964756,7890.252267034658,8633.5,-7.339722714325414
2016-07-07,8337.900390625,0.0002339499717256,0.002344200697766,8219.73499104725,8073.36666297104,7894.706477219637,8633.5,-7.3180448450743345
2016-07-08,8323.2001953125,-0.0017630571995113,-0.0054131331406465,8229.588820024892,8083.1640563961955,7898.970096305139,8633.5,-7.481448433375015
2016-07-11,8467.900390625,0.0173851633887158,0.0017568317093392,8252.285160082045,8098.251755777717,7904.631094258571,8633.5,-5.8729982979019
2016-07-12,8521.0498046875,0.0062765752560507,0.0090172068988565,8277.881792901611,8114.832071421239,7910.764613765326,8633.5,-5.282203088092263
2016-07-13,8519.5,-0.0001818795480631,0.0040777861591905,8300.893050720506,8130.701401953739,7916.821682285074,8633.5,-5.299430318188136
2016-07-14,8565.0,0.0053406890075708,0.0050280278346339,8326.046093509029,8147.73271952418,7923.271217784726,8633.5,-4.79366402667778
2016-07-15,8541.400390625,-0.0027553542761237,0.0035955006156584,8346.556026567692,8163.170667410487,7929.421756817963,8633.5,-5.055991211615951
2016-07-18,8508.7001953125,-0.0038284348955694,0.0174159420338932,8361.998328352913,8176.720844975272,7935.185721380098,8633.5,-5.419478167986657
2016-07-19,8528.5498046875,0.0023328603569714,0.0240137844751118,8377.860373718111,8190.518059081634,7941.089841612013,8633.5,-5.198835018063086
2016-07-20,8565.849609375,0.0043735225263032,0.0245557779671852,8395.764110447339,8205.236943406864,7947.306356714133,8633.5,-4.784219987494787
2016-07-21,8510.099609375,-0.0065084028487942,0.0059635110696663,8406.653205583307,8217.192342072281,7952.90628957643,8633.5,-5.403922641378356
2016-07-22,8541.2001953125,0.0036545501656923,0.0103027631518455,8419.467204605135,8229.898532395428,7958.759960280272,8633.5,-5.058216531193549
2016-07-25,8635.650390625,0.0110581877432558,0.0131221507426757,8440.05607946417,8245.810369973058,7965.495188442906,8635.650390625,-4.008332464915942
2016-07-26,8590.650390625,-0.0052109566696739,-0.0020212957008014,8454.39839481282,8259.33350803784,7971.715638215863,8635.650390625,-4.508540885091006
2016-07-27,8615.7998046875,0.0029275331807177,0.0006910916662261,8469.769957658029,8273.31257849469,7978.124435892198,8635.650390625,-4.228986470056972
2016-07-28,8666.2998046875,0.0058613246761518,0.0073051633877352,8488.48708594655,8288.723842266956,7984.971951999614,8666.2998046875,-3.667641465193827
2016-07-29,8638.5,-0.0032078055587764,0.0127850919098431,8502.774030142116,8302.440554334918,7991.474718646385,8666.2998046875,-3.976656940391832
2016-08-01,8636.5498046875,-0.0002257562438502,0.0003532524106677,8515.51458009882,8315.542877878157,7997.893376218934,8666.2998046875,-3.998334809642912
2016-08-02,8622.900390625,-0.0015804244022412,0.0038534758306516,8525.741800148931,8327.59611367215,8004.112351486656,8666.2998046875,-4.150058183965544
2016-08-03,8544.849609375,-0.0090515693924585,0.0027342214997891,8527.561591503794,8336.115858601674,8009.492821714401,8666.2998046875,-5.0176505835764935
2016-08-04,8551.099609375,0.0007314347572768,0.0227364680510704,8529.803307491527,8344.546593926118,8014.881943979681,8666.2998046875,-4.948177191885506
2016-08-05,8683.150390625,0.0154425497634509,0.0415197781726039,8544.407791599477,8357.82517418882,8021.531381259734,8683.150390625,-3.480334688064468
2016-08-08,8711.349609375,0.0032475792173825,0.040154961765036,8560.307012340003,8371.688877529454,8028.395244226055,8711.349609375,-3.166879428928715
2016-08-09,8678.25,-0.0037995960280803,0.0304507588947628,8571.539677831432,8383.71088233222,8034.861460701418,8711.349609375,-3.5348061692371813
2016-08-10,8575.2998046875,-0.0118630133163367,0.0049749142731707,8571.897785151057,8391.224173404977,8040.238956661478,8711.349609375,-4.679174048214529
2016-08-11,8592.150390625,0.0019650142060676,0.0057474306085116,8573.826604720005,8399.103632903802,8045.730612720818,8711.349609375,-4.49186727108517
2016-08-12,9030.935241659032,0.0510681064792342,0.0603546862658928,8617.36076061896,8423.881343051065,8055.533643854532,9030.935241659032,0.0
2016-08-16,8642.5498046875,-0.0430061147133398,0.0087068210802407,8619.759717196916,8432.45657684073,8061.37460067874,9030.935241659032,-4.300611471333982
2016-08-17,8624.0498046875,-0.0021405719860551,0.0041216503702536,8620.168296957923,8439.97003675629,8066.973358927584,9030.935241659032,-4.505462901501045
2016-08-18,8673.25,0.0057049989769026,0.0126859859865566,8625.223697247646,8449.118270608984,8073.005962321339,9030.935241659032,-3.960666665054313
2016-08-19,8666.900390625,-0.0007320911278931,0.0165737059824651,8629.192906140726,8457.65874590373,8078.915359617893,9030.935241659032,-4.030976208917614
2016-08-22,8629.150390625,-0.0043556517669032,0.0197109300548408,8629.188857043991,8464.383908441818,8084.3903350508,9030.935241659032,-4.44898385696122
2016-08-23,8632.599609375,0.0003997170745508,0.0339123424224345,8629.513690599326,8470.98060259606,8089.845153700792,9030.935241659032,-4.410790484318161
2016-08-24,8650.2998046875,0.0020503899304304,0.0352388098251716,8631.493320512485,8478.012728168274,8095.42181689469,9030.935241659032,-4.214795331669407
2016-08-25,8592.2001953125,-0.0067164850567972,0.0086458836672496,8627.751118112486,8482.490668056284,8100.364885336658,9030.935241659032,-4.858135227486516
2016-08-26,8572.5498046875,-0.002287003349354,0.0112358890442132,8622.49385016725,8486.022398904566,8105.063242743135,9030.935241659032,-5.075724990885044
2016-08-29,8607.4501953125,0.0040711796863421,0.0166420081231897,8621.061121133464,8490.784273273504,8110.062117893079,9030.935241659032,-4.689271210727175
2016-08-30,8744.349609375,0.0159047581985491,0.0293342916006535,8632.802881918371,8500.728011944151,8116.373436216282,9030.935241659032,-3.1733771156062907
2016-08-31,8786.2001953125,0.0047860147188798,0.0493804538905975,8647.41214986067,8511.922999527224,8123.038379092862,9030.935241659032,-2.709963473302157
2016-09-01,8774.650390625,-0.0013145392127147,0.0571931378070911,8659.53007755251,8522.226034472234,8129.522080700147,9030.935241659032,-2.8378550413229453
2016-09-02,8809.650390625,0.0039887629069979,0.1281406570143424,8673.82725022608,8533.497577850774,8136.289526570046,9030.935241659032,-2.450298281547425
2016-09-06,8943.0,0.0151367651906944,0.1347976421332921,8699.46275020455,8549.556496366431,8144.316496454921,9030.935241659032,-0.9737113522129248
2016-09-07,8917.9501953125,-0.002801051625573,0.1445228133938274,8720.271078310068,8564.003308089807,8152.014344204748,9030.935241659032,-1.251089099004277
2016-09-08,8952.5,0.0038741867728371,0.1262493511758688,8742.388118471014,8579.238472478442,8159.979375605696,9030.935241659032,-0.8685173745595631
2016-09-09,8866.7001953125,-0.0095838932909801,0.1080674059314397,8754.227363884489,8590.511481217032,8167.011423562978,9030.935241659032,-1.818582925818446
2016-09-12,8715.599609375,-0.0170413550260085,0.0933724515354217,8750.548530121681,8595.416898007541,8172.47001247653,9030.935241659032,-3.4917273111361946
2016-09-14,8726.599609375,0.0012621047883116,0.1208281048208135,8748.267680526758,8600.561318061167,8177.983739808854,9030.935241659032,-3.3699237580638863
2016-09-15,8742.5498046875,0.0018277675184461,0.1328948820380329,8747.72312092302,8606.129494007298,8183.601312593716,9030.935241659032,-3.1933064434039093
2016-09-16,8779.849609375,0.0042664675089985,0.1223123621852231,8750.782786489875,8612.94204755113,8189.534131467162,9030.935241659032,-2.780283830691121
2016-09-19,8808.400390625,0.0032518531091367,0.1506653275111622,8756.270177359887,8620.607080612852,8195.692004692613,9030.935241659032,-2.4641395943965527
2016-09-20,8775.900390625,-0.0036896597064991,0.1610177035225526,8758.139721480375,8626.697014338819,8201.465222463085,9030.935241659032,-2.8240137284738287
2016-09-21,8777.150390625,0.0001424355273373,0.1416317615354598,8759.95026139891,8632.597146742199,8207.193433091561,9030.935241659032,-2.810172415624701
2016-09-22,8867.4501953125,0.010288054854791,0.1341480680116455,8770.188350343062,8641.807070215544,8213.763152118636,9030.935241659032,-1.8102781381089672
2016-09-23,8831.5498046875,-0.0040485584733227,0.133980007183686,8776.032298375865,8649.247961763464,8219.910282989968,9030.935241659032,-2.2078049685461343
2016-09-26,8723.0498046875,-0.0122854994196388,0.1198759867270844,8770.98634659602,8652.142151682054,8224.916646389944,9030.935241659032,-3.4092309238502705
2016-09-27,8706.400390625,-0.0019086689214536,0.1059608613325289,8764.83530317021,8654.269925758248,8229.70752941716,9030.935241659032,-3.5935907228852315
2016-09-28,8745.150390625,0.004450748674702,0.1170058220666998,8762.960549594476,8657.833865556944,8234.836314105794,9030.935241659032,-3.164510024562328
2016-09-29,8591.25,-0.0175983698107679,0.0876170355307344,8746.607163918812,8655.22273357432,8238.382718940564,9030.935241659032,-4.868656787956982
2016-09-30,8611.150390625,0.002316355667103,0.0788346754507007,8733.706518843212,8653.494406399835,8242.091850002102,9030.935241659032,-4.6482987619886345
2016-10-03,8738.099609375,0.0147424226719126,0.0953980146171589,8734.124908417667,8656.8122574969,8247.027250592877,9030.935241659032,-3.242583679851929
2016-10-04,8769.150390625,0.0035534936242527,0.1225230914778545,8737.46066862789,8661.217674482315,8252.222505717575,9030.935241659032,-2.898756817859105
2016-10-05,8743.9501953125,-0.0028737328235858,0.1144539511016144,8738.078718788329,8664.462087063892,8257.115318549366,9030.935241659032,-3.1777998476026137
2016-10-06,8709.5498046875,-0.0039341933401497,0.1068882003796785,8735.361679350155,8666.230232853053,8261.617154232332,9030.935241659032,-3.558717102620834
2016-10-07,8697.599609375,-0.0013720795655899,0.1156919059823267,8731.765291733474,8667.460404481366,8265.955288114348,9030.935241659032,-3.691042216163609
2016-10-10,8708.7998046875,0.0012877340663539,0.1103489630069654,8729.578102491001,8669.081557430627,8270.361701214579,9030.935241659032,-3.567021890330302
2016-10-13,8573.349609375,-0.0155532562867726,0.0785580035857702,8714.699198384715,8665.32736338923,8273.3765062709,9030.935241659032,-5.066868713366734
2016-10-14,8583.400390625,0.0011723284023095,0.079550805072367,8702.194550026647,8662.114540927887,8276.461321040593,9030.935241659032,-4.955575907239229
2016-10-17,8520.400390625,-0.0073397484834576,0.0494008837690576,8684.880820559823,8656.55712326895,8278.88857546432,9030.935241659032,-5.653178074835175
2016-10-18,8677.900390625,0.0184850468028823,0.0643943252793188,8684.216017708888,8657.394114145658,8282.85884228184,9030.935241659032,-3.9091726558453055
2016-10-19,8659.099609375,-0.0021665126820665,0.0589062186983406,8681.823978819946,8657.460996311514,8286.602531506647,9030.935241659032,-4.117354651916694
2016-10-20,8699.400390625,0.0046541537882722,0.0701224927110839,8683.49792280138,8659.105678441456,8290.70997289091,9030.935241659032,-3.671102074840338
2016-10-21,8693.0498046875,-0.0007300027188475,0.061461298627647,8684.407625838154,8660.436820647183,8294.713354301823,9030.935241659032,-3.741422432229291
2016-10-24,8708.9501953125,0.0018290923188344,0.0694226252365903,8686.745013407139,8662.339305928175,8298.83511391387,9030.935241659032,-3.565356607378145
2016-10-25,8691.2998046875,-0.0020266955521803,0.0688170488254817,8687.178803052888,8663.475011761875,8302.7402352151,9030.935241659032,-3.760800270218068
2016-10-26,8615.25,-0.0087501071642338,0.0625747855507676,8680.328440857375,8661.583834830037,8305.849785113458,9030.935241659032,-4.602903581253759
2016-10-27,8615.25,0.0,0.0532734274711168,8674.130494109053,8659.766821699448,8308.928394216808,9030.935241659032,-4.602903581253759
2016-10-28,8638.0,0.0026406662604103,0.048536332843599,8670.689494670096,8658.91322084849,8312.20273855296,9030.935241659032,-4.350991687399675
2016-11-01,8626.25,-0.0013602685806899,0.0424408557775155,8666.457161844373,8657.63231022698,8315.327586925569,9030.935241659032,-4.481100028181451
2016-11-02,8514.0,-0.0130126068685697,0.0305446971783454,8651.937432144909,8651.999670610236,8317.304426856657,9030.935241659032,-5.72404992203297
2016-11-03,8484.9501953125,-0.0034120043090791,0.028266901908591,8636.033885779918,8645.448710794639,8318.97254395572,9030.935241659032,-6.045719869941523
2016-11-04,8433.75,-0.0060342363990286,0.0166717660200828,8616.768753800878,8637.146800567398,8320.114608194968,9030.935241659032,-6.612662206946862
2016-11-07,8497.0498046875,0.0075055348673485,0.0286300555764213,8605.366949123412,8631.65280072897,8321.8751574138,9030.935241659032,-5.911740286972256
2016-11-08,8543.5498046875,0.0054724876361613,0.0377326822047117,8599.479602034278,8628.197781276363,8324.08087529712,9030.935241659032,-5.396843448984767
2016-11-09,8432.0,-0.0130566108043634,0.0319169520332045,8583.5291637453,8620.503750638074,8325.154697433469,9030.935241659032,-6.632040044935639
2016-11-10,8525.75,0.0111183586337761,0.0510370758467655,8578.026386245747,8616.787917279718,8327.150670593335,9030.935241659032,-5.593941581251183
2016-11-11,8296.2998046875,-0.0269126112438788,0.0285774511618852,8551.1952832402,8604.219756001592,8326.843696803227,9030.935241659032,-8.13465513054189
2016-11-15,8108.4501953125,-0.0226425772690691,0.007160827746758,8509.029084389944,8584.777812445158,8324.670627136653,9030.935241659032,-10.214723300098283
2016-11-16,8111.60009765625,0.0003884715658204,0.00631457579496,8471.17870470102,8566.221823629907,8322.550522365704,9030.935241659032,-10.179844273071048
2016-11-17,8079.9501953125,-0.0039018075302916,0.0049439067478909,8433.918846664019,8547.152348009617,8320.136588763186,9030.935241659032,-10.530305233058346
2016-11-18,8074.10009765625,-0.0007240264500198,0.014914291389023,8399.650394377564,8528.601279368308,8317.688464473564,9030.935241659032,-10.595083658544825
2016-11-21,7929.10009765625,-0.0179586577137048,-0.003168061004741,8354.836080404106,8505.09142910509,8313.82191355996,9030.935241659032,-12.200675949043438
2016-11-22,8002.2998046875,0.0092317799157166,0.0110040943028304,8321.261197002525,8485.37411050048,8310.722191083616,9030.935241659032,-11.39013191265632
2016-11-23,8033.2998046875,0.0038738863522509,0.0321133835553042,8293.836302496331,8467.645706350952,8307.96176932843,9030.935241659032,-11.046867353998003
2016-11-24,7965.5,-0.0084398449374363,0.0261844181777191,8262.566178449062,8447.953717866601,8304.55418953412,9030.935241659032,-11.79761800022946
2016-11-25,8114.2998046875,0.0186805353948276,0.0394153284633638,8248.445571424152,8434.869250683107,8302.661111077934,9030.935241659032,-10.14995028137463
2016-11-28,8126.89990234375,0.0015528262400374,0.0369184381428995,8236.869793416496,8422.792021336465,8300.912243329336,9030.935241659032,-10.010428766502876
2016-11-29,8142.14990234375,0.0018764842908427,0.0530730370705498,8227.848851409568,8411.786448042634,8299.33251854341,9030.935241659032,-9.841564749743537
2016-11-30,8224.5,0.0101140483341561,0.0486755283542124,8227.529913180086,8404.441881452727,8298.587916368848,9030.935241659032,-8.92969797789055
2016-12-01,8192.900390625,-0.0038421313605689,0.042811487777602,8224.231863412935,8396.146136714386,8297.536299197267,9030.935241659032,-9.27960204130619
2016-12-02,8086.7998046875,-0.0129503083009417,0.03026401308246,8211.143095915275,8384.01490800745,8295.439418654882,9030.935241659032,-10.454459164055407
2016-12-05,8128.75,0.0051874902712669,0.0379424253841405,8203.296134399534,8374.004519458138,8293.780817474237,9030.935241659032,-9.9899425421336
2016-12-06,8143.14990234375,0.0017714780678148,0.0328965859206682,8197.567921822792,8364.951397218358,8292.282002398311,9030.935241659032,-9.83049169946424
2016-12-07,8102.0498046875,-0.0050471989523882,0.0200623976049156,8188.470958286098,8354.6415308446,8290.389144709647,9030.935241659032,-10.285595147296068
2016-12-08,8246.849609375,0.0178719963685887,0.0392677747235437,8194.030829818374,8350.414396669321,8289.955915502336,9030.935241659032,-8.68221962955844
2016-12-09,8261.75,0.0018067979083868,0.038573722035879,8200.480274597576,8346.937361505818,8289.67525962669,9030.935241659032,-8.517226854986593
2016-12-12,8170.7998046875,-0.0110085872015613,0.0301902833796239,8197.653563177568,8340.030006336472,8288.492419279037,9030.935241659032,-9.524322940594145
2016-12-13,8221.7998046875,0.006241739024219,0.0454785204739243,8199.953205226133,8335.393527840433,8287.82881117365,9030.935241659032,-8.959597376349793
2016-12-14,8182.4501953125,-0.0047860091840919,0.0514720438447315,8198.286251901025,8329.39575009424,8286.780267732245,9030.935241659032,-9.395317579430015
2016-12-15,8153.60009765625,-0.0035258506886821,0.0499910114346247,8194.030427687238,8322.501802939809,8285.455091910593,9030.935241659032,-9.71477616134041
2016-12-16,8139.4501953125,-0.0017354177509658,0.056838099237676,8188.832310318215,8315.323308523051,8284.002306869817,9030.935241659032,-9.871458741439952
2016-12-19,8104.35009765625,-0.0043123425801492,0.0646108502668307,8180.786385302789,8307.049849273373,8282.214722698538,9030.935241659032,-10.260123887595974
2016-12-20,8082.39990234375,-0.0027084460873485,0.0519438402511331,8171.416244068595,8298.240047432995,8280.226515530829,9030.935241659032,-10.503179503931758
2016-12-21,8061.2998046875,-0.0026106228238139,0.059240859319031,8160.928964127538,8288.948273207681,8278.048140298557,9030.935241659032,-10.736821946177578
2016-12-22,7979.10009765625,-0.0101968304147989,0.043012830160547,8143.611929225511,8276.797364362526,8275.073532909082,9030.935241659032,-11.647023435078408
2016-12-23,7985.75,0.0008334150796909,0.03698919623271,8128.577459775463,8265.383742230662,8272.19469178561,9030.935241659032,-11.57338873207362
2016-12-26,7908.25,-0.0097047866512225,0.0203008811413845,8107.5938921778,8251.378497437303,8268.573351568837,9030.935241659032,-12.431550128719426
2016-12-27,8032.85009765625,0.0157557105119654,0.0240300340567818,8100.4754355567,8242.808756269418,8266.227846554782,9030.935241659032,-11.051846982565984
2016-12-28,8034.85009765625,0.0002489776325569,0.0351586773268084,8094.225403375705,8234.653514755177,8263.925580396588,9030.935241659032,-11.029700882007386
2016-12-29,8103.60009765625,0.0085564757480733,0.0343546637777834,8095.118231402424,8229.514165065022,8262.330301961361,9030.935241659032,-10.268428675305453
2016-12-30,8185.7998046875,0.0101436035886104,0.0513350332025099,8103.754571715288,8227.799876422767,8261.56880447605,9030.935241659032,-9.358227186404624
2017-01-02,8179.5,-0.0007696016073948,0.0398616564943865,8110.968422028118,8225.905763621875,8260.752199456389,9030.935241659032,-9.42798524045909
2017-01-03,8192.25,0.001558774986246,0.0421318021818164,8118.709524692106,8224.58592975435,8260.07058553145,9030.935241659032,-9.286803849398009
2017-01-04,8190.5,-0.0002136165278159,0.033482028848158,8125.546712816667,8223.249226626729,8259.378340899297,9030.935241659032,-9.306181687386784
2017-01-05,8273.7998046875,0.0101702954261033,0.0434924675878114,8139.666054899604,8225.231602236956,8259.521838051418,9030.935241659032,-8.383798761826156
2017-01-06,8243.7998046875,-0.0036259035398709,0.0440145391404147,8149.583554879404,8225.959767038938,8259.365399908495,9030.935241659032,-8.715990270205175
2017-01-09,8236.0498046875,-0.0009401004613908,0.0364569523707112,8157.818435813509,8226.355454789862,8259.133403936146,9030.935241659032,-8.801806409869762
2017-01-10,8288.599609375,0.0063804622280927,0.0029711097514115,8170.273785676508,8228.796402028494,8259.426600010165,9030.935241659032,-8.219919780397634
2017-01-11,8380.650390625,0.011105709720359,0.0756421394005306,8190.30965281446,8234.751460404828,8260.632806881955,9030.935241659032,-7.20063685136747
2017-01-12,8407.2001953125,0.0031679885748723,0.079971520977625,8210.96589495713,8241.514155891404,8262.091188856388,9030.935241659032,-6.906649529157161
2017-01-13,8400.349609375,-0.0008148474852923,0.085176283345175,8229.002439187403,8247.742997204487,8263.46689453319,9030.935241659032,-6.982506411685774
2017-01-16,8412.7998046875,0.0014821044232022,0.1115838460147879,8246.506950187413,8254.215813184213,8264.952794136716,9030.935241659032,-6.844644773003338
2017-01-17,8398.0,-0.0017592008642893,0.1048037377714499,8260.934859693374,8259.854408745618,8266.276646931376,9030.935241659032,-7.008523754431861
2017-01-18,8417.0,0.002262443438914,0.1127930738088145,8275.798206389243,8266.016980951672,8267.77638178778,9030.935241659032,-6.7981357991251485
2017-01-19,8435.099609375,0.0021503634757038,0.1231375349503747,8290.969768578363,8272.64767226239,8269.441289524966,9030.935241659032,-6.597717914480072
2017-01-20,8349.349609375,-0.0101658550545976,0.1040608427474667,8296.529753416138,8275.655591364846,8270.236397185166,9030.935241659032,-7.547231975930114
2017-01-23,8391.5,0.0050483441941,0.1134035953536831,8305.574538805078,8280.19850935054,8271.44300019825,9030.935241659032,-7.080498581247319
2017-01-24,8475.7998046875,0.01004585648424,0.1395573996688945,8321.786468889119,8287.86914838336,8273.476401237944,9030.935241659032,-6.1470426054073934
2017-01-25,8602.75,0.0149779605745632,0.1702829547000408,8348.544900423489,8300.21741707421,8276.752755454481,9030.935241659032,-4.741316709745025
2017-01-27,8641.25,0.0044753131266164,0.1622237611466672,8376.421576573634,8313.591243855613,8280.379593708665,9030.935241659032,-4.31500427399194
2017-01-30,8632.75,-0.0009836539852451,0.1810638817228105,8400.833807376144,8326.107273508334,8283.885766905594,9030.935241659032,-4.409125201366004
2017-01-31,8561.2998046875,-0.0082766436318091,0.1765199035945117,8416.116283310559,8335.330510025165,8286.64610558999,9030.935241659032,-5.200296806527172
2017-02-01,8716.400390625,0.0181164764084746,0.1743292526408151,8444.714769721459,8350.274426911434,8290.92226763014,9030.935241659032,-3.482860220092221
2017-02-02,8734.25,0.002047818890261,0.1745661551614379,8472.28955355751,8365.33229252275,8295.333488847751,9030.935241659032,-3.2852105980169632
2017-02-03,8740.9501953125,0.0007671174184962,0.1752143047712682,8497.876281343699,8380.062406357642,8299.767485927003,9030.935241659032,-3.211018998440518
2017-02-06,8801.0498046875,0.0068756380064067,0.1853824652269813,8526.749950233585,8396.571716096067,8304.755369695764,9030.935241659032,-2.545533002064804
2017-02-07,8768.2998046875,-0.0037211469911869,0.1592836738185234,8549.754698276814,8411.149288197692,8309.367752133492,9030.935241659032,-2.9081753987119097
2017-02-08,8769.0498046875,8.55353964515082e-05,0.1605489154927957,8570.639946506404,8425.184602569841,8313.941702905175,9030.935241659032,-2.899870611002431
2017-02-09,8778.400390625,0.0010663168924529,0.1774316610568129,8590.42665547008,8439.036202101417,8318.563182384974,9030.935241659032,-2.7963311027755733
2017-02-10,8793.5498046875,0.0017257602055471,0.1944836912147973,8609.771717300311,8452.93869632048,8323.289417432761,9030.935241659032,-2.628580879159559
2017-02-13,8805.0498046875,0.0013077767517584,0.1892287688664911,8628.369630384805,8466.74697507997,8328.083053126838,9030.935241659032,-2.5012408009476017
2017-02-14,8792.2998046875,-0.0014480326951941,0.1740128573577342,8643.982027937442,8479.513752711639,8332.702125281672,9030.935241659032,-2.6424221920086866
2017-02-15,8724.7001953125,-0.0076885014019836,0.1810484544739246,8651.669472449352,8489.128907323437,8336.602603590436,9030.935241659032,-3.390956065479156
2017-02-16,8778.0,0.0061090700533339,0.2027622927688319,8663.7009512637,8500.457185467616,8340.99461748506,9030.935241659032,-2.80076464829756
2017-02-17,8821.7001953125,0.0049783772285827,0.2225702227821628,8678.748498315967,8513.054950559572,8345.777757562944,9030.935241659032,-2.316870188386977
2017-02-20,8879.2001953125,0.0065180179247708,0.2727572542977057,8697.83913612516,8527.413587608706,8351.085443510701,9030.935241659032,-1.68016979732718
2017-02-21,8907.849609375,0.0032265759789518,0.2760225127170159,8717.840133577525,8542.332647285815,8356.6253854596,9030.935241659032,-1.362933394940613
2017-02-22,8926.900390625,0.002138650974748,0.2462602904131381,8737.750634248714,8557.413735259901,8362.299763620449,9030.935241659032,-1.151983136299406
2017-02-23,8939.5,0.0014114204061503,0.268329017841308,8756.96485955836,8572.397510347748,8368.043049554575,9030.935241659032,-1.012467028190478
2017-02-27,8896.7001953125,-0.004787717958219,0.2515667903503382,8770.27298677304,8585.115262699306,8373.30331966162,9030.935241659032,-1.4863914174394257
2017-02-28,8879.599609375,-0.001922126806803,0.2346924753189418,8780.685046068464,8596.663668451294,8378.34109368862,9030.935241659032,-1.675747065330857
2017-03-01,8945.7998046875,0.0074553131024743,0.2406198806902888,8796.410261175039,8610.355281637028,8383.987449021943,9030.935241659032,-0.9427089741360196
2017-03-02,8899.75,-0.0051476453411544,0.2301732989983098,8806.25214106313,8621.704094121851,8389.119414703317,9030.935241659032,-1.4526207767926902
2017-03-03,8897.5498046875,-0.0002472199008398,0.2514927174180745,8814.947156646404,8632.521572967564,8394.17842355888,9030.935241659032,-1.4769836501122846
2017-03-06,8963.4501953125,0.0074065773242744,0.2770812181575754,8829.090303186033,8645.499166000698,8399.842819297723,9030.935241659032,-0.747265311296097
2017-03-07,8946.900390625,-0.0018463654426456,0.2835193907671232,8840.310311513553,8657.318821868317,8405.286178216402,9030.935241659032,-0.9305221307133849
2017-03-08,8924.2998046875,-0.0025260799775062,0.2695045776432305,8848.309310863453,8667.788664331814,8410.450492907657,9030.935241659032,-1.1807795551409872
2017-03-09,8927.0,0.0003025666294942,0.2776494013268689,8855.803662209792,8677.953814750175,8415.590288998128,9030.935241659032,-1.150880156681744
2017-03-10,8934.5498046875,0.0008457269729471,0.2370782224920511,8863.303294826716,8688.016402590854,8420.754065273644,9030.935241659032,-1.0672807897781469
2017-03-14,9087.0,0.0170629968655517,0.2331639101859635,8884.607742938457,8703.662818175528,8427.383378056991,9087.0,0.0
2017-03-15,9084.7998046875,-0.0002421255983823,0.2152602715514124,8903.673653581223,8718.609366666193,8433.92483503839,9087.0,-0.0242125598382325
2017-03-16,9153.7001953125,0.0075841396735512,0.2228820397029431,8927.485705174679,8735.671752103302,8441.086778921714,9153.7001953125,0.0
2017-03-17,9160.0498046875,0.0006936658662091,0.2237385333518939,8949.634667033042,8752.314028675231,8448.240639874608,9160.0498046875,0.0
2017-03-20,9126.849609375,-0.0036244557639315,0.2117753851735149,8966.512280589419,8767.001698506596,8454.992967929338,9160.0498046875,-0.3624455763931555
2017-03-21,9121.5,-0.0005861397529225,0.2184500870259433,8981.27301577138,8780.903592682807,8461.624878696211,9160.0498046875,-0.4208471079248155
2017-03-22,9030.4501953125,-0.0099818894576001,0.2024246971404124,8985.956556680057,8790.689733962403,8467.284832095378,9160.0498046875,-1.4148352043749757
2017-03-23,9086.2998046875,0.0061845874975303,0.2052793639114574,8995.51305649029,8802.282285755544,8473.444185056494,9160.0498046875,-0.8051266267379842
2017-03-24,9108.0,0.0023882323694959,0.220813323429744,9006.22609872931,8814.271215725916,8479.758173264889,9160.0498046875,-0.5682262192599041
2017-03-27,9045.2001953125,-0.0068950158857598,0.2062277306634439,9009.937917451518,8823.327254141075,8485.384462041482,9160.0498046875,-1.2538098790273788
2017-03-28,9100.7998046875,0.0061468633280017,0.2114129079063145,9018.591430521612,8834.208530633092,8491.507997789204,9160.0498046875,-0.646830544192889
2017-03-29,9143.7998046875,0.0047248594544242,0.2024432972261136,9030.51603758503,8846.349364909736,8497.998463529486,9160.0498046875,-0.1774007821626066
2017-03-30,9173.75,0.0032754648999584,0.1907388778920726,9044.157367338838,8859.188605501511,8504.722359414765,9173.75,0.0
2017-03-31,9173.75,0.0,0.1890951426619362,9056.499522830376,8871.524346462236,8511.379350863375,9173.75,0.0
2017-04-03,9237.849609375,0.0069872853931052,0.1971553954999028,9073.77095964415,8885.890043047051,8518.607910649562,9237.849609375,0.0
2017-04-05,9265.150390625,0.002955317785461,0.2166813662077267,9091.997572118516,8900.76299785403,8526.036194032402,9265.150390625,0.0
2017-04-06,9261.9501953125,-0.0003454013348491,0.2191589042138344,9108.183536232227,8914.927201675931,8533.358721408324,9265.150390625,-0.0345401334849171
2017-04-07,9198.2998046875,-0.0068722449681508,0.1891482537532296,9116.766037989872,8926.039852774424,8539.975050595182,9265.150390625,-0.7215272620414548
2017-04-10,9181.4501953125,-0.0018318178068531,0.1864791573425521,9122.926433925362,8936.055944638661,8546.357887856051,9265.150390625,-0.9033873362400358
2017-04-11,9237.0,0.0060502212075235,0.1975807539044205,9133.790583075328,8947.857672299891,8553.229948673405,9265.150390625,-0.3038309087080137
2017-04-12,9203.4501953125,-0.0036321104998917,0.1861950851924561,9140.42483185982,8957.880908496465,8559.699801873794,9265.150390625,-0.6659384112634781
2017-04-13,9150.7998046875,-0.0057207231535643,0.2035458188157561,9141.412924510076,8965.446355405918,8565.581393941593,9265.150390625,-1.2342010773317424
2017-04-17,9139.2998046875,-0.0012567207506942,0.200273127380975,9141.211675003164,8972.264137730686,8571.290034844538,9265.150390625,-1.358322106296761
2017-04-18,9105.150390625,-0.0037365459928324,0.2065474699986347,9137.777266967149,8977.475363334384,8576.602078185637,9265.150390625,-1.7269012725567467
2017-04-19,9103.5,-0.0001812590187086,0.2049316715191897,9134.51276535123,8982.417505948722,8581.844843576824,9265.150390625,-1.7447141579975511
2017-04-20,9136.400390625,0.0036140375267754,0.190969119969051,9134.692539186826,8988.456050445831,8587.362809219096,9265.150390625,-1.3896158677605075
2017-04-21,9119.400390625,-0.0018606890321317,0.1829626809847775,9133.2361440857,8993.591122609721,8592.656715501742,9265.150390625,-1.5730991279696682
2017-04-24,9217.9501953125,0.0108066101351149,0.1741938316883449,9141.304148964444,9002.389517617674,8598.878541171502,9265.150390625,-0.5094379834380214
2017-04-25,9306.599609375,0.0096170419870114,0.1758625569780716,9157.046573765449,9014.319325137569,8605.920541850144,9306.599609375,0.0
2017-04-26,9351.849609375,0.0048621410503593,0.1815723313275845,9175.5992438235,9027.55580687237,8613.342721626512,9351.849609375,0.0
2017-04-27,9342.150390625,-0.0010371444318647,0.1807496946101421,9191.461257804596,9039.892849372472,8620.594539228487,9351.849609375,-0.1037144431864756
2017-04-28,9304.0498046875,-0.004078352878555,0.1778322173778506,9202.183976555349,9050.251945659336,8627.395089133552,9351.849609375,-0.5111267469440683
2017-05-02,9313.7998046875,0.0010479307618374,0.1857085615331797,9212.814055425077,9060.587155817304,8634.224986800755,9351.849609375,-0.4068692962016396
2017-05-03,9311.9501953125,-0.0001985880536179,0.1694536755372848,9222.255592557212,9070.444529915156,8640.968521213807,9351.849609375,-0.4266473021818262
2017-05-04,9359.900390625,0.0051493182745583,0.1729345612312673,9235.36462094462,9081.795740139072,8648.122072153223,9359.900390625,0.0
2017-05-05,9285.2998046875,-0.0079702328896812,0.1832552556229889,9240.120352729658,9089.776291689992,8654.462149093863,9359.900390625,-0.7970232889681239
2017-05-08,9314.0498046875,0.0030962920535411,0.1865334195052497,9247.16125291612,9098.571331415384,8661.02521034355,9359.900390625,-0.4898619004901405
2017-05-09,9316.849609375,0.0003006001413146,0.1935650887065028,9253.798239245536,9107.13126388439,8667.550826254312,9359.900390625,-0.4599491389151944
2017-05-10,9407.2998046875,0.0097082382033391,0.2143151935829998,9268.417435954294,9118.902579210002,8674.911512606881,9407.2998046875,0.0
2017-05-11,9422.400390625,0.00160519875533,0.2226483484079784,9283.082479256263,9130.804454167454,8682.349212885669,9422.400390625,0.0
2017-05-12,9400.900390625,-0.0022817964752794,0.21529317957792,9294.303232719954,9141.396451675591,8689.49897584825,9422.400390625,-0.2281796475279485
2017-05-15,9445.400390625,0.0047335891405015,0.2213695248661678,9308.69343823472,9153.318174771648,8697.020382960456,9445.400390625,0.0
2017-05-16,9512.25,0.007077477566896,0.2092791472451018,9328.07977745046,9167.39393262374,8705.132120443437,9512.25,0.0
2017-05-17,9525.75,0.0014192225814082,0.2076561570869373,9346.90551293137,9181.447111736536,8713.297472478826,9525.75,0.0
2017-05-18,9429.4501953125,-0.010109419697924,0.2013798299101461,9354.766911253382,9191.172722857162,8720.423370218465,9525.75,-1.0109419697924005
2017-05-19,9427.900390625,-0.0001643579058586,0.1933447049722252,9361.73200452687,9200.456160808842,8727.462942560818,9525.75,-1.027211604073175
2017-05-22,9438.25,0.0010977639714238,0.2077250019759555,9369.019432667168,9209.781409404575,8734.53545059504,9525.75,-0.9185628428207804
2017-05-23,9386.150390625,-0.0055200497311471,0.1940527800305314,9370.650952472675,9216.69784004067,8741.019181341608,9525.75,-1.46549730336194
2017-05-24,9360.5498046875,-0.0027274851639997,0.1862687076244336,9369.688938397896,9222.339093556231,8747.183665155995,9525.75,-1.7342486976091087
2017-05-25,9509.75,0.0159392555379369,0.2083314953337767,9383.028087121906,9233.610109495205,8754.771389880812,9525.75,-0.1679657769729448
2017-05-26,9595.099609375,0.0089749582665159,0.2327645668682278,9403.225374955531,9247.786168314018,8763.13286470165,9595.099609375,0.0
2017-05-29,9604.900390625,0.00102143611312,0.2393899310368987,9422.432519305006,9261.790647620332,8771.508660979496,9604.900390625,0.0
2017-05-30,9624.5498046875,0.0020457696866569,0.2449214592889999,9441.68178457953,9276.016496917084,8779.996632558681,9624.5498046875,0.0
2017-05-31,9621.25,-0.0003428528870922,0.2416358399951605,9458.78351938148,9289.555065665434,8788.36731283173,9624.5498046875,-0.0342852887092237
2017-06-01,9616.099609375,-0.0005353140834091,0.2118740913838963,9473.766004142766,9302.360734046202,8796.603455085891,9624.5498046875,-0.0877983436522344
2017-06-02,9653.5,0.0038893514152595,0.1962724674333438,9490.88352755774,9316.130901338507,8805.129788866132,9653.5,0.0
2017-06-05,9675.099609375,0.0022374899647796,0.1861609515194389,9508.427916302242,9330.208105575235,8813.786204990598,9675.099609375,0.0
2017-06-06,9637.150390625,-0.0039223594879816,0.1783518237604695,9520.687199571075,9342.245057930128,8821.978883454622,9675.099609375,-0.3922359487981697
2017-06-07,9663.900390625,0.002775716774745,0.1842869909648132,9534.32655110002,9354.858992545613,8830.356211884178,9675.099609375,-0.1157530072263823
2017-06-08,9647.25,-0.0017229472523487,0.1793775963976325,9545.081165280972,9366.325306563433,8838.484508283342,9675.099609375,-0.2878482961355177
2017-06-09,9668.25,0.0021767861307626,0.1763363653808338,9556.811530492309,9378.16549061977,8846.740881335249,9675.099609375,-0.070796267238038
2017-06-12,9616.400390625,-0.0053628742921417,0.1697645751136924,9562.486660028757,9387.508035718014,8854.399184910271,9675.099609375,-0.6067040249706723
2017-06-13,9606.900390625,-0.0009878956380873,0.171423246952354,9566.71653913316,9396.111657479072,8861.886759096487,9675.099609375,-0.7048942285195259
2017-06-14,9618.150390625,0.0011710332721861,0.1635164022495392,9571.615001180002,9404.819058778912,8869.411770355478,9675.099609375,-0.5886163558958879
2017-06-15,9578.0498046875,-0.0041692616884621,0.1577411028349653,9572.227839609288,9411.612421363565,8876.462895075201,9675.099609375,-1.003088429120258
2017-06-16,9588.0498046875,0.0010440538735876,0.1687613073815015,9573.73469342626,9418.531534435093,8883.543361837514,9675.099609375,-0.8997303201214613
2017-06-19,9657.5498046875,0.007248606485755,0.1820674335603878,9581.71708497495,9427.904799935186,8891.244918482787,9675.099609375,-0.1813914625798274
2017-06-20,9653.5,-0.0004193408027297,0.1902325208697699,9588.553553072574,9436.751670525964,8898.829546159575,9675.099609375,-0.223249478011267
2017-06-21,9633.599609375,-0.0020614689620345,0.1880352322901439,9592.843653672804,9444.471197539651,8906.140691067192,9675.099609375,-0.4289361523450052
2017-06-22,9630.0,-0.0003736515446933,0.1734458190209433,9596.382353323012,9451.746836851822,8913.343271255579,9675.099609375,-0.4661410341584404
2017-06-23,9574.9501953125,-0.0057164906217549,0.1761754378051776,9594.34119541725,9456.578341105182,8919.926424728783,9675.099609375,-1.03512540548375
2017-06-27,9511.400390625,-0.0066370898428914,0.1641575681440448,9586.44207115132,9458.728225400077,8925.811737822278,9675.099609375,-1.6919641694580378
2017-06-28,9491.25,-0.002118551401207,0.1520604478970686,9577.3761596131,9460.003589109878,8931.43798918723,9675.099609375,-1.9002347965167528
2017-06-29,9504.099609375,0.0013538374160411,0.1562305086098927,9570.397440542803,9461.73284480655,8937.136114761239,9675.099609375,-1.7674236638794305
2017-06-30,9520.900390625,0.0017677404426008,0.160561717755743,9565.68343578873,9464.053140720998,8942.944714521078,9675.099609375,-1.5937739659091843
2017-07-03,9615.0,0.0098834779815213,0.1625727466987903,9570.380251427898,9469.972625398606,8949.631831789526,9675.099609375,-0.6211781976566355
2017-07-04,9613.2998046875,-0.0001768273855954,0.1884998255103558,9574.467827928813,9475.59329909621,8956.235493211396,9675.099609375,-0.6387510948995034
2017-07-05,9637.599609375,0.0025277277502206,0.1906061221335864,9580.480378542736,9481.946487734594,8963.015235660785,9675.099609375,-0.3875929087454932
2017-07-06,9674.5498046875,0.0038339624813379,0.1902962884954357,9589.439371508905,9489.49955898765,8970.095181621251,9675.099609375,-0.0056826772818707
2017-07-07,9665.7998046875,-0.0009044348498532,0.1781813511320698,9596.71179371639,9496.413294113136,8977.017615681612,9675.099609375,-0.0961210226558151
2017-07-10,9771.0498046875,0.0108889075013698,0.1789749696464662,9613.315413808876,9507.183353351344,8984.918433482666,9771.0498046875,0.0
2017-07-11,9786.0498046875,0.0015351472257161,0.1750286988038549,9629.766308178268,9518.11929261943,8992.889889912565,9786.0498046875,0.0
2017-07-12,9816.099609375,0.0030706776776372,0.1726736569626406,9647.512336863672,9529.804795237296,9001.081031399754,9816.099609375,0.0
2017-07-13,9891.7001953125,0.0077016930294082,0.186631393368309,9670.768323382608,9543.996771710834,9009.94291362774,9891.7001953125,0.0
2017-07-14,9886.349609375,-0.0005409167111671,0.1857121272989841,9691.299874429502,9557.42237318786,9018.663378262045,9891.7001953125,-0.0540916711167183
2017-07-17,9915.9501953125,0.0029940865038224,0.1913626925490765,9712.695143085026,9571.482287780984,9027.591605297372,9915.9501953125,0.0
2017-07-18,9827.150390625,-0.0089552491630583,0.1605179486410652,9723.595642850738,9581.508487892514,9035.547414106602,9915.9501953125,-0.8955249163058343
2017-07-19,9899.599609375,0.0073723527034974,0.1617816860933201,9740.357925376858,9593.982649519276,9044.14494838788,9915.9501953125,-0.164891771493858
2017-07-20,9873.2998046875,-0.0026566533723842,0.158906016161453,9753.019056739777,9604.936263447444,9052.395245465488,9915.9501953125,-0.4301190484514716
2017-07-21,9915.25,0.0042488525763781,0.1576474022183305,9768.46962276456,9617.10542958676,9060.980864913594,9915.9501953125,-0.0070613032408184
2017-07-24,9966.400390625,0.0051587595496835,0.1668344691538021,9787.320172084605,9630.803271196102,9069.99001442316,9966.400390625,0.0
2017-07-25,9964.5498046875,-0.0001856824796283,0.1711012934945148,9804.19918471345,9643.891370548708,9078.8911068636,9966.400390625,-0.0185682479628357
2017-07-26,10020.650390625,0.0056300171143817,0.1749536111189038,9824.813585276455,9658.66623408111,9088.261846005506,10020.650390625,0.0
2017-07-27,10020.5498046875,-1.003786516629024e-05,0.1698255586603325,9843.455129982269,9672.85774665391,9097.53834310682,10020.650390625,-0.001003786516629
2017-07-28,10014.5,-0.0006037397952625,0.1767782352356608,9859.745117603004,9686.255482079248,9106.66233969282,10020.650390625,-0.0613771600170176
2017-07-31,10077.099609375,0.0062508971366519,0.1798224346626855,9880.445545390814,9701.582702757512,9116.318431928465,10077.099609375,0.0
2017-08-01,10114.650390625,0.003726348126505,0.1712667758766179,9902.750768746451,9717.78143561506,9126.252083258778,10114.650390625,0.0
2017-08-02,10081.5,-0.003277462823206,0.1735432757224027,9919.774505056314,9732.044908728196,9135.757037654212,10114.650390625,-0.3277462823206067
2017-08-03,10013.650390625,-0.0067301105366265,0.162242695701563,9928.715065586664,9743.088260959445,9144.492294897704,10114.650390625,-0.9985515672752632
2017-08-04,10066.400390625,0.005267809234621,0.1615569063489128,9941.827953685552,9755.767168005152,9153.665509780563,10114.650390625,-0.4770308229805065
2017-08-07,10057.400390625,-0.0008940633842045,0.1642530984111825,9952.83485244169,9767.59592183338,9162.65789665464,10114.650390625,-0.5660106656089958
2017-08-08,9978.5498046875,-0.0078400563639686,0.1553861241292937,9955.28389551272,9775.868623121778,9170.776224097752,10114.650390625,-1.3455787464848767
2017-08-09,9908.0498046875,-0.0070651548952416,0.1490391116496883,9950.785410672224,9781.052198869456,9178.112279626008,10114.650390625,-2.0425875137413785
2017-08-10,9820.25,-0.0088614617829193,0.149259548023606,9938.35346679868,9782.58936754124,9184.50170967948,10114.650390625,-2.9106333808420315
2017-08-11,9710.7998046875,-0.0111453573292431,0.1356200077521097,9916.681689454756,9779.774090566583,9189.738506644737,10114.650390625,-3.992729064682432
2017-08-14,9794.150390625,0.008583287433983,0.1279489528592665,9905.01204194716,9780.337867039463,9195.752555241554,10114.650390625,-3.168671062492312
2017-08-16,9897.2998046875,0.0105317367968165,0.1361385145231919,9904.277543160526,9784.924609692329,9202.733124887782,10114.650390625,-2.1488689924365256
2017-08-17,9904.150390625,0.0006921671640436,0.1412612439864027,9904.265433395238,9789.600130513218,9209.712401163775,10114.650390625,-2.0811396525885595
2017-08-18,9837.400390625,-0.0067395987911476,0.1471785960471725,9897.897334083787,9791.4746505176,9215.958052800206,10114.650390625,-2.741073485416512
2017-08-21,9754.349609375,-0.008442350412935,0.1352629046179276,9884.22612220676,9790.018766551224,9221.315182716373,10114.650390625,-3.562167423838525
2017-08-22,9765.5498046875,0.001148225741441,0.0813442399232082,9872.923615776355,9789.059199419313,9226.730452586731,10114.650390625,-3.451435022025795
2017-08-23,9852.5,0.0089037685590178,0.1399992158166394,9870.97850951194,9791.54707395189,9232.957015247564,10114.650390625,-2.5917889447566123
2017-08-24,9857.0498046875,0.0004617918992642,0.1429722726473377,9869.651966195328,9794.115808490542,9239.166893749452,10114.650390625,-2.5468066219694885
2017-08-28,9912.7998046875,0.0056558504932671,0.1429164159556684,9873.761284146964,9798.770082851208,9245.869708783664,10114.650390625,-1.9956259301318944
2017-08-29,9796.0498046875,-0.0117777017896388,0.1302829573631541,9866.36019086511,9798.66340527616,9251.344137598626,10114.650390625,-3.1498922220070225
2017-08-30,9884.400390625,0.0090190013014452,0.1454662328476446,9868.078305127958,9802.025639995723,9257.64320479292,10114.650390625,-2.276400973912185
2017-08-31,9917.900390625,0.0033891787742403,0.1488891920637862,9872.823265651485,9806.56974786354,9264.21292803503,10114.650390625,-1.9451982263505865
2017-09-01,9974.400390625,0.0056967702613153,0.1530699069204497,9882.497277553724,9813.151341697325,9271.279469951349,10114.650390625,-1.3866025476272914
2017-09-04,9912.849609375,-0.0061708753247816,0.1537032871723571,9885.387975822418,9817.061077684682,9277.663252433174,10114.650390625,-1.995133528659021
2017-09-05,9952.2001953125,0.0039696542859164,0.1609381598308827,9891.751044345285,9822.36065092499,9284.375062810084,10114.650390625,-1.606088090430402
2017-09-06,9916.2001953125,-0.0036172905783141,0.1520485126608954,9894.07953491359,9826.040633057832,9290.661880048914,10114.650390625,-1.9620074609443596
2017-09-07,9929.900390625,0.0013815972895521,0.1355790692516394,9897.491044981343,9830.113564727137,9297.022462243702,10114.650390625,-1.8265584361792708
2017-09-08,9934.7998046875,0.0004934001218306,0.1307276847604481,9901.044260191453,9834.218907470678,9303.368505452096,10114.650390625,-1.778119648151144
2017-09-11,10006.0498046875,0.0071717600153737,0.1403360087574714,9911.044788238696,9840.9573740282,9310.360359175833,10114.650390625,-1.0736958940089414
2017-09-12,10093.0498046875,0.0086947398522085,0.1456810834886546,9928.378599329058,9850.843351701114,9318.148313857542,10114.650390625,-0.213557415266874
2017-09-13,10079.2998046875,-0.001362323605459,0.127060248762999,9942.752047458434,9859.802428288816,9325.721960532468,10114.650390625,-0.3494988415048472
2017-09-14,10086.599609375,0.0007242372812548,0.1310446221909573,9956.451815260012,9868.696435390237,9333.2928824115,10114.650390625,-0.277328233470131
2017-09-15,10085.400390625,-0.0001188922725637,0.1265457012705948,9968.73263196144,9877.194629713167,9340.776539209644,10114.650390625,-0.2891844885425931
2017-09-18,10153.099609375,0.0067125960425855,0.1450820920665134,9986.291391715113,9888.01443283716,9348.859355828206,10153.099609375,0.0
2017-09-19,10147.5498046875,-0.0005466118624873,0.1642973816479835,10001.64933580772,9898.192290556784,9356.806524473574,10153.099609375,-0.0546611862487389
2017-09-20,10141.150390625,-0.0006306363787978,0.1620964458745586,10014.935150552225,9907.72005918691,9364.610941052197,10153.099609375,-0.1176903527959738
2017-09-21,10121.900390625,-0.0018982067377479,0.1577744041215449,10025.12231627344,9916.119287870755,9372.146159455904,10153.099609375,-0.3072876259501256
2017-09-22,9964.400390625,-0.0155603191023178,0.1349169785306063,10019.339275735494,9918.012664449356,9378.03923638296,10153.099609375,-1.8585380426659248
2017-09-25,9872.599609375,-0.0092128756022661,0.120816399295683,10005.364069415447,9916.231760328794,9382.9602351192,10153.099609375,-2.7627031231033827
2017-09-26,9871.5,-0.0001113799220577,0.1248418464896652,9992.6151104235,9914.477573649234,9387.821327307069,10153.099609375,-2.773533405650641
2017-09-27,9735.75,-0.0137517094666463,0.1092153565465727,9968.151766573645,9907.468649192402,9391.283304149783,10153.099609375,-4.1105635267247305
2017-09-28,9768.9501953125,0.0034101322766608,0.1016639485019661,9949.180188358296,9902.036552961818,9395.041183663843,10153.099609375,-3.783567864416404
2017-09-29,9788.599609375,0.002011415113154,0.1083671411986522,9933.886799883696,9897.588045370176,9398.957187899776,10153.099609375,-3.590036678685138
2017-10-03,9859.5,0.00724315974239,0.1302812916076445,9926.802342751917,9896.094396532131,9403.539703443064,10153.099609375,-2.891723913590893
2017-10-04,9914.900390625,0.0056189858131752,0.1388059296355479,9925.668823501732,9896.83188649656,9408.627869484675,10153.099609375,-2.3460738879194643
2017-10-05,9888.7001953125,-0.0026425071639926,0.1307638809634894,9922.148001769425,9896.512996646205,9413.40470854764,10153.099609375,-2.604125087262643
2017-10-06,9979.7001953125,0.009202422785872,0.1616121280736213,9927.629163059242,9899.775239731156,9419.039489510476,10153.099609375,-1.70784706871574
2017-10-09,9988.75,0.0009068212982741,0.1599785797348052,9933.450195148838,9903.264446016208,9424.70825080888,10153.099609375,-1.6187136509844269
2017-10-10,10016.9501953125,0.0028231956263296,0.1463533998359822,9941.402576116809,9907.722710694494,9430.601205480558,10153.099609375,-1.340964033651204
2017-10-11,9984.7998046875,-0.0032095987299651,0.1386279582298117,9945.535645504491,9910.745341831474,9436.115619403015,10153.099609375,-1.6576199501883937
2017-10-12,10096.400390625,0.0111770479248975,0.1546726782635985,9959.903716468349,9918.02593198024,9442.685617126615,10153.099609375,-0.5584424553231604
2017-10-13,10167.4501953125,0.0070371421435972,0.1673910159903275,9979.67004778684,9927.807275640327,9449.897204969264,10167.4501953125,0.0
2017-10-16,10230.849609375,0.0062355273785092,0.1762842702424856,10003.591910795236,9939.691288727963,9457.667875659869,10230.849609375,0.0
2017-10-17,10234.4501953125,0.000351934206344,0.1751849192587733,10025.578414082594,9951.2504615352,9465.397052969844,10234.4501953125,0.0
2017-10-18,10210.849609375,-0.0023059945074831,0.1909988597933047,10043.223289824728,9961.430820274018,9472.814491342036,10234.4501953125,-0.2305994507483144
2017-10-19,10146.5498046875,-0.0062972041649173,0.1821130720838573,10053.063910287849,9968.690388290232,9479.518325305671,10234.4501953125,-0.858867735418356
2017-10-23,10184.849609375,0.0037746628582857,0.1953487092673946,10065.61492924853,9977.167220489637,9486.536547037707,10234.4501953125,-0.4846433857308541
2017-10-24,10207.7001953125,0.0022435859942857,0.176286859243071,10079.14685934986,9986.20772930622,9493.712304731984,10234.4501953125,-0.2613721254147272
2017-10-25,10295.349609375,0.0085865976062609,0.1889630647311726,10099.737597447493,9998.330940289308,9501.688795325446,10295.349609375,0.0
2017-10-26,10343.7998046875,0.0047060272016776,0.1890244545859281,10122.981617184636,10011.87873889316,9510.06800934895,10343.7998046875,0.0
2017-10-27,10323.0498046875,-0.0020060326371162,0.1875061154166015,10142.035730280148,10024.081525787056,9518.157380446846,10343.7998046875,-0.2006032637116295
2017-10-30,10363.650390625,0.0039330030083806,0.1899999607533782,10163.141888408229,10037.397951859131,9526.570246219764,10363.650390625,0.0
2017-10-31,10335.2998046875,-0.002735579151063,0.1891546761640115,10179.537880434826,10049.080377460246,9534.617306503023,10363.650390625,-0.2735579151063039
2017-11-01,10440.5,0.0101787270132973,0.2118626853544587,10204.39141563151,10064.430166579452,9543.631064647274,10440.5,0.0
2017-11-02,10423.7998046875,-0.0015995589591015,0.2099242395388989,10225.28745268446,10078.52309356408,9552.388962558123,10440.5,-0.1599558959101576
2017-11-03,10452.5,0.0027533333189682,0.2100601991201667,10246.926742904989,10093.188854600785,9561.345291288888,10452.5,0.0
2017-11-06,10451.7998046875,-6.698831021290097e-05,0.2116272777496015,10266.438463074752,10107.25202911399,9570.205535203302,10452.5,-0.00669883102129
2017-11-07,10350.150390625,-0.0097255416255591,0.2156624842171717,10274.411027603346,10116.7774550556,9577.966180530882,10452.5,-0.979187843817264
2017-11-08,10303.150390625,-0.0045409968189999,0.2142853114585119,10277.148109795884,10124.086197626948,9585.181943815402,10452.5,-1.4288410368332949
2017-11-09,10308.9501953125,0.0005629156585715,0.2223447689713946,10280.176879845085,10131.335766163636,9592.383617959653,10452.5,-1.3733537879693891
2017-11-10,10321.75,0.00124162057678,0.2147451453451387,10284.136224621743,10138.802991019964,9599.640994895375,10452.5,-1.2508969146137303
2017-11-13,10224.9501953125,-0.0093782357340083,0.196803486731298,10278.499459925624,10142.181312756926,9605.86297698908,10452.5,-2.1769892818703678
2017-11-14,10186.599609375,-0.0037506868204679,0.2080881889676233,10269.747093206515,10143.923206741949,9611.641450943169,10452.5,-2.5438927589093496
2017-11-15,10118.0498046875,-0.006729409942098,0.1867636049247867,10255.299732395182,10142.908563524128,9616.680340035153,10452.5,-3.199714855895719
2017-11-16,10214.75,0.0095571970072434,0.2312416668245951,10251.43785311945,10145.725874758476,9622.63128192535,10452.5,-2.2745754604161728
2017-11-17,10283.599609375,0.0067402148241513,0.268257109764324,10254.50087752474,10151.132687880694,9629.208081203456,10452.5,-1.6158851052379797
2017-11-20,10298.75,0.0014732575363192,0.2696323630371893,10258.715079665242,10156.921602081453,9635.8701898482,10452.5,-1.4709399665151834
2017-11-21,10326.900390625,0.0027333793542905,0.278089609588936,10265.208918804266,10163.587436926297,9642.746112243987,10452.5,-1.2016226680220066
2017-11-22,10342.2998046875,0.0014911942092983,0.2809229114820688,10272.550907936004,10170.595765073796,9649.706845502134,10452.5,-1.0542950998564948
2017-11-23,10348.75,0.000623671275665,0.3051607209573468,10279.80796432305,10177.582205659137,9656.66249878072,10452.5,-0.9925855058598444
2017-11-24,10389.7001953125,0.0039570185106896,0.2983392835677732,10290.27389108395,10185.900558194564,9663.956406208898,10452.5,-0.6008113340109977
2017-11-27,10399.5498046875,0.0009480167078781,0.2945551712907903,10300.681120950956,10194.278960017817,9671.275743507193,10452.5,-0.5065792424061244
2017-11-28,10370.25,-0.0028174108723719,0.3018956750988639,10307.306728479436,10201.179785115157,9678.23071123349,10452.5,-0.78689308777804
2017-11-29,10361.2998046875,-0.0008630645657047,0.2769185332173633,10312.448926213538,10207.459001568974,9685.027418631042,10452.5,-0.8725204048074642
2017-11-30,10226.5498046875,-0.0130051250846963,0.2583580365913236,10304.268057496773,10208.207660514798,9690.415701079364,10452.5,-2.161685676273617
2017-12-01,10121.7998046875,-0.0102429462527026,0.243136017647366,10286.890128657797,10204.819117149022,9694.708080219743,10452.5,-3.163838271346564
2017-12-04,10127.75,0.0005878594150563,0.2314122439054045,10271.733925928482,10201.796798829451,9699.016955043428,10452.5,-3.1069122219564704
2017-12-05,10118.25,-0.0009380168349337,0.2350021991696793,10257.116409173388,10198.52045377732,9703.188428127572,10452.5,-3.1977995694809858
2017-12-06,10044.099609375,-0.0073283809576755,0.2420363866993411,10236.829094906874,10192.464734388994,9706.580579184762,10452.5,-3.90720297177709
2017-12-07,10166.7001953125,0.0122062295980285,0.2507089276103336,10230.150152088365,10191.454360307564,9711.158883822847,10452.5,-2.734272228533841
2017-12-08,10265.650390625,0.0097327739986001,0.2606485836236853,10233.53112718709,10194.364008555309,9716.676212248742,10452.5,-1.7876068823247993
2017-12-11,10322.25,0.005513494734507,0.2740294430216889,10241.980543645464,10199.379145474708,9722.701822077112,10452.5,-1.2461133700071736
2017-12-12,10240.150390625,-0.0079536544236963,0.2417045145317091,10241.8062433578,10200.978017833544,9727.850564052716,10452.5,-2.0315676572590258
2017-12-13,10192.9501953125,-0.004609326378225,0.2337519527112899,10237.153286401104,10200.663201264091,9732.478421080175,10452.5,-2.4831361366897897
2017-12-14,10252.099609375,0.005802972930222,0.254724121804267,10238.57674573195,10202.680315307656,9737.648781162712,10452.5,-1.917248415450845
2017-12-15,10333.25,0.007915489872025,0.2568111904292169,10247.593246138433,10207.800695099511,9743.575161449651,10452.5,-1.1408753886629983
2017-12-18,10388.75,0.0053710110565408,0.2696380365323125,10261.0367465062,10214.89674627208,9749.994811584482,10452.5,-0.6099019373355663
2017-12-19,10463.2001953125,0.0071664247683793,0.2832613900600966,10280.290408297276,10224.63413643053,9757.09138256685,10463.2001953125,0.0
2017-12-20,10444.2001953125,-0.0018158880309402,0.2831579461383402,10295.900864203486,10233.244570112176,9763.92828617626,10463.2001953125,-0.1815888030940238
2017-12-21,10440.2998046875,-0.0003734503889297,0.2882340568809827,10309.653144249583,10241.364383232778,9770.65835103707,10463.2001953125,-0.2188660275778686
2017-12-22,10493.0,0.0050477664720738,0.2982530098463971,10327.114749559149,10251.232446635417,9777.845830131228,10493.0,0.0
2017-12-26,10531.5,0.0036691127418277,0.3064270347414846,10346.580011505896,10262.223331081084,9785.344876597585,10531.5,0.0
2017-12-27,10490.75,-0.0038693443479086,0.3147785930247337,10360.310486600572,10271.185161234767,9792.36383304935,10531.5,-0.3869344347908643
2017-12-28,10477.900390625,-0.001224851357148,0.3120746818551796,10371.50952507909,10279.291640818696,9799.185092328711,10531.5,-0.508945633338076
2017-12-29,10530.7001953125,0.0050391588695328,0.3316094199491037,10386.670541291796,10289.150799818455,9806.463849572332,10531.5,-0.0075944042871367
2018-01-01,11093.600240070982,0.0534532399857936,0.3810291621535138,10453.997179270766,10320.697836691104,9819.271176840975,11093.600240070982,0.0
2018-01-02,10442.2001953125,-0.0587185431836251,0.299613566948619,10452.873656989026,10325.462635068414,9825.469475532234,11093.600240070982,-5.871854318362512
2018-01-03,10443.2001953125,9.576525840304662e-05,0.2887111986600765,10451.952374924596,10330.079794293672,9831.616049858409,11093.600240070982,-5.862840112168321
2018-01-04,10504.7998046875,0.0058985376343401,0.2832954696341403,10456.985463473442,10336.931559407158,9838.314395677602,11093.600240070982,-5.307568531780039
2018-01-05,10558.849609375,0.005145248428569,0.2908918160492695,10466.686810702162,10345.634228033348,9845.483900291509,11093.600240070982,-4.820352447570809
2018-01-08,10623.599609375,0.0061322968311348,0.2967865494064512,10481.63088676624,10356.534831223218,9853.22634515801,11093.600240070982,-4.236682596496511
2018-01-09,10637.0,0.0012613794869653,0.2986997130822293,10496.427945169457,10367.533465292896,9861.02508799226,11093.600240070982,-4.11588871231997
2018-01-10,10632.2001953125,-0.0004512366915013,0.2850444108266741,10509.35863565927,10377.912552744643,9868.6984721447,11093.600240070982,-4.159155141464965
2018-01-11,10651.2001953125,0.0017870242895141,0.2920255765134094,10522.867355626244,10388.629715198287,9876.48455894239,11093.600240070982,-3.987885223775212
2018-01-12,10681.25,0.0028212599647432,0.2968899233611759,10537.951416995173,10400.105020484629,9884.492175271322,11093.600240070982,-3.717010088226724
2018-01-15,10741.5498046875,0.0056453883850204,0.2959426574952466,10557.341739632537,10413.495012021996,9893.020111882428,11093.600240070982,-3.1734552153037554
2018-01-16,10700.4501953125,-0.0038262271387564,0.276804268948212,10570.971116363962,10424.748156464762,9901.054242065811,11093.600240070982,-3.5439355687109764
2018-01-17,10788.5498046875,0.0082332619438378,0.2832512077805331,10591.692896204298,10439.014887767617,9909.88504368394,11093.600240070982,-2.7497875241764613
2018-01-18,10817.0,0.002637073177355,0.2876845015983571,10613.150715613412,10453.837833345357,9918.911063149772,11093.600240070982,-2.49333159736439
2018-01-19,10894.7001953125,0.0071831557097623,0.2950147927259743,10639.96495177523,10471.1265534225,9928.620407748404,11093.600240070982,-1.7929260154880944
2018-01-22,10966.2001953125,0.0065628240078385,0.3058109306159204,10671.034974969256,10490.541206045636,9938.944584739093,11093.600240070982,-1.148410272602962
2018-01-23,11083.7001953125,0.0107147414699053,0.3168231193195319,10710.336424525754,10513.802342879631,9950.335187829376,11093.600240070982,-0.0892410447847491
2018-01-24,11086.0,0.0002074943066823,0.31427019399732,10746.113907904251,10536.241466688274,9961.63533521416,11093.600240070982,-0.0685101311252323
2018-01-25,11069.650390625,-0.0014747978869745,0.3258099023899456,10776.92690625861,10557.1594637054,9972.660360641134,11093.600240070982,-0.2158888812260784
2018-01-29,11130.400390625,0.0054879781977079,0.3263898457516534,10810.591047626838,10579.63950005519,9984.180161934506,11130.400390625,0.0
2018-01-30,11049.650390625,-0.0072549052294663,0.3036705261153105,10833.358604102854,10598.071299685378,9994.781855752322,11130.400390625,-0.7254905229466369
2018-01-31,11027.7001953125,-0.0019865058654817,0.2818808166356688,10851.8673270752,10614.919491670757,10005.059650175806,11130.400390625,-0.9226999183156392
2018-02-01,11016.900390625,-0.0009793342670024,0.2749197616808911,10867.58476169899,10630.683448492491,10015.127717244954,11130.400390625,-1.019729713367723
2018-02-02,10760.599609375,-0.0232643277294313,0.2464857211635922,10857.395699572897,10635.778199899649,10022.545348012418,11130.400390625,-3.3224391600636283
2018-02-05,10666.5498046875,-0.0087402011134732,0.2459030810774001,10839.21990006,10636.984929499173,10028.95335255645,11130.400390625,-4.167420484964723
2018-02-06,10498.25,-0.0157782795532946,0.2044249379929223,10806.746576244765,10631.544344028618,10033.622970938972,11130.400390625,-5.6794937148662905
2018-02-07,10476.7001953125,-0.0020527044686019,0.1994962584437702,10775.313587584547,10625.472024471124,10038.031699539704,11130.400390625,-5.87310583959858
2018-02-08,10576.849609375,0.009559251691416,0.2100343066875081,10756.412256326495,10623.565263094806,10043.393071776873,11130.400390625,-4.973323167388022
2018-02-09,10454.9501953125,-0.0115251155650782,0.1879208080090764,10727.701583848971,10616.9529074955,10047.488167533447,11130.400390625,-6.068516599649221
2018-02-12,10539.75,0.0081109716548932,0.2020289263336421,10709.801433006212,10613.925342495677,10052.38629521968,11130.400390625,-5.306641000286905
2018-02-14,10500.900390625,-0.0036860086221209,0.1974958090683598,10689.906095636574,10609.492991441924,10056.849122039635,11130.400390625,-5.655681538017443
2018-02-15,10545.5,0.0042472176400052,0.2013008669850826,10676.153134147376,10606.983462365772,10061.711319830289,11130.400390625,-5.254980684411448
2018-02-16,10452.2998046875,-0.0088379114610497,0.1886325814764573,10654.833769436911,10600.917436574468,10065.597772415931,11130.400390625,-6.092328776498068
2018-02-19,10378.400390625,-0.0070701582851038,0.1786873011325731,10628.506780978636,10592.191277909782,10068.710236278708,11130.400390625,-6.756270876233705
2018-02-20,10360.400390625,-0.0017343713214474,0.1783493080048848,10602.972839040194,10583.101439192733,10071.612625874192,11130.400390625,-6.917990125930795
2018-02-21,10397.4501953125,0.0035760977655869,0.1917257857065064,10583.399253923271,10575.820998256251,10074.854790744226,11130.400390625,-6.58511975840379
2018-02-22,10382.7001953125,-0.0014186170381128,0.1828093182174186,10564.285057865103,10568.24763343493,10077.91792909814,11130.400390625,-6.717639699127798
2018-02-23,10491.0498046875,0.0104355906784168,0.1892321856802643,10557.310271848188,10565.2202676017,10082.028694029375,11130.400390625,-5.7441831695112855
2018-02-26,10582.599609375,0.0087264674548199,0.1918415371422481,10559.718780184076,10565.90181041634,10087.009499157197,11130.400390625,-4.921662851512565
2018-02-27,10554.2998046875,-0.0026741826897078,0.1848313866434954,10559.20268727964,10565.446829799524,10091.659153938592,11130.400390625,-5.175919694881259
2018-02-28,10492.849609375,-0.0058222901044755,0.1754191432890361,10552.883346526816,10562.599879978954,10095.651098768803,11130.400390625,-5.728012999307741
2018-03-01,10458.349609375,-0.0032879533476946,0.1699031947396387,10543.880133464738,10558.511634072916,10099.260039172848,11130.400390625,-6.037974894560483
2018-03-05,10358.849609375,-0.009513929416818,0.1643473852061328,10526.258178789523,10550.68175075143,10101.84301997088,11130.400390625,-6.931922969274917
2018-03-06,10249.25,-0.0105802877257538,0.1542468636963017,10499.876447476236,10538.860897780783,10103.309756090574,11130.400390625,-7.916610002342617
2018-03-07,10154.2001953125,-0.0092738302497743,0.1350801959587573,10466.95489965112,10523.776164350656,10103.816128620145,11130.400390625,-8.770575730004659
2018-03-08,10242.650390625,0.008710700361544,0.1508919228770471,10445.592565458155,10512.751624204551,10105.19756406298,11130.400390625,-7.975903551032548
2018-03-09,10226.849609375,-0.0015426457652466,0.1494006590429182,10424.759902974049,10501.539780485748,10106.408032175535,11130.400390625,-8.117864133720198
2018-03-12,10421.400390625,0.019023530088059,0.162655022736105,10424.439949416994,10498.39705931474,10109.54228449842,11130.400390625,-6.369941557512904
2018-03-13,10426.849609375,0.0005228873803659,0.1654147418809717,10424.669440841566,10495.591276964162,10112.699571313113,11130.400390625,-6.320983581530381
2018-03-14,10410.900390625,-0.0015296296913748,0.1665789606436867,10423.358102725702,10492.270065735176,10115.666743644571,11130.400390625,-6.46427778650287
2018-03-15,10360.150390625,-0.0048746984502608,0.160541098983421,10417.338320620873,10487.088902005366,10118.099416748855,11130.400390625,-6.920236226621035
2018-03-16,10195.150390625,-0.0159264097313983,0.1410927929772272,10396.17756538317,10475.640332931624,10118.866093105837,11130.400390625,-8.402662682177631
2018-03-19,10094.25,-0.0098969006595315,0.1108451634202707,10367.4225591562,10460.683849287248,10118.621156856028,11130.400390625,-9.309192430289723
2018-03-20,10124.349609375,0.0029818569358792,0.1144273761708125,10344.272754415137,10447.494271251477,10118.67815638358,11130.400390625,-9.038765416717489
2018-03-21,10155.25,0.0030520864862653,0.1094147484970484,10326.27058732798,10436.033711594557,10119.042055325035,11130.400390625,-8.761143861871822
2018-03-22,10114.75,-0.003988084980675,0.1042243454641422,10306.12576948722,10423.434350355554,10118.999348306876,11130.400390625,-9.125012173690262
2018-03-23,9998.0498046875,-0.0115376252811487,0.0954546456443867,10276.785201411056,10406.752603466612,10117.795870260914,11130.400390625,-10.173493730659189
2018-03-26,10130.650390625,0.0132626450685744,0.110634258688264,10262.867600383812,10395.925065708116,10117.92377593618,11130.400390625,-8.982156660258845
2018-03-27,10184.150390625,0.0052810034832027,0.1277566644364374,10255.370723263924,10387.620176489172,10118.582747226616,11130.400390625,-8.501491112548065
2018-03-28,10113.7001953125,-0.0069176310846069,0.1130713725839178,10241.878292030457,10376.878216443029,10118.534164620503,11130.400390625,-9.134444041823098
2018-04-02,10211.7998046875,0.0096996754383196,0.1211901410504501,10239.013674188269,10370.40455323693,10119.46218093958,11130.400390625,-8.253077640506323
2018-04-03,10245.0,0.003251160025411,0.1326449142949066,10239.583800456052,10365.486727619797,10120.711313467544,11130.400390625,-7.954793714076647
2018-04-04,10128.400390625,-0.0113811234138604,0.112913217298574,10228.994904281666,10356.189224208234,10120.787821697966,11130.400390625,-9.002371566470979
2018-04-05,10325.150390625,0.0194255748599863,0.1291968996665795,10238.152569647698,10354.972015048108,10122.82128009525,11130.400390625,-7.234690323254245
2018-04-06,10331.599609375,0.0006246125727966,0.1262133379888268,10247.052287716966,10354.055450119751,10124.898676406492,11130.400390625,-7.176747944510787
2018-04-09,10379.349609375,0.0046217431767943,0.1314184067992914,10259.65203263678,10355.047377933684,10127.43052648578,11130.400390625,-6.747742712675464
2018-04-10,10402.25,0.0022063415808168,0.1260466926678816,10273.232791433276,10356.89846115197,10130.1650486103,11130.400390625,-6.541996379917404
2018-04-11,10417.150390625,0.0014324199692374,0.1243368916240861,10286.939229451536,10359.261281915618,10133.020624152736,11130.400390625,-6.408125269246934
2018-04-12,10458.650390625,0.0039838150015909,0.1292060710840523,10303.292673372818,10363.158894021868,10136.260721331564,11130.400390625,-6.035272554667548
2018-04-13,10480.599609375,0.0020986664560156,0.1394061763494634,10320.17904823017,10367.76441227101,10139.686978924035,11130.400390625,-5.838071933129374
2018-04-16,10528.349609375,0.0045560370379273,0.1466978947127706,10340.00481595825,10374.061870980971,10143.554268779271,11130.400390625,-5.409066701294051
2018-04-17,10548.7001953125,0.0019329321966454,0.142005001116434,10359.88056637294,10380.910432719464,10147.585571530846,11130.400390625,-5.226228840810244
2018-04-18,10526.2001953125,-0.0021329642120266,0.1437232746338652,10375.72053103385,10386.60807046821,10151.352881220217,11130.400390625,-5.428377902931603
2018-04-19,10565.2998046875,0.003714503681244,0.154576652335397,10393.775699953245,10393.615589457202,10155.471756080588,11130.400390625,-5.077091264510825
2018-04-20,10564.0498046875,-0.0001183118343168,0.155892686578599,10409.992281356508,10400.299284172115,10159.537209300555,11130.400390625,-5.088321767962
2018-04-23,10584.7001953125,0.0019547797489403,0.1624959216720791,10426.6311303047,10407.53069245213,10163.767686773312,11130.400390625,-4.9027903414160745
2018-04-24,10614.349609375,0.0028011576629851,0.1659635974487834,10444.509080692347,10415.641238213811,10168.251088988256,11130.400390625,-4.636408063852427
2018-04-25,10570.5498046875,-0.004126470890766,0.1569709461873083,10456.512959168076,10421.716083957876,10172.254061283773,11130.400390625,-5.029923150015836
2018-04-26,10617.7998046875,0.004469966167611,0.1643089841304585,10471.873611122306,10429.40564163355,10176.687352262914,11130.400390625,-4.605410119560993
2018-04-27,10692.2998046875,0.0070165195587046,0.1599433255914892,10492.86658193804,10439.715216655271,10181.817824426344,11130.400390625,-3.9360721138702814
2018-04-30,10739.349609375,0.0044003446916887,0.1539498914895531,10516.341155979651,10451.465584997224,10187.365404376082,11130.400390625,-3.5133577187338005
2018-05-02,10718.0498046875,-0.001983342144752,0.146088768786756,10535.55150347564,10461.919868122332,10192.645846170226,11130.400390625,-3.7047237427758506
2018-05-03,10679.650390625,-0.0035826866605626,0.1431683225033717,10549.275207013674,10470.458319985184,10197.49166253296,11130.400390625,-4.049719544497799
2018-05-04,10618.25,-0.005749288448515,0.1412503396800808,10555.844234917133,10476.254072142629,10201.678312657012,11130.400390625,-4.601365383552403
2018-05-07,10715.5,0.0091587596826219,0.1504971359387652,10571.049545877406,10485.636265391937,10206.790966262415,11130.400390625,-3.727632215050103
2018-05-08,10717.7998046875,0.0002146241134337,0.15097262978089,10585.025761002176,10494.740717913332,10211.875631321373,11130.400390625,-3.706969843466079
2018-05-09,10741.7001953125,0.0022299717349214,0.1476297553413632,10599.947135698398,10504.425403301537,10217.14751753024,11130.400390625,-3.4922391079470705
2018-05-10,10716.5498046875,-0.0023413789407356,0.1541414957088904,10611.052151792595,10512.744007277455,10222.11669451688,11130.400390625,-3.7182003469172655
2018-05-11,10806.5,0.0083935778727175,0.1602364413556594,10629.666232574256,10524.26385012932,10227.93145377542,11130.400390625,-2.9100515638037394
2018-05-14,10806.599609375,9.217542682682378e-06,0.1598984702405148,10646.5170303648,10535.335840687974,10233.689345870938,11130.400390625,-2.9091566330599727
2018-05-15,10801.849609375,-0.0004395462191344,0.1482412417634036,10661.310609318154,10545.787361028642,10239.342681826203,11130.400390625,-2.951832546174482
2018-05-16,10741.099609375,-0.005624036826737,0.1399536385719784,10668.90956170452,10553.446664885363,10244.33528807047,11130.400390625,-3.497635013902134
2018-05-17,10682.7001953125,-0.0054370051657959,0.1363486210284461,10670.22295538147,10558.515430784468,10248.697127943526,11130.400390625,-4.022318870843067
2018-05-18,10596.400390625,-0.0080784636009318,0.1218582540071484,10663.192234928474,10560.001115484098,10252.156861900556,11130.400390625,-4.79767107434681
2018-05-21,10516.7001953125,-0.007521440524559,0.105595436969434,10649.240612107906,10558.303040183251,10254.789133874803,11130.400390625,-5.513729729160621
2018-05-22,10536.7001953125,0.0019017372016476,0.106128146897882,10638.522477175007,10557.455869796164,10257.59421906324,11130.400390625,-5.334041673941636
2018-05-23,10430.349609375,-0.0100933483885982,0.1061461053752699,10618.696489765483,10552.471310563962,10259.31317817082,11130.400390625,-6.28953817186706
2018-05-24,10513.849609375,0.0080054842960344,0.1151846300614138,10608.711072585438,10550.956734046747,10261.845878978822,11130.400390625,-5.5393405413278085
2018-05-25,10605.150390625,0.008683858400313,0.1236352491854952,10608.371960017776,10553.08197548119,10265.261844268834,11130.400390625,-4.71905755018851
2018-05-28,10688.650390625,0.007873532851907,0.1387682858034058,10616.017524837513,10558.398383918202,10269.474665625612,11130.400390625,-3.968859919649259
2018-05-29,10633.2998046875,-0.0051784447909389,0.135969577274472,10617.663456251796,10561.335694536609,10273.094816263045,11130.400390625,-4.466151876766277
2018-05-30,10614.349609375,-0.0017821556488181,0.1161544319645626,10617.34785178734,10563.414671589093,10276.49038634376,11130.400390625,-4.636408063852427
2018-05-31,10736.150390625,0.0114751054687722,0.1189201600507745,10628.662379295689,10570.188621355208,10281.064117729644,11130.400390625,-3.5421007885041766
2018-06-01,10696.2001953125,-0.0037210912532843,0.1136190653005291,10635.094552249671,10575.130251706474,10285.194824969274,11130.400390625,-3.9010294335702578
2018-06-04,10628.5,-0.0063293687549125,0.1043113928116969,10634.466499654463,10577.223183012104,10288.610796860128,11130.400390625,-4.5092752552526765
2018-06-05,10593.150390625,-0.0033259264595192,0.1010160208522801,10630.53163212785,10577.84777938908,10291.641041574208,11130.400390625,-4.826870383319893
2018-06-06,10684.650390625,0.0086376570355291,0.1111210183605253,10635.685799603769,10582.036117084606,10295.551582360782,11130.400390625,-4.0047975306930494
2018-06-07,10768.349609375,0.0078335945201764,0.1154865706091055,10648.32044815341,10589.342528546977,10300.256040341024,11130.400390625,-3.252810038666276
2018-06-08,10767.650390625,-6.493276828523076e-05,0.1129239827351584,10659.685204579277,10596.334993726505,10304.9067303936,11130.400390625,-3.2590921015342778
2018-06-11,10786.9501953125,0.0017923877528847,0.1193091067465361,10671.805679887202,10603.810099671056,10309.703182780851,11130.400390625,-3.085694883014123
2018-06-12,10842.849609375,0.0051821333231696,0.1219951749392724,10688.09557793366,10613.184198090818,10315.008122348954,11130.400390625,-2.5834720329755645
2018-06-13,10856.7001953125,0.0012773935299743,0.125367352904973,10704.15316054117,10622.733845040688,10320.398093224214,11130.400390625,-2.459032790437932
2018-06-14,10808.0498046875,-0.0044811397339686,0.1178910148876477,10714.048079031296,10630.001137575857,10325.25034905967,11130.400390625,-2.8961274942904347
2018-06-15,10817.7001953125,0.0008928891705157,0.1249219828511554,10723.919709153315,10637.361884938078,10330.150347529849,11130.400390625,-2.809424498114943
2018-06-18,10799.849609375,-0.0016501276255774,0.1241762868608644,10731.151128222047,10643.733952563056,10334.82397202582,11130.400390625,-2.9698013516963773
2018-06-19,10710.4501953125,-0.0082778387936898,0.1135665133446224,10729.17961080209,10646.350275808132,10338.561546386883,11130.400390625,-3.7730016942267297
2018-06-20,10772.0498046875,0.0057513557555179,0.1246600325063727,10733.262486410224,10651.27966909752,10342.874862389875,11130.400390625,-3.219565993684592
2018-06-21,10741.099609375,-0.0028731945983977,0.1202590545705952,10734.008879073535,10654.802019696635,10346.83729768326,11130.400390625,-3.497635013902134
2018-06-22,10821.849609375,0.0075178522624927,0.1205585089628409,10742.37466291177,10661.352905566377,10351.56378834686,11130.400390625,-2.772144490955497
2018-06-25,10762.4501953125,-0.0054888412061319,0.1148754540127932,10744.286618378506,10665.317505164265,10355.652210306716,11130.400390625,-3.3058127506573776
2018-06-26,10769.150390625,0.0006225529680423,0.1178739855603849,10746.654596687697,10669.389383025473,10359.766620061127,11130.400390625,-3.245615497392851
2018-06-27,10671.400390625,-0.0090768534614481,0.1081412659008307,10739.48752944363,10669.46824606859,10362.867453599078,11130.400390625,-4.12384086727563
2018-06-28,10589.099609375,-0.0077122756374413,0.1059169388221972,10725.164870389475,10666.316534825704,10365.118519825704,11130.400390625,-4.8632642335664
2018-06-29,10714.2998046875,0.0118234977411728,0.1264692226865087,10724.130102227382,10668.19823168303,10368.592960471096,11130.400390625,-3.738415253129401
2018-07-02,10657.2998046875,-0.005319993003655,0.1228552408468326,10717.765311985488,10667.770842389087,10371.465665388672,11130.400390625,-4.250526210503502
2018-07-03,10699.900390625,0.0039973151471972,0.1258194705861923,10716.063890903535,10669.030824672853,10374.733672604954,11130.400390625,-3.867785388588585
2018-07-04,10769.900390625,0.0065421169772132,0.1311850716587541,10721.191176591296,10672.986493925877,10378.665679749432,11130.400390625,-3.238877195322143
2018-07-05,10749.75,-0.0018709913642785,0.1180187207488299,10723.91106453498,10675.99682749741,10382.35806104546,11130.400390625,-3.419916420487601
2018-07-06,10772.650390625,0.002130318437638,0.1205986091656263,10728.552905114982,10679.787163306337,10386.24156681242,11130.400390625,-3.21417008772954
2018-07-09,10852.900390625,0.0074494202531476,0.1260999450597442,10740.395522782605,10686.575917318834,10390.88493819364,11130.400390625,-2.493171766163371
2018-07-10,10947.25,0.0086934926129518,0.1315513611492136,10760.09594918426,10696.798430365156,10396.420908957884,11130.400390625,-1.6454968752001475
2018-07-11,10948.2998046875,9.589665783638068e-05,0.1326843123088523,10778.020125898856,10706.66122935819,10401.912241253702,11130.400390625,-1.6360650070673222
2018-07-12,11023.2001953125,0.0068412805605608,0.1281490132231546,10801.370608700154,10719.074522140712,10408.09421094583,11130.400390625,-0.9631297307399088
2018-07-13,11018.900390625,-0.0003900686380828,0.125980411968368,10822.087730788237,10730.832399336176,10414.171884375472,11130.400390625,-1.0017609078458278
2018-07-16,10936.849609375,-0.0074463674542162,0.114174676765669,10833.017433510784,10738.911505612208,10419.372657758551,11130.400390625,-1.7389381734463472
2018-07-17,11008.0498046875,0.006510119262449,0.1128572022334459,10849.68718314666,10749.4659487132,10425.2301418076,11130.400390625,-1.099246942100618
2018-07-18,10980.4501953125,-0.0025072206126145,0.1106678024920329,10862.140803352931,10758.524154462191,10430.754719454411,11130.400390625,-1.347212948770482
2018-07-19,10957.099609375,-0.0021265599790679,0.1049974428627804,10871.184499164558,10766.311427203873,10435.991982040689,11130.400390625,-1.5570040175371336
2018-07-20,11010.2001953125,0.0048462264495676,0.1203858450987092,10884.424089273884,10775.875692619898,10441.705496600607,11130.400390625,-1.0799269666322386
2018-07-23,11084.75,0.0067709763096985,0.1197170024434779,10903.502747438277,10787.988410556374,10448.10394937075,11130.400390625,-0.4101414955696492
2018-07-24,11134.2998046875,0.004470087704955,0.1277181919869707,10925.483419557251,10801.569249541908,10454.931768826638,11134.2998046875,0.0
2018-07-25,11132.0,-0.0002065513528324,0.1227150097072691,10945.151665313704,10814.527318187324,10461.668766151746,11134.2998046875,-0.0206551352832429
2018-07-26,11167.2998046875,0.0031710209025781,0.1204947992248173,10966.308630968351,10828.361533344194,10468.689970515286,11167.2998046875,0.0
2018-07-27,11278.349609375,0.0099441948035536,0.1318473820131307,10996.026819388033,10846.008124561087,10476.746285329811,11278.349609375,0.0
2018-07-30,11319.5498046875,0.0036530340643325,0.129622266362841,11026.838532273696,10864.578386526831,10485.132390000035,11319.5498046875,0.0
2018-07-31,11356.5,0.0032642813495284,0.133321047382805,11058.234862533343,10883.869430192446,10493.80271447765,11356.5,0.0
2018-08-01,11346.2001953125,-0.0009069523785937,0.1329772025874982,11085.660132321836,10902.000048432448,10502.284281451131,11356.5,-0.0906952378593728
2018-08-02,11244.7001953125,-0.0089457261684782,0.1158667306266625,11100.806804987613,10915.439269878723,10509.671504474629,11356.5,-0.984456519944521
2018-08-03,11360.7998046875,0.0103248292403026,0.1232024208387392,11125.568043054269,10932.904388890836,10518.140442785205,11360.7998046875,0.0
2018-08-06,11387.099609375,0.0023149606664707,0.1295044992684619,11150.475811275292,10950.715966164724,10526.78680265177,11387.099609375,0.0
2018-08-07,11389.4501953125,0.0002064253425486,0.1373924344288626,11173.235276421692,10967.921230052872,10535.370518001628,11389.4501953125,0.0
2018-08-08,11450.0,0.0053163061999621,0.1374473054602087,11199.593821524388,10986.82627985472,10544.471308867283,11450.0,0.0
2018-08-09,11470.7001953125,0.001807877319869,0.1405233708309858,11225.413476170874,11005.80172751973,10553.68751669261,11470.7001953125,0.0
2018-08-10,11429.5,-0.0035917768410803,0.1454069202150902,11244.850287964124,11022.417346048367,10562.40206876532,11470.7001953125,-0.3591776841080363
2018-08-13,11355.75,-0.006452600726191,0.1461135363517847,11255.412165300871,11035.489214830786,10570.296078031335,11470.7001953125,-1.002120126541839
2018-08-14,11435.099609375,0.0069876150298306,0.1644407840304473,11272.525255212697,11051.160210695263,10578.901088293464,11470.7001953125,-0.3103610532166789
2018-08-16,11385.0498046875,-0.0043768577797491,0.1724111333437048,11283.2418789722,11064.253920263587,10586.922468556091,11470.7001953125,-0.7466884250012962
2018-08-17,11470.75,0.0075274326228431,0.1711837722013998,11301.09979526056,11080.19494299835,10595.716772351554,11470.75,0.0
2018-08-20,11551.75,0.0070614388771439,0.1671617742173405,11324.971243330983,11098.687298174886,10605.229540785867,11551.75,0.0
2018-08-21,11570.900390625,0.0016577912978552,0.1682880342343853,11348.393066882794,11117.205458663126,10614.838205958396,11570.900390625,0.0
2018-08-23,11582.75,0.0010240870610727,0.1774197999542959,11370.712774798718,11135.462107343004,10624.46916908319,11582.75,0.0
2018-08-24,11557.099609375,-0.0022145337355118,0.184814987384434,11388.46390190122,11151.996911344258,10633.749073961715,11582.75,-0.2214533735511836
2018-08-27,11691.9501953125,0.0116682031387971,0.1972649189398758,11417.36735841658,11173.171549931249,10644.278438353263,11691.9501953125,0.0
2018-08-28,11738.5,0.0039813550271674,0.1914234965744734,11447.951419519764,11195.3412930712,10655.166215086068,11738.5,0.0
2018-08-29,11691.900390625,-0.0039698095476423,0.1861460195793005,11471.18465486312,11214.814198857624,10665.481978026755,11738.5,-0.3969809547642366
2018-08-30,11676.7998046875,-0.0012915424723947,0.1779517426717174,11490.76705008449,11232.931281439189,10675.54484197363,11738.5,-0.525622484239896
2018-08-31,11680.5,0.0003168843668119,0.1923683763235639,11508.836854838348,11250.482995892557,10685.544395784838,11738.5,-0.4941006091067845
2018-09-03,11582.349609375,-0.0084029271542314,0.1717807000574809,11515.838069556125,11263.497372891869,10694.467830745934,11738.5,-1.3302414331047396
2018-09-04,11520.2998046875,-0.0053572726415783,0.1615663951996517,11516.262996711494,11273.568056491697,10702.685064317491,11738.5,-1.8588422312263095
2018-09-05,11476.9501953125,-0.003762888996809,0.1506406145576184,11512.51892038778,11281.543826641531,10710.38919497416,11738.5,-2.2281365139285247
2018-09-06,11536.900390625,0.0052235301445313,0.1638328881449049,11514.840965172278,11291.557809542846,10718.613186970688,11738.5,-1.7174222377220216
2018-09-07,11589.099609375,0.0045245444601755,0.1644761341148948,11521.913217001107,11303.226115418618,10727.274743412523,11738.5,-1.2727383449759322
2018-09-10,11438.099609375,-0.0130294850410853,0.1534760678573148,11513.930968655764,11308.515272044358,10734.347627650955,11738.5,-2.559103723857392
2018-09-11,11287.5,-0.0131664887103767,0.1367183512391256,11492.366114498072,11307.691143728896,10739.85163135592,11738.5,-3.842058184606212
2018-09-12,11369.900390625,0.0073001453488372,0.14445188772303,11480.702712224447,11310.130722038546,10746.120773239196,11738.5,-3.140091232908804
2018-09-14,11515.2001953125,0.012779338401883,0.1508237936131413,11483.98818680426,11318.172662166937,10753.773304802116,11738.5,-1.9022856811986235
2018-09-17,11377.75,-0.0119364138687273,0.1272856292372448,11473.870264251476,11320.50902835647,10759.982028137418,11738.5,-3.073220598884019
2018-09-18,11278.900390625,-0.0086879751598514,0.119016261960936,11455.301704858475,11318.877317072884,10765.14539492834,11738.5,-3.915318050645311
2018-09-19,11234.349609375,-0.0039499223955404,0.1137895866247356,11434.258648145766,11315.5625050063,10769.814093579547,11738.5,-4.294845087745458
2018-09-21,11143.099609375,-0.0081224105687304,0.1048742913303864,11406.529215881885,11308.79925419723,10773.528377318808,11738.5,-5.072201649486729
2018-09-24,10967.400390625,-0.0157675355071025,0.0802021857934009,11364.707423000276,11295.411063468908,10775.457452078072,11738.5,-6.56897908058951
2018-09-25,11067.4501953125,0.0091224721560292,0.0906524637307093,11336.397210839534,11286.471421580422,10778.362852508268,11738.5,-5.716657193742813
2018-09-26,11053.7998046875,-0.001233381707991,0.0899946632194903,11309.483172158389,11277.347044447366,10781.103518699108,11738.5,-5.832944544128294
2018-09-27,10977.5498046875,-0.006898080420062,0.0845344630001507,11277.870470494492,11265.59028994698,10783.058208111926,11738.5,-6.482516465583332
2018-09-28,10930.4501953125,-0.0042905393473949,0.0969501191056521,11244.782825239065,11252.447541137784,10784.524795049248,11738.5,-6.883756908357119
2018-10-01,11008.2998046875,0.0071222692555139,0.1150355772793663,11222.260632805584,11242.87312010052,10786.751412060574,11738.5,-6.220557952996552
2018-10-03,10858.25,-0.0136306066649463,0.0999594793091223,11187.592953490765,11227.789860488734,10787.46284079629,11738.5,-7.498828640797372
2018-10-04,10599.25,-0.0238528307968595,0.08869373186452,11131.560291253549,11203.141238508784,10785.590076211252,11738.5,-9.70524342973974
2018-10-05,10316.4501953125,-0.0266811146720287,0.0560449167058616,11053.930758306782,11168.36904073638,10780.922017694847,11738.5,-12.114408184073778
2018-10-08,10348.0498046875,0.0030630312536532,0.0571532412845539,10986.70400081923,11136.199658930544,10776.61483149577,11738.5,-11.845211869595772
2018-10-09,10301.0498046875,-0.0045419186114382,0.0447841984570718,10921.403601187638,11103.448684254348,10771.882841179273,11738.5,-12.24560374249265
2018-10-10,10460.099609375,0.015440154906845,0.0549878664707021,10877.469887681673,11078.219308768885,10768.7805204648,11738.5,-10.89066227052008
2018-10-11,10234.650390625,-0.0215532573464155,0.0349843951661603,10816.248983200085,11045.138174724025,10763.465792804704,11738.5,-12.81125875857222
2018-10-12,10472.5,0.0232396418340652,0.0493802213536405,10783.510984800076,11022.68177571524,10760.570610786746,11738.5,-10.785023640158451
2018-10-15,10512.5,0.0038195273334924,0.0524339882367663,10757.700414819115,11002.67464725582,10758.102246500312,11738.5,-10.444264599395147
2018-10-16,10584.75,0.006872770511296,0.0566839001508867,10741.228946741106,10986.28544540265,10756.377348525184,11738.5,-9.828768582016444
2018-10-17,10453.0498046875,-0.0124424474184557,0.046896283266508,10713.783314164571,10965.374243805976,10753.359164009387,11738.5,-10.950719387592112
2018-10-19,10303.5498046875,-0.0143020460816095,0.0205171552283969,10674.713456119138,10939.420344232703,10748.88344899126,11738.5,-12.224306302444942
2018-10-22,10245.25,-0.0056582251546914,0.0076518500895503,10633.812174583982,10912.197977792206,10743.872170891844,11738.5,-12.720960940494953
2018-10-23,10146.7998046875,-0.0096093502171737,-0.0082153298989442,10587.43004411765,10882.18236316065,10737.931152322646,11738.5,-13.559655793436132
2018-10-24,10224.75,0.0076822443344639,-0.0009477983797256,10552.889087535015,10856.400701860231,10732.824872200032,11738.5,-12.895599948886138
2018-10-25,10124.900390625,-0.0097654817354947,-0.0084174404714654,10512.128259257872,10827.714415145125,10726.775872383369,11738.5,-13.74621637666652
2018-10-26,10030.0,-0.0093729702973544,-0.0114866439263577,10466.211282185694,10796.43149690414,10719.842779125822,11738.5,-14.554670528602465
2018-10-29,10250.849609375,0.0220189042248255,0.0064802135064663,10445.700646679914,10775.036128765743,10715.176180421837,11738.5,-12.6732580025131
2018-10-30,10198.400390625,-0.005116572845048,-0.0009110577808476,10422.14824134135,10752.422962564146,10710.034132762165,11738.5,-13.120071639263964
2018-10-31,10386.599609375,0.0184537978056837,0.0088632249959639,10418.762657344556,10738.076948713591,10706.815878798114,11738.5,-11.516807007922647
2018-11-01,10380.4501953125,-0.0005920526730374,0.0035432231208101,10415.11385143674,10724.052370148844,10703.568459061938,11738.5,-11.569193718852487
2018-11-02,10553.0,0.0166225743046692,0.0222754127571953,10428.245865585624,10717.344434064576,10702.070265439432,11738.5,-10.099246070622314
2018-11-05,10524.0,-0.002748033734483,0.0154723097876838,10437.36530695842,10709.762299395376,10700.298422002224,11738.5,-10.3462963751757
2018-11-06,10530.0,0.000570125427594,0.0188383693740741,10446.187658676665,10702.712797458304,10698.603910340513,11738.5,-10.295182519061209
2018-11-07,10598.400390625,0.0064957635921176,0.0151238341674249,10460.684109338412,10698.62211483739,10697.606860393093,11738.5,-9.712481231630951
2018-11-09,10585.2001953125,-0.001245489397077,0.0154838344604832,10472.542784193089,10694.174196424648,10696.488386113684,11738.5,-9.824933378945357
2018-11-12,10482.2001953125,-0.0097305670275005,0.0028414441820139,10473.462537633031,10685.861490498684,10694.356165309691,11738.5,-10.702387908910849
2018-11-13,10582.5,0.0095685831999614,0.0125050419788832,10483.847057858457,10681.80809871442,10693.243168639943,11738.5,-9.847936278059375
2018-11-14,10576.2998046875,-0.0005858913595558,0.0218498674441816,10492.652081365984,10677.670518556502,10692.079553078229,11738.5,-9.900755593240197
2018-11-15,10616.7001953125,0.0038198983927342,0.0304324204539228,10504.466187456128,10675.279525488111,10691.329509717376,11738.5,-9.55658563434425
2018-11-16,10682.2001953125,0.0061695252569078,0.0362064024879775,10521.3932358234,10675.550924304756,10691.238670768074,11738.5,-8.998592705094344
2018-11-19,10763.400390625,0.007601448561892,0.0427883247148013,10544.441536280696,10678.996001415351,10691.956697831329,11738.5,-8.30685018848234
2018-11-20,10656.2001953125,-0.0099596959531369,0.0421762445549809,10555.085218093249,10678.102048234849,10691.600911736614,11738.5,-9.220086081590496
2018-11-21,10600.0498046875,-0.0052692694953028,0.0405876554657149,10559.367559673654,10675.041175938875,10690.689955447568,11738.5,-9.698429912786988
2018-11-22,10526.75,-0.0069150434232002,0.0403931788439266,10556.26112541902,10669.225835705978,10689.05871210978,11738.5,-10.32286919112323
2018-11-26,10628.599609375,0.0096753137839313,0.0405149033872587,10563.1505048434,10667.632650359668,10688.457128997994,11738.5,-9.45521481130468
2018-11-27,10685.599609375,0.0053628890065369,0.0390913702662556,10574.8123243226,10668.33723698772,10688.42869596692,11738.5,-8.969633178216974
2018-11-28,10728.849609375,0.0040475033298135,0.0417623118703727,10589.482541946638,10670.710271198986,10688.830894110286,11738.5,-8.601187465391657
2018-11-29,10858.7001953125,0.0121029365370202,0.0514965560402111,10615.122318457672,10678.082425085791,10690.521135913294,11738.5,-7.494993437726283
2018-11-30,10876.75,0.0016622435800641,0.0516761460608856,10640.039240509324,10685.873310376544,10692.374159436546,11738.5,-7.341227584444354
2018-12-03,10883.75,0.0006435745971913,0.051697064862906,10663.249789032245,10693.633180557856,10694.278396656084,11738.5,-7.281594752310772
2018-12-04,10869.5,-0.0013092913747559,0.0461803320276719,10682.89266626727,10700.529918575196,10696.02189519682,11738.5,-7.402990160582701
2018-12-05,10782.900390625,-0.0079672118657712,0.0368622289557869,10692.417211444195,10703.760133165386,10696.886357837897,11738.5,-8.140730156110232
2018-12-06,10601.150390625,-0.0168553907961552,0.022265653250886,10683.725133270938,10699.736221693214,10695.933761149212,11738.5,-9.689054047578482
2018-12-07,10693.7001953125,0.0087301661873739,0.0320809547924305,10684.67513917966,10699.499514776324,10695.911536613525,11738.5,-8.900624480874896
2018-12-10,10488.4501953125,-0.0191935435117182,0.0256098484461448,10665.987049287549,10691.223070875782,10693.84724466028,11738.5,-10.64914430879158
2018-12-11,10549.150390625,0.0057873369451311,0.0422208099531458,10654.859748462544,10685.651593218889,10692.407474968386,11738.5,-10.132040800570774
2018-12-12,10737.599609375,0.0178639238016242,0.0602157053022636,10662.739735216112,10687.68877032305,10692.857147947556,11738.5,-8.526646425224694
2018-12-13,10791.5498046875,0.0050244186107848,0.0665431082141181,10675.007360880054,10691.761752062832,10693.839164432531,11738.5,-8.067046005132683
2018-12-14,10805.4501953125,0.0012880810334547,0.0758007801144133,10687.43048796886,10696.220122386349,10694.949721953726,11738.5,-7.948628910742428
2018-12-17,10888.349609375,0.0076720000151833,0.0709816754894794,10706.565642388492,10703.754612072178,10696.874098942992,11738.5,-7.242410790347997
2018-12-18,10908.7001953125,0.0018690239262686,0.0626409219307486,10725.81655219078,10711.791693767876,10698.981821294929,11738.5,-7.069044636772159
2018-12-19,10967.2998046875,0.0053718232535331,0.0624912015003995,10748.814957190469,10721.811619686294,10701.651651975451,11738.5,-6.569835969778937
2018-12-20,10951.7001953125,-0.0014223746640291,0.0694862650981116,10768.137360821136,10730.826857946146,10704.139697182783,11738.5,-6.702728667951607
2018-12-21,10754.0,-0.0180520094402436,0.0550429261339384,10766.790945504838,10731.735608614925,10704.635819598878,11738.5,-8.38693189078673
2018-12-24,10663.5,-0.0084154733122558,0.0401284035758682,10756.953712599616,10729.059702394732,10704.22650796108,11738.5,-9.157899220513698
2018-12-26,10729.849609375,0.0062221230716932,0.0383809168823943,10754.372369435368,10729.090679139055,10704.481464194054,11738.5,-8.59266848937258
2018-12-27,10779.7998046875,0.0046552558638712,0.0376416609012153,10756.79402993557,10731.07927229782,10705.23090041787,11738.5,-8.167143973356906
2018-12-28,10859.900390625,0.007430619064249,0.03791384929156,10766.613683334564,10736.13108085967,10706.769900320429,11738.5,-7.484769002640879
2018-12-31,10862.5498046875,0.0002439630168971,0.040055686558245,10775.750456796748,10741.088677872527,10708.3199491201,11738.5,-7.462198707777823
2019-01-01,11349.161816869038,0.0447972180501812,0.087053248391725,10830.36106251792,10764.93468332337,10714.696485117604,11738.5,-3.316762645405813
2019-01-02,10792.5,-0.0490487161828667,0.0285428380825312,10826.755247040022,10766.01567613422,10715.470649444793,11738.5,-8.058951314052054
2019-01-03,10672.25,-0.0111419967570072,0.0133646679010588,10812.04046160764,10762.338590795622,10715.040593231412,11738.5,-9.083358180346725
2019-01-04,10727.349609375,0.0051628859308019,0.022553164394824,10803.974666156912,10760.966473877166,10715.163071003984,11738.5,-8.613965929420287
2019-01-07,10771.7998046875,0.0041436325775803,0.0280494567714599,10800.910393636015,10761.391310379531,10715.726620592875,11738.5,-8.235295781509567
2019-01-08,10802.150390625,0.0028175965472634,0.0257770319425987,10801.028488587348,10762.989705683278,10716.586558603143,11738.5,-7.976739867742899
2019-01-09,10855.150390625,0.0049064304868406,-0.0214943610988146,10806.182955448076,10766.603850190795,10717.965303200375,11738.5,-7.525234138731529
2019-01-10,10821.599609375,-0.0030907707440862,0.0363332829256435,10807.651208203022,10768.760546629394,10718.996490326494,11738.5,-7.811052439621758
2019-01-11,10794.9501953125,-0.0024626132017869,0.0336822040582813,10806.441587927737,10769.78759167579,10719.75224858506,11738.5,-8.038078158942795
2019-01-14,10737.599609375,-0.0053127235327499,0.0221612795118302,10799.88520901795,10768.525317860072,10719.929834264563,11738.5,-8.526646425224694
2019-01-15,10886.7998046875,0.0138951162960325,0.0310592732584542,10808.162789557908,10773.163533029776,10721.590231980215,11738.5,-7.255613539315076
2019-01-16,10890.2998046875,0.000321490250835,0.0251045036634423,10815.985362427393,10777.757112310472,10723.268934196209,11738.5,-7.22579712324829
2019-01-17,10905.2001953125,0.001368225934293,0.0252138944544983,10824.482013178354,10782.754880271335,10725.079195500848,11738.5,-7.098861052838945
2019-01-18,10906.9501953125,0.0001604738994844,0.0258413117654736,10832.336125762558,10787.625284782756,10726.888857190515,11738.5,-7.083952844805552
2019-01-21,10961.849609375,0.0050334340103701,0.0291656722590956,10844.670743249457,10794.457611237352,10729.2267751227,11738.5,-6.616266052945441
2019-01-22,10922.75,-0.003566880660501,0.0226097132826215,10852.106862939983,10799.488685306476,10731.152379350337,11738.5,-6.949354687566556
2019-01-23,10831.5,-0.0083541232748163,0.0083740425681633,10850.144304564748,10800.744030980732,10732.150863137897,11738.5,-7.726711249307838
2019-01-24,10849.7998046875,0.0016894986555417,0.0139573201733536,10850.11149505263,10802.66778681237,10733.32149937222,11738.5,-7.570815652021123
2019-01-25,10780.5498046875,-0.0063826062458849,-0.0007415269099952,10843.486572160711,10801.800414964337,10733.791432758444,11738.5,-8.16075474134259
2019-01-28,10661.5498046875,-0.0110383980553809,-0.0143709157171582,10826.159260972789,10796.300391031911,10733.072610588584,11738.5,-9.174512887613409
2019-01-29,10652.2001953125,-0.0008769465552643,-0.0222585289776341,10809.591730909904,10790.649402964484,10732.267909939072,11738.5,-9.25416198566682
2019-01-30,10651.7998046875,-3.758759858607519e-05,-0.0286699481156098,10794.563928412532,10785.204320679111,10731.467232274876,11738.5,-9.25757290379946
2019-01-31,10830.9501953125,0.0168187906184795,-0.0228037564663552,10798.029287164907,10786.998276547089,10732.457112504107,11738.5,-7.731395022255826
2019-02-01,10893.650390625,0.0057889838086075,-0.0173506773746165,10807.136058923012,10791.18071239328,10734.061025719242,11738.5,-7.1972535619968525
2019-02-04,10912.25,0.0017073807867935,-0.0142190932026456,10817.146910454156,10795.928527593544,10735.834050338952,11738.5,-7.038803935766924
2019-02-05,10934.349609375,0.0020252110586724,-0.0176139918034872,10828.30907225614,10801.356805310465,10737.80932953334,11738.5,-6.85053789347021
2019-02-06,11062.4501953125,0.0117154280331102,0.0011583900155212,10850.608226832936,10811.595761781133,10741.039586904277,11738.5,-5.759252073838228
2019-02-07,11069.400390625,0.0006282690714798,0.0037814045153516,10871.445575765514,10821.705747225991,10744.30685858309,11738.5,-5.700043526643094
2019-02-08,10943.599609375,-0.0113647331210952,-0.0066534849777144,10878.317388490226,10826.485898682817,10746.28987102878,11738.5,-6.771737365293696
2019-02-11,10888.7998046875,-0.0050074752954736,0.0119138523842861,10879.315713842348,10828.929581271232,10747.707880318918,11738.5,-7.238575587276907
2019-02-12,10831.400390625,-0.0052714178873772,0.0154549117527258,10874.75234972641,10829.026475755696,10748.540641615496,11738.5,-7.727559819184737
2019-02-14,10746.0498046875,-0.0078799216038005,0.0236039153847069,10862.49496448461,10825.772488654982,10748.515857168451,11738.5,-8.454659414000943
2019-02-15,10724.400390625,-0.0020146392819672,0.0236429592042088,10849.343100307504,10821.797112261647,10748.275902277472,11738.5,-8.639090253226566
2019-02-18,10640.9501953125,-0.0077813390280961,0.0060604611301917,10829.496156974648,10814.70507630286,10747.207984795234,11738.5,-9.350000465881504
2019-02-19,10604.349609375,-0.0034395975233135,0.0142898255153318,10808.053628631824,10806.45584230569,10745.786508422894,11738.5,-9.661799979767428
2019-02-20,10735.4501953125,0.0123629068039776,0.0185678213726605,10801.139015934745,10803.671307129487,10745.683659536224,11738.5,-8.54495723207821
2019-02-21,10789.849609375,0.0050672690080806,0.0275166136237201,10800.063834357628,10803.129279766566,10746.123121723676,11738.5,-8.081529928227626
2019-02-22,10791.650390625,0.0001668958618696,0.0233417467758758,10799.262554002138,10802.679127251213,10746.576129374434,11738.5,-8.066189115943267
2019-02-25,10880.099609375,0.0081960789636807,0.0409287728711766,10806.961321180506,10805.7152245894,10747.904721215236,11738.5,-7.312692342505434
2019-02-26,10835.2998046875,-0.0041175914096317,0.044024068918677,10809.660224371648,10806.87540420109,10748.774324035856,11738.5,-7.694340804297828
2019-02-27,10806.650390625,-0.0026440813432874,0.043072659663212,10809.373573538634,10806.866580139282,10749.35020529545,11738.5,-7.938404475657023
2019-02-28,10792.5,-0.0013094150466157,0.0379948734801924,10807.766566534956,10806.303184839702,10749.77955648654,11738.5,-8.058951314052054
2019-03-01,10863.5,0.0065786425758629,0.04630778079334,10813.074512579244,10808.54619719893,10750.911103188168,11738.5,-7.454104016697194
2019-03-05,10987.4501953125,0.0114097846285727,0.047316560293442,10829.681720458602,10815.562040262208,10753.264725995376,11738.5,-6.398175275269413
2019-03-06,11053.0,0.0059658795737218,0.0444503626697052,10850.950128033974,10824.873332800946,10756.247166532736,11738.5,-5.839758061081057
2019-03-07,11058.2001953125,0.0004704781790012,0.0477436116037941,10870.688229679548,10834.023405840617,10759.251674281788,11738.5,-5.795457721919329
2019-03-08,11035.400390625,-0.0020618006804727,0.0517067147102965,10886.375102150543,10841.920542498829,10761.999422703117,11738.5,-5.989688711291907
2019-03-11,11168.0498046875,0.0120203535320015,0.0678596740231667,10913.20126429692,10854.709925329757,10766.039725011418,11738.5,-4.859651533948117
2019-03-12,11301.2001953125,0.0119224388280498,0.0909705827840816,10950.153543441262,10872.21934768202,10771.364704815407,11738.5,-3.7253465492822713
2019-03-13,11341.7001953125,0.0035836901656514,0.1065883060040979,10987.443700762333,10890.630361314588,10777.039684820356,11738.5,-3.3803280205094377
2019-03-14,11343.25,0.0001366465927339,0.117099306869723,11021.330014975443,10908.380151066958,10782.67361830473,11738.5,-3.3671252715423594
2019-03-15,11426.849609375,0.007369987382364,0.1156145307696809,11059.950928727782,10928.71228668688,10789.083329658664,11738.5,-2.654942204072075
2019-03-18,11462.2001953125,0.0030936423551506,0.120794832536214,11098.260382688231,10949.633381142788,10795.781009913926,11738.5,-2.3537914102099933
2019-03-19,11532.400390625,0.0061244956567072,0.1066075535298927,11139.60705011078,10972.486989357778,10803.110555990654,11738.5,-1.755757629807897
2019-03-20,11521.0498046875,-0.0009842344657688,0.104940632722724,11175.93493149904,10993.99925662561,10810.25423010704,11738.5,-1.8524529992119956
2019-03-22,11456.900390625,-0.0055680181190085,0.1004716173196624,11202.693546653893,11012.152242272645,10816.688520261449,11738.5,-2.3989403192486214
2019-03-25,11354.25,-0.0089597000170305,0.0959541678347228,11217.127494591618,11025.567840614896,10822.03739070661,11738.5,-3.273416535332452
2019-03-26,11483.25,0.0113613845036,0.1263443460882616,11242.472495106702,11043.516160590782,10828.616620649827,11738.5,-2.174468628870807
2019-03-27,11445.0498046875,-0.0033266013813597,0.1338187388550411,11261.765572209635,11059.26257800634,10834.75028417259,11738.5,-2.49989517666227
2019-03-28,11570.0,0.0109174007492152,0.1427894577332995,11291.121231999194,11079.291496515894,10842.066201743011,11738.5,-1.4354474592153998
2019-04-01,11669.150390625,0.008569610252809,0.149075639755299,11327.124009011177,11102.423217853506,10850.295895164723,11738.5,-0.5907876591983663
2019-04-02,11713.2001953125,0.00377489390512,0.1580316068427296,11363.8931696113,11126.37525618523,10858.882007604008,11738.5,-0.2155284294202863
2019-04-03,11643.9501953125,-0.0059121332210912,0.1646221435957773,11390.56526729713,11146.672312621597,10866.6936313623,11738.5,-0.8054675187417426
2019-04-04,11598.0,-0.00394627205903,0.1448425868819733,11410.320956125975,11164.371437616826,10873.970311647254,11738.5,-1.1969161306810916
2019-04-05,11665.9501953125,0.0058587855934213,0.1455005815754222,11434.666597953264,11184.04119282058,10881.850708499644,11738.5,-0.6180500463219274
2019-04-08,11604.5,-0.0052674830839918,0.1474039941759848,11450.841207672,11200.529773494283,10889.04124871358,11738.5,-1.141542786557059
2019-04-09,11671.9501953125,0.0058124171926838,0.142986585964479,11471.899206494903,11219.016848859705,10896.831387485709,11738.5,-0.5669361902074344
2019-04-10,11584.2998046875,-0.0075094897732,0.1307271649280137,11482.60402537039,11233.341670656871,10903.67186924891,11738.5,-1.313627766005021
2019-04-11,11596.7001953125,0.0010704480058416,0.144968578261043,11493.47032726964,11247.591024564936,10910.56767348835,11738.5,-1.2079891356433947
2019-04-12,11643.4501953125,0.0040313191867198,0.1276785087686942,11507.7541242261,11263.11491361386,10917.860036889584,11738.5,-0.8097270067512929
2019-04-15,11690.349609375,0.0040279653604204,0.1315140008684672,11525.144170430758,11279.869215408416,10925.5465002974,11738.5,-0.4101920230438316
2019-04-16,11787.150390625,0.0082804008848778,0.1356347781154248,11550.09714378259,11299.762594828677,10934.119673335486,11787.150390625,0.0
2019-04-18,11752.7998046875,-0.0029142400664389,0.1298324693876325,11569.402159106869,11317.52875992118,10942.265744294213,11787.150390625,-0.2914240066438922
2019-04-22,11594.4501953125,-0.0134733520528311,0.1130155330911821,11571.787686364549,11328.388424054172,10948.755141816784,11787.150390625,-1.6348327536888418
2019-04-23,11575.9501953125,-0.0015955909670886,0.1068302087704387,11572.18411578816,11338.096728809402,10954.995888617736,11787.150390625,-1.791783326023222
2019-04-24,11726.150390625,0.0129751936366588,0.11884346580093,11586.847570534526,11353.314519468837,10962.669067742188,11787.150390625,-0.517512697967415
2019-04-25,11641.7998046875,-0.0071933740509534,0.1057573348743117,11592.081116644333,11364.627667908784,10969.42658751279,11787.150390625,-1.233127440650161
2019-04-26,11754.650390625,0.0096935686775907,0.114322160359471,11607.563904642491,11379.922676642753,10977.23975968306,11787.150390625,-0.2757239784252574
2019-04-30,11748.150390625,-0.0005529726349993,0.1160865433527149,11620.953093783684,11394.362979151862,10984.910512229748,11787.150390625,-0.3308687741103155
2019-05-02,11724.75,-0.0019918361484096,0.1097413435251584,11630.838513423332,11407.319332910613,10992.272099172736,11787.150390625,-0.5293933525666317
2019-05-03,11712.25,-0.0010661208128105,0.1086893962581487,11638.591988335396,11419.277398286667,10999.436058384948,11787.150390625,-0.6354410365763452
2019-05-06,11598.25,-0.0097333987918631,0.0957561183581143,11634.749894208217,11426.295931687191,11005.394406062713,11787.150390625,-1.602595914744953
2019-05-07,11497.900390625,-0.0086521336731834,0.0832411606707974,11621.716608152672,11429.103949684752,11010.294963123031,11787.150390625,-2.4539434079848266
2019-05-08,11359.4501953125,-0.0120413458639272,0.0746319165229383,11596.738854548848,11426.37242990545,11013.769144537857,11787.150390625,-3.628529213071507
2019-05-09,11301.7998046875,-0.005075103956069,0.0644201258812613,11568.649421228718,11421.48722891651,11016.635121255762,11787.150390625,-4.117624445714441
2019-05-10,11278.900390625,-0.0020261741013145,0.0548619657746909,11541.054275456936,11415.895588199195,11019.244725926104,11787.150390625,-4.311898831835048
2019-05-13,11148.2001953125,-0.0115880263843041,0.0380703302163281,11503.639601157463,11405.397729654622,11020.527864924972,11787.150390625,-5.420735072835702
2019-05-14,11222.0498046875,0.0066243526381999,0.0470234799412461,11476.821525303185,11398.20761495003,11022.533058355446,11787.150390625,-4.794208669696431
2019-05-15,11157.0,-0.0057966063080854,0.0446971194669476,11446.362332417166,11388.748492795126,11023.871037874298,11787.150390625,-5.346079160287931
2019-05-16,11257.099609375,0.0089719108519314,0.0601652446848586,11428.337311175055,11383.585791484533,11026.191720177789,11787.150390625,-4.496852620728243
2019-05-17,11407.150390625,0.0133294353303079,0.0645467211632682,11426.319509217908,11384.50989341161,11029.982353714577,11787.150390625,-3.223849593895367
2019-05-20,11828.25,0.0369154078761932,0.1036080366818232,11464.598603578106,11401.911466219,11037.92531536916,11828.25,0.0
2019-05-21,11709.099609375,-0.0100733743897025,0.0900601763661823,11487.884413654,11413.958060068257,11044.603666553296,11828.25,-1.0073374389702572
2019-05-22,11737.900390625,0.0024596922232125,0.0953059151081212,11511.69545907981,11426.661680874402,11051.502141419684,11828.25,-0.7638459567138045
2019-05-23,11657.0498046875,-0.0068879938700173,0.0787072414461202,11525.538730090066,11435.696509259227,11057.527491302946,11828.25,-1.447383977448058
2019-05-24,11844.099609375,0.0160460672143893,0.0960061478635649,11555.877861450535,11451.712317106909,11065.354079542469,11844.099609375,0.0
2019-05-27,11924.75,0.0068093306612486,0.1039544551379818,11591.008541312389,11470.262814475263,11073.9052827311,11924.75,0.0
2019-05-28,11928.75,0.0003354368016101,0.1105706523369729,11623.174394520733,11488.242704103684,11082.411200315866,11928.75,0.0
2019-05-29,11861.099609375,-0.0056712053337525,0.1103091346305471,11645.833938792568,11502.86454352609,11090.15934368959,11928.75,-0.5671205333752538
2019-05-30,11945.900390625,0.0071494873192847,0.1273545685565023,11674.411696109944,11520.238498314282,11098.674179977505,11945.900390625,0.0
2019-05-31,11922.7998046875,-0.0019337668306382,0.1337015968185273,11698.067706450662,11536.025216211272,11106.874434949745,11945.900390625,-0.1933766830638283
2019-06-03,12088.5498046875,0.0139019360146293,0.1472804180255007,11735.256477711311,11557.692847131908,11116.642349076488,12088.5498046875,0.0
2019-06-04,12021.650390625,-0.0055341141115669,0.1525644720307082,11762.532088464995,11575.887260602223,11125.647404216275,12088.5498046875,-0.5534114111566901
2019-06-06,11843.75,-0.0147983334105052,0.1264903379861124,11770.267127658806,11586.39168175508,11132.79270367681,12088.5498046875,-2.025055185631741
2019-06-07,11870.650390625,0.0022712730870713,0.1193288122645301,11779.827438417493,11597.53908210292,11140.134571208631,12088.5498046875,-1.8025273302675784
2019-06-10,11922.7001953125,0.0043847475053773,0.1154542210277438,11793.434367645586,11610.290498307217,11147.921293836533,12088.5498046875,-1.3719562069446023
2019-06-11,11965.599609375,0.0035981290613484,0.1252950475543048,11809.831057334102,11624.224188937324,11156.057396478707,12088.5498046875,-1.017079776308849
2019-06-12,11906.2001953125,-0.0049641819885031,0.1217079362824538,11819.009070474902,11635.282071540274,11163.521503929793,12088.5498046875,-1.5084490060527478
2019-06-13,11914.0498046875,0.0006592875347493,0.1097133861957693,11828.06056897134,11646.214139506832,11170.989447220913,12088.5498046875,-1.4435147542043114
2019-06-14,11823.2998046875,-0.0076170572968643,0.1053738326503033,11827.607162849068,11653.158675396273,11177.480097543965,12088.5498046875,-2.1942251492991005
2019-06-17,11672.150390625,-0.0127840295483816,0.0981935729994825,11812.801755970586,11653.903448542496,11182.402190012432,12088.5498046875,-3.444577064992816
2019-06-18,11691.5,0.0016577587443133,0.1036848877692746,11801.24920778291,11655.377823109458,11187.467839863057,12088.5498046875,-3.284511468311435
2019-06-19,11691.4501953125,-4.259905700743083e-06,0.0942286146836299,11790.792158976205,11656.79242594095,11192.482589668523,12088.5498046875,-3.2849234671723737
2019-06-20,11831.75,0.0120002054786796,0.0987524021043295,11794.692905740376,11663.6535072766,11198.843459423066,12088.5498046875,-2.1243226758922096
2019-06-21,11724.099609375,-0.0090984335051873,0.0888261769329681,11787.96973465796,11666.023942653008,11204.069888775824,12088.5498046875,-3.014838017800769
2019-06-24,11699.650390625,-0.0020853813567439,0.0846115147272226,11779.558368559585,11667.342626887204,11209.001038047954,12088.5498046875,-3.21708906647925
2019-06-25,11796.4501953125,0.0082737348087824,0.0879474142215339,11781.167113964622,11672.405668786236,11214.84630329437,12088.5498046875,-2.416332927393283
2019-06-26,11847.5498046875,0.0043317785036134,0.0912661850792204,11787.489274985848,11679.27406627256,11221.141860522162,12088.5498046875,-1.993622096064396
2019-06-27,11841.5498046875,-0.0005064338279993,0.0956231714949875,11792.637896862196,11685.637820720203,11227.315073896942,12088.5498046875,-2.0432558411946355
2019-06-28,11788.849609375,-0.0044504474652159,0.0897741106268887,11792.2771075777,11689.685341843922,11232.902482210156,12088.5498046875,-2.479207184936993
2019-07-01,11865.599609375,0.0065103892697864,0.0986819297071375,11799.260202986969,11696.583940570632,11239.197976012792,12088.5498046875,-1.84430886181276
2019-07-02,11910.2998046875,0.0037672091410518,0.1120260668314505,11809.835403148922,11704.964954849724,11245.87560614886,12088.5498046875,-1.474535844910707
2019-07-03,11916.75,0.0005415644793391,0.1062657726307929,11820.017745706167,11713.270250737973,11252.550973251857,12088.5498046875,-1.4211779532138924
2019-07-04,11946.75,0.0025174649128327,0.1122464584140612,11832.087484210342,11722.426319336484,11259.458426254329,12088.5498046875,-1.1730092275627269
2019-07-05,11811.150390625,-0.0113503345575156,0.091416977407722,11830.093475297452,11725.905694681132,11264.947898536622,12088.5498046875,-2.294728636142396
2019-07-08,11558.599609375,-0.021382403313606,0.0739747361998717,11804.23691663817,11719.344671727951,11267.869806107154,12088.5498046875,-4.383902154309727
2019-07-09,11555.900390625,-0.0002335247210926,0.0730559024122181,11780.585818922633,11712.935092076856,11270.735782072506,12088.5498046875,-4.4062308768911045
2019-07-10,11498.900390625,-0.004932545113165,0.0775437121380031,11753.758635275237,11704.54157437286,11273.00607668497,12088.5498046875,-4.877751455628332
2019-07-11,11582.900390625,0.0073050463215147,0.0938513016130422,11737.486421499025,11699.771331872946,11276.089602196813,12088.5498046875,-4.182879023805053
2019-07-12,11552.5,-0.002624592252352,0.0782319153460489,11719.868667070545,11693.995985524987,11278.83995441376,12088.5498046875,-4.434359897161855
2019-07-15,11588.349609375,0.0031031905972733,0.0873626361039394,11707.343042528111,11689.85299038185,11281.919652473076,12088.5498046875,-4.1378015013723175
2019-07-16,11662.599609375,0.0064072971995883,0.0899727271847776,11703.081763180197,11688.784230342368,11285.707512740755,12088.5498046875,-3.5235839053856743
2019-07-17,11687.5,0.0021350634900458,0.085200380327914,11701.597785734464,11688.733868368156,11289.705447937367,12088.5498046875,-3.317600631731588
2019-07-18,11596.900390625,-0.0077518382352941,0.0788065202097723,11691.626605247848,11685.132555515484,11292.76211403376,12088.5498046875,-4.067066951834509
2019-07-19,11419.25,-0.0153187821435988,0.0600223330312204,11665.685976176625,11674.705788632526,11294.020699963774,12088.5498046875,-5.536642653595802
2019-07-22,11346.2001953125,-0.0063970755248812,0.0454532693503411,11635.25875895147,11661.823216345469,11294.539898922469,12088.5498046875,-6.14093188487459
2019-07-23,11331.0498046875,-0.0013352832106081,0.0350590152492635,11606.286477592996,11648.85171000594,11294.903181566897,12088.5498046875,-6.266260322692052
2019-07-24,11271.2998046875,-0.0052731212932523,0.0295022976865968,11574.38298493533,11634.04575293463,11294.66832209546,12088.5498046875,-6.7605297012806265
2019-07-25,11252.150390625,-0.0016989534831232,0.020769848252403,11543.694166429585,11619.069464216604,11294.24525810073,12088.5498046875,-6.9189392241092
2019-07-26,11284.2998046875,0.0028571795564771,0.0240858347615433,11518.989941501766,11605.941242274288,11294.146298365276,12088.5498046875,-6.65298992016512
2019-07-29,11189.2001953125,-0.0084276039294431,0.0230734256162017,11487.581394245646,11589.598456118923,11293.102058533905,12088.5498046875,-7.439681549115717
2019-07-30,11085.400390625,-0.0092767850137299,0.0070267292853782,11449.278441519871,11569.825982962298,11291.03537527113,12088.5498046875,-8.298343724186964
2019-07-31,11118.0,0.0029407696814063,0.0125267910004471,11417.728113756077,11552.107316963777,11289.313630243558,12088.5498046875,-8.028670273676298
2019-08-01,10980.0,-0.0124123043712898,0.0020900047860663,11376.039721969782,11529.671735906371,11286.235882678946,12088.5498046875,-9.17024641167169
2019-08-02,10997.349609375,0.0015801101434427,-0.0011671527955477,11339.973996960756,11508.79635839534,11283.361392397315,12088.5498046875,-9.026725396700376
2019-08-05,10862.599609375,-0.0122529522827143,-0.0200410826247773,11294.509769571636,11483.45530941415,11279.174707989134,12088.5498046875,-10.141416589416885
2019-08-06,10948.25,0.0078848888576432,-0.0167096097600294,11261.532648660052,11462.466865907712,11275.881924825064,12088.5498046875,-9.432891646319174
2019-08-07,10855.5,-0.0084716735551343,-0.0248383039885016,11222.86287259719,11438.664243715251,11271.699020100436,12088.5498046875,-10.20014662312404
2019-08-08,11032.4501953125,0.0163005108297638,-0.0120753997594295,11204.72833190341,11422.734281032792,11269.318434779165,12088.5498046875,-8.736363140643078
2019-08-09,11109.650390625,0.0069975566574775,-0.0149577929921387,11195.673289876897,11410.456481408955,11267.729698021412,12088.5498046875,-8.097740670952259
2019-08-13,10925.849609375,-0.0165442452991232,-0.0347805524164456,11169.975796495764,11391.4522903488,11264.327906094582,12088.5498046875,-9.61819419283566
2019-08-14,11029.400390625,0.0094775953314556,-0.0288028538171971,11156.58766260331,11377.254176634142,11261.99031887598,12088.5498046875,-8.76159201206914
2019-08-16,11047.7998046875,0.0016682152620135,-0.0262995880108196,11146.226914230376,11364.334397342118,11259.859069978582,12088.5498046875,-8.60938670738185
2019-08-19,11053.900390625,0.0005521991749806,-0.0169679761464015,11137.433911982243,11352.16051472576,11257.809729885512,12088.5498046875,-8.558920886120692
2019-08-20,11017.0,-0.0033382235519596,-0.0302619367120303,11125.964015602984,11339.016965128672,11255.413613170234,12088.5498046875,-8.864171650035246
2019-08-21,10918.7001953125,-0.0089225564752201,-0.041134215922452,11106.224604146748,11322.533954547647,11252.063230902992,12088.5498046875,-9.677336225403764
2019-08-22,10741.349609375,-0.0162428295277892,-0.0569035883930758,11071.474604644676,11299.7424115997,11246.981503325602,12088.5498046875,-11.144431855590364
2019-08-23,10829.349609375,0.0081926390258439,-0.054205274290393,11048.41508128566,11281.29563504187,11242.825962092264,12088.5498046875,-10.416470260346934
2019-08-26,11057.849609375,0.0211000667853762,-0.0359917510620851,11049.313607770358,11272.533045800032,11240.985401368707,12088.5498046875,-8.526251799970519
2019-08-27,11105.349609375,0.0042955910667956,-0.0283608548602301,11054.650369827945,11265.976832606892,11239.635791498124,12088.5498046875,-8.13331798435616
2019-08-28,11046.099609375,-0.0053352665232603,-0.027268158476983,11053.836011689567,11257.354196401722,11237.710058342673,12088.5498046875,-8.62345121751722
2019-08-29,10948.2998046875,-0.0088537862364102,-0.0425706658723287,11043.784944356035,11245.2344163345,11234.830354326205,12088.5498046875,-9.432479647458225
2019-08-30,11023.25,0.0068458296401794,-0.0317784999533807,11041.829235369749,11236.529145105696,11232.72507716873,12088.5498046875,-8.81246983219125
2019-09-03,10797.900390625,-0.0204431188057061,-0.058657856668047,11018.597916822628,11219.328017479002,11228.398463372276,12088.5498046875,-10.676627345010669
2019-09-04,10844.650390625,0.0043295454031591,-0.0612114709351396,11002.031485756186,11204.634777210218,11224.58007458872,12088.5498046875,-10.2898977475376
2019-09-05,10847.900390625,0.0002996869316147,-0.0624843335947987,10987.35233383893,11190.645193422562,11220.832018031868,12088.5498046875,-10.26301280225872
2019-09-06,10946.2001953125,0.0090616433731685,-0.0549567075770003,10983.4330825507,11181.059115065304,11218.099363079436,12088.5498046875,-9.4498482268902
2019-09-09,11003.0498046875,0.0051935473827113,-0.0479402119402051,10985.301341801822,11174.078357795588,11215.959566478525,12088.5498046875,-8.979571723144842
2019-09-11,11035.7001953125,0.0029673946046386,-0.0561283608839782,10990.101232612362,11168.651763188407,11214.165940894782,12088.5498046875,-8.709478195364206
2019-09-12,10982.7998046875,-0.0047935690249604,-0.0643779184148315,10989.40585852428,11161.363451090334,11211.863790285755,12088.5498046875,-9.147085612959383
2019-09-13,11075.900390625,0.0084769446400874,-0.0526860458453727,10997.643433010064,11158.011958523066,11210.51092063739,12088.5498046875,-8.376930487309831
2019-09-16,11003.5,-0.0065367498868337,-0.0576613298120614,10998.20120129482,11151.952666031966,11208.451110481796,12088.5498046875,-8.975847576578266
2019-09-17,10817.599609375,-0.016894659937747,-0.0738752956316082,10981.00104968341,11138.840781457184,11204.562040819044,12088.5498046875,-10.513669677893631
2019-09-18,10840.650390625,0.0021308591630644,-0.0640370256264456,10967.634320249275,11127.147040640237,11200.941029374326,12088.5498046875,-10.322986910957754
2019-09-19,10704.7998046875,-0.0125315899915916,-0.0707880883159117,10942.602461624345,11110.584403936207,11196.004300770475,12088.5498046875,-11.446782470660231
2019-09-20,11274.2001953125,0.0531911293077771,-0.0176658429765433,10974.183198166074,11117.000709480377,11196.782369372886,12088.5498046875,-6.7365368264374
2019-09-23,11600.2001953125,0.028915576657539,0.0054867254240089,11033.803864560972,11135.949708924774,11200.796477093678,12088.5498046875,-4.039770007694687
2019-09-24,11588.2001953125,-0.0010344649056013,-7.760862300054683e-05,11086.603515108736,11153.68502211645,11204.65124045904,12088.5498046875,-4.139037497955156
2019-09-25,11440.2001953125,-0.0127716122871148,0.0001836481591555,11120.279389413856,11164.920911261392,11206.995011154098,12088.5498046875,-5.36333654450093
2019-09-26,11571.2001953125,0.011450848565891,0.0251340150885934,11163.224228070869,11180.853432204574,11210.61894333478,12088.5498046875,-4.279666442490814
2019-09-27,11512.400390625,-0.0050815648934429,0.0125330913292343,11196.47910069507,11193.85527371126,11213.621743805328,12088.5498046875,-4.766075529085301
2019-09-30,11474.4501953125,-0.0032964624252822,-0.0035388008292368,11222.952538277685,11204.858996126994,11216.217051780524,12088.5498046875,-5.080010582715843
2019-10-01,11359.900390625,-0.0099830321050411,-0.0015688171540946,11235.99519088219,11210.939050813193,11217.646736744153,12088.5498046875,-6.027599884478752
2019-10-03,11314.0,-0.0040405627731454,0.0031119708623523,11243.42422032198,11214.980656663654,11218.60547568202,12088.5498046875,-6.407301266088661
2019-10-04,11174.75,-0.0123077602969772,-0.005305123255668,11236.883818386554,11213.402983853315,11218.169102789663,12088.5498046875,-7.559217767652838
2019-10-07,11126.400390625,-0.0043266837625002,-0.0014986152269472,11226.361587171168,11209.991117452206,11217.255981275588,12088.5498046875,-7.9591797991303554
2019-10-09,11313.2998046875,0.0167978328570648,0.0315388699001248,11234.64141741082,11214.042438520257,11218.211641210037,12088.5498046875,-6.413093485368993
2019-10-10,11234.5498046875,-0.006960833829169,0.015098293321959,11234.63269238955,11214.846648958188,11218.374210000857,12088.5498046875,-7.064536390203314
2019-10-11,11305.0498046875,0.0062752848334504,0.0227297404005322,11241.339084036974,11218.38402761424,11219.236653729082,12088.5498046875,-6.481339884923065
2019-10-14,11341.150390625,0.0031933150725733,0.0331221987061483,11250.844922759645,11223.198394791132,11220.449725737995,12088.5498046875,-6.18270533801073
2019-10-15,11428.2998046875,0.007684353972992,0.0455470360761993,11267.745387705154,11231.241587336088,11222.517885727544,12088.5498046875,-5.46178003703951
2019-10-16,11464.0,0.0031238413344614,0.0413960560120696,11286.436303161809,11240.369368224869,11224.920692834734,12088.5498046875,-5.166457637832799
2019-10-17,11586.349609375,0.0106725060515526,0.0670549682844841,11314.99947518211,11253.937220818993,11228.517000462,12088.5498046875,-4.154346083082395
2019-10-18,11661.849609375,0.0065162887833896,0.1002523394933603,11348.03282129572,11269.933785076091,11232.828767714867,12088.5498046875,-3.529788123526956
2019-10-22,11588.349609375,-0.0063026022853966,0.1232884752005505,11370.920134446127,11282.420680146635,11236.366288527406,12088.5498046875,-4.1378015013723175
2019-10-23,11604.099609375,0.0013591236483976,0.1213803401022026,11393.127703486973,11295.035540116378,11240.02532654579,12088.5498046875,-4.007512920405453
2019-10-24,11582.599609375,-0.001852793471596,0.1244096309586164,11411.17264690488,11306.312562440246,11243.434025877425,12088.5498046875,-4.18536717378879
2019-10-25,11583.900390625,0.0001123047756004,0.1074369100885788,11427.62290821156,11317.198359623962,11246.82175089979,12088.5498046875,-4.174606732950014
2019-10-27,11583.900390625,0.0,0.1318315671276784,11442.50647796522,11327.657262800474,11250.175767215464,12088.5498046875,-4.174606732950014
2019-10-29,11786.849609375,0.017519938181983,0.1255048564693244,11475.30106190901,11345.664805803395,11255.515805445908,12088.5498046875,-2.4957517666470808
2019-10-30,11844.099609375,0.0048571078699828,0.1266682149227109,11510.424733096246,11365.211268688558,11261.372360708883,12088.5498046875,-2.022163115196096
2019-10-31,11877.4501953125,0.0028157974888274,0.1221285524280213,11545.379539021604,11385.299069732631,11267.502488416383,12088.5498046875,-1.7462773681351185
2019-11-01,11890.599609375,0.0011070906504571,0.1375244384698954,11578.257640960022,11405.114777169589,11273.702459769209,12088.5498046875,-1.637501590436774
2019-11-04,11941.2998046875,0.0042638888683566,0.1589500736197655,11612.833085124545,11426.14164099382,11280.345219420136,12088.5498046875,-1.2180948284044923
2019-11-05,11917.2001953125,-0.0020181730439042,0.1631927181193724,11641.820428951967,11445.398839202397,11286.682084851902,12088.5498046875,-1.4174538066473177
2019-11-06,11966.0498046875,0.0040990843968715,0.1792929825184452,11672.699417117256,11465.816524123382,11293.441962661213,12088.5498046875,-1.013355629742274
2019-11-07,12012.0498046875,0.0038442093047263,0.1748013207841268,11705.018501647755,11487.23743708668,11300.592289447544,12088.5498046875,-0.6328302504104877
2019-11-08,11908.150390625,-0.0086495990069866,0.1761251895032145,11724.364395836066,11503.743827421516,11306.637643688116,12088.5498046875,-1.49231642320361
2019-11-11,11913.4501953125,0.0004450569159482,0.1877816745077267,11742.372567214774,11519.8107438094,11312.675579525176,12088.5498046875,-1.4484748973537132
2019-11-13,11840.4501953125,-0.0061275280295143,0.1550701304293564,11751.713293700272,11532.384839946775,11317.927068239478,12088.5498046875,-2.052352129771562
2019-11-14,11872.099609375,0.0026729907681237,0.1641138957721808,11763.178657097864,11545.706987767491,11323.441222877644,12088.5498046875,-1.7905389712549955
2019-11-15,11895.4501953125,0.0019668455206576,0.1452689660411674,11775.775946451638,11559.422407671218,11329.13285444416,12088.5498046875,-1.5973761327444214
2019-11-18,11884.5,-0.0009205364347466,0.1448925409195338,11786.130618218149,11572.170548546856,11334.658895693472,12088.5498046875,-1.687959333288902
2019-11-19,11940.099609375,0.0046783297046573,0.1314412592983038,11800.794331661658,11586.599139167569,11340.683181401746,12088.5498046875,-1.2280231931123486
2019-11-20,11999.099609375,0.0049413323113045,0.1401652992564614,11819.68054858674,11602.775628195312,11347.234588645262,12088.5498046875,-0.7399580326650446
2019-11-21,11968.400390625,-0.0025584601969645,0.1366002270299144,11833.844343066574,11617.113854172949,11353.415342893815,12088.5498046875,-0.9939108991875112
2019-11-22,11914.400390625,-0.0045118811401312,0.1241696814138189,11841.516347595949,11628.772149720087,11358.997283667262,12088.5498046875,-1.4406146053596247
2019-11-25,12073.75,0.0133745387220984,0.1406255694008207,11863.633838301095,11646.22226149577,11366.109250993955,12088.5498046875,-0.1224282889727645
2019-11-26,12037.7001953125,-0.0029858001604721,0.1483944182534882,11880.211586587897,11661.57433733172,11372.791747952351,12088.5498046875,-0.4206427586151195
2019-11-27,12100.7001953125,0.005233557820665,0.1434632832801794,11901.210501704523,11678.79495921332,11380.03461807534,12100.7001953125,0.0
2019-11-28,12151.150390625,0.0041691963686567,0.1489037390221781,11925.01430064933,11697.31870162162,11387.707411832052,12151.150390625,0.0
2019-11-29,12056.0498046875,-0.0078264676907359,0.1355741033367885,11937.49387246249,11711.38658801636,11394.357584895291,12151.150390625,-0.7826467690735917
2019-12-02,12048.2001953125,-0.0006510929783939,0.127876277828927,11948.03733178154,11724.594964773072,11400.86348151636,12151.150390625,-0.8472464910970867
2019-12-03,11994.2001953125,-0.0044819972381442,0.1143504617518025,11952.433794974964,11735.167718911876,11406.767329414828,12151.150390625,-1.2916488584783892
2019-12-04,12043.2001953125,0.0040853078322928,0.130158966102206,11961.078214054727,11747.247423868765,11413.099994747145,12151.150390625,-0.8883948584472057
2019-12-05,12018.400390625,-0.002059237103536,0.1338060303556578,11966.537468966184,11757.88087354548,11419.122884258368,12151.150390625,-1.0924891531457035
2019-12-06,11921.5,-0.0080626695296811,0.1324957845488874,11962.2481862075,11764.297309877027,11424.121661529429,12151.150390625,-1.889947727107244
2019-12-09,11937.5,0.0013421129891373,0.1231489037813109,11959.8912160925,11771.089572234792,11429.229903703266,12151.150390625,-1.758272951586859
2019-12-10,11856.7998046875,-0.0067602257853403,0.1096054726105355,11950.07298643488,11774.450757821172,11433.484330578733,12151.150390625,-2.4224092079759063
2019-12-11,11910.150390625,0.0044995771891509,0.1101050741001872,11946.270834452987,11779.772312048774,11438.22727644984,12151.150390625,-1.983351306275816
2019-12-12,11971.7998046875,0.0051762078597283,0.1025076288463608,11948.702164951512,11787.302801956175,11443.53645583529,12151.150390625,-1.475996758923126
2019-12-13,12086.7001953125,0.0095975870378328,0.1112418870813891,11961.8448345097,11799.043876205444,11449.936095034069,12151.150390625,-0.5304040625011552
2019-12-16,12053.9501953125,-0.0027095898360001,0.1075181068393247,11970.616773633776,11809.040202444936,11455.946185584104,12151.150390625,-0.7999258686444466
2019-12-17,12165.0,0.0092127313360466,0.1191867151202907,11989.129461859133,11822.999410192191,11463.001447419088,12165.0,0.0
2019-12-18,12221.650390625,0.0046568344122481,0.1334288501126186,12011.274312217784,11838.632781973873,11470.55019312263,12221.650390625,0.0
2019-12-19,12259.7001953125,0.0031133114981498,0.1564499835936879,12034.933920131569,11855.14522955578,11478.40243195039,12259.7001953125,0.0
2019-12-20,12271.7998046875,0.0009869417018555,0.1475728307837494,12057.49257580356,11871.484624658984,11486.296933171656,12271.7998046875,0.0
2019-12-23,12262.75,-0.0007374472230261,0.1691670143488377,12077.040901917508,11886.828364868436,11494.022834334128,12271.7998046875,-0.0737447223026155
2019-12-24,12214.5498046875,-0.0039306187692401,0.1578704779431845,12090.136987895605,11899.680186037813,11501.192256924707,12271.7998046875,-0.4665167368370193
2019-12-26,12126.5498046875,-0.0072045225904461,0.1293538822307927,12093.604875209116,11908.577033827994,11507.414720086528,12271.7998046875,-1.1836079655122678
2019-12-27,12245.7998046875,0.0098337946011572,0.1347582160412512,12108.099630397535,11921.801456214642,11514.76183535619,12271.7998046875,-0.2118678630176895
2019-12-30,12255.849609375,0.0008206736062803,0.1342285039351434,12122.171056966818,11934.901383789558,11522.135843057871,12271.7998046875,-0.1299743767528505
2019-12-31,12168.4501953125,-0.0071312407420245,0.11756608043108,12126.57859395212,11944.060160712026,11528.56683163752,12271.7998046875,-0.8421715723843759
2020-01-01,12182.5,0.00115460921169,0.1167691642341455,12131.904442147155,11953.410742644888,11535.07362933267,12271.7998046875,-0.7276830302706649
2020-01-02,12282.2001953125,0.0081838863379848,0.1198928099023064,12146.218323401,11966.304446671067,11542.507724516548,12282.2001953125,0.0
2020-01-03,12226.650390625,-0.0045227893866035,0.1164157320393228,12153.878520279475,11976.514091532008,11549.315114229072,12282.2001953125,-0.4522789386603554
2020-01-06,11993.0498046875,-0.0191058530729412,0.1152175752917519,12138.561499746906,11977.16255087144,11553.730384780898,12282.2001953125,-2.3542230710044465
2020-01-07,12052.9501953125,0.0049945920012428,0.1302996385157313,12130.408042181723,11980.134615359324,11558.69774607972,12282.2001953125,-1.866522254599734
2020-01-08,12025.349609375,-0.0022899444111396,0.1207379457460504,12120.402477152513,11981.907752379548,11563.341048202064,12282.2001953125,-2.0912424635085136
2020-01-09,12215.900390625,0.0158457581226116,0.1332214523420949,12129.497516530842,11991.083934271526,11569.834175987366,12282.2001953125,-0.5398039734998195
2020-01-10,12256.7998046875,0.0033480474426501,0.1286291184832964,12141.621543974334,12001.504164483918,11576.669654879905,12282.2001953125,-0.2068065185478307
2020-01-13,12329.5498046875,0.0059354808073293,0.1350511644482355,12159.519473566064,12014.368699393865,11584.16099965411,12329.5498046875,0.0
2020-01-14,12362.2998046875,0.0026562202609821,0.0892698513041345,12178.83188605382,12028.013056464202,11591.90367433106,12362.2998046875,0.0
2020-01-15,12343.2998046875,-0.0015369308543056,0.143692360869817,12194.495497352264,12040.377242669038,11599.380252742569,12362.2998046875,-0.1536930854305618
2020-01-16,12355.5,0.0009884063018437,0.1577221298226709,12209.829259509192,12052.734997858488,11606.903832317268,12362.2998046875,-0.0550043664603761
2020-01-17,12352.349609375,-0.0002549788049855,0.1514819651799039,12223.40262616308,12064.484590466978,11614.321203233269,12362.2998046875,-0.0804882220113101
2020-01-20,12224.5498046875,-0.0103461939411514,0.1348660415474687,12223.511881260643,12070.761657691311,11620.393129615895,12362.2998046875,-1.1142748693715454
2020-01-21,12169.849609375,-0.0044746183856623,0.1266136064849645,12218.401188700103,12074.647459718124,11625.860358270216,12362.2998046875,-1.556750753120606
2020-01-22,12106.900390625,-0.0051725551893021,0.115313925183484,12207.782065073903,12075.912280538,11630.646826253846,12362.2998046875,-2.065953892864325
2020-01-23,12180.349609375,0.0060667236352978,0.1255590715833621,12205.169450245436,12080.00786206102,11636.116505687887,12362.2998046875,-1.4718151006458235
2020-01-24,12248.25,0.0055745847042631,0.1346277452320778,12209.272359745872,12086.605592960588,11642.207386228309,12362.2998046875,-0.9225613881670648
2020-01-27,12119.0,-0.0105525279121506,0.1286507637534648,12200.674992151027,12087.875961864094,11646.951591340465,12362.2998046875,-1.968078824582831
2020-01-28,12055.7998046875,-0.0052149678449129,0.107377743778908,12186.87735524974,12086.618073347365,11651.019732766805,12362.2998046875,-2.4793121412876817
2020-01-29,12129.5,0.0061132563999481,0.113789355438967,12181.412845225954,12088.29971752982,11655.780730450717,12362.2998046875,-1.8831431721080596
2020-01-30,12035.7998046875,-0.007724984155365,0.1036752731839785,12167.544936603244,12086.240897418358,11659.56201477148,12362.2998046875,-2.641094336477734
2020-01-31,11962.099609375,-0.0061234148547233,0.0967410133142419,12147.97871496246,12081.372611612736,11662.572339095894,12362.2998046875,-3.2372633056573563
2020-02-03,11707.900390625,-0.0212503847193161,0.068058841147752,12106.066493596987,12066.726642162235,11663.023364484245,12362.2998046875,-5.293508686906034
2020-02-04,11979.650390625,0.0232108226866707,0.0967613824929618,12094.026864742513,12063.311887199992,11666.173882157284,12362.2998046875,-3.095293109761088
2020-02-05,12089.150390625,0.0091405004678344,0.1161104547500346,12093.562438636083,12064.32516184411,11670.382603634576,12362.2998046875,-2.2095355910955017
2020-02-06,12137.9501953125,0.0040366612301674,0.1187257289363508,12097.789844033838,12067.212418058558,11675.035017482118,12362.2998046875,-1.814788614736007
2020-02-07,12098.349609375,-0.0032625431230384,0.1222386453902848,12097.84315501871,12068.433484384694,11679.24710297359,12362.2998046875,-2.1351221009250687
2020-02-10,12031.5,-0.0055255147630383,0.1284944703545991,12091.524759302643,12066.98511244804,11682.7521069241,12362.2998046875,-2.6758759285393507
2020-02-11,12107.900390625,0.0063500303889789,0.1366572321794215,12093.084343238106,12068.589633160862,11686.982438105206,12362.2998046875,-2.057864783104824
2020-02-12,12201.2001953125,0.0077056964194832,0.145459022797552,12103.381091054714,12073.790047362889,11692.099032704284,12362.2998046875,-1.30315242244744
2020-02-13,12174.650390625,-0.0021759994314084,0.1240611554002009,12110.168643394742,12077.745354941791,11696.900538753249,12362.2998046875,-1.5179167066579955
2020-02-14,12113.4501953125,-0.0050268544351488,0.1119734671985848,12110.481172148811,12079.145544760251,11701.04531145533,12362.2998046875,-2.0129718038438327
2020-02-17,12045.7998046875,-0.0055847334602637,0.1038786505704598,12104.321041914402,12077.83786867897,11704.475704422814,12362.2998046875,-2.560203238882708
2020-02-18,11992.5,-0.0044247626186481,0.0967730526667771,12093.671418874936,12074.49128559352,11707.341617811642,12362.2998046875,-2.9913512091599648
2020-02-19,12125.900390625,0.011123651500938,0.0961315238972209,12096.740844755894,12076.507328928088,11711.506381720234,12362.2998046875,-1.9122608074337637
2020-02-20,12080.849609375,-0.0037152524595064,0.0913734423778387,12095.227393767238,12076.67761443581,11715.181438711825,12362.2998046875,-2.2766815217163727
2020-02-24,11829.400390625,-0.0208138687990014,0.0809423601802066,12069.91053632512,12066.980468404014,11716.317945696032,12362.2998046875,-4.310681851126407
2020-02-25,11797.900390625,-0.0026628568617023,0.0834895123653705,12044.004808163205,12056.428308491111,11717.129711317217,12362.2998046875,-4.565488808550756
2020-02-26,11678.5,-0.0101204779385897,0.0782077643541085,12009.194826433377,12041.607590511068,11716.74533608023,12362.2998046875,-5.531331673643914
2020-02-27,11633.2998046875,-0.0038703767874727,0.0825652231402254,11973.395300552816,12025.595520478772,11715.915032285278,12362.2998046875,-5.896961014677704
2020-02-28,11201.75,-0.0370960786649383,0.0445106105691732,11899.90527192874,11993.287853009017,11710.79896231229,12362.2998046875,-9.387814751486989
2020-03-02,11132.75,-0.0061597518244916,0.0462176587297762,11826.842865078384,11959.541270538077,11705.04723134401,12362.2998046875,-9.945963324892691
2020-03-03,11303.2998046875,0.0153196474085468,0.0659116514505122,11776.981621231633,11933.806311092954,11701.049744511609,12362.2998046875,-8.566367235313699
2020-03-04,11251.0,-0.0046269501465237,0.0480231192272317,11726.888133495288,11907.02959301088,11696.571637601044,12362.2998046875,-8.989426095831465
2020-03-05,11269.0,0.0015998577904186,0.0444075133548367,11683.27973982907,11882.00882465751,11692.31719344581,12362.2998046875,-8.843822120160405
2020-03-06,10989.4501953125,-0.0248069753028219,0.0183289670743349,11617.200735589397,11847.00652546751,11685.323491971849,12362.2998046875,-11.10513117352523
2020-03-09,10451.4501953125,-0.0489560433359516,-0.0393975633911611,11506.176874610645,11792.278826245743,11673.04614573643,12362.2998046875,-15.457072224137857
2020-03-11,10458.400390625,0.0006649981756232,-0.0347844010646986,11406.388638040584,11739.969867986109,11660.960118322388,12362.2998046875,-15.400851331405065
2020-03-12,9590.150390625,-0.0830193880106471,-0.1125695711462396,11233.413566858148,11655.663221815084,11640.355046405,12362.2998046875,-22.42422088009356
2020-03-13,9955.2001953125,0.0380650761268936,-0.0775816358292795,11111.678960044275,11588.978397246356,11623.58733644388,12362.2998046875,-19.471292942291228
2020-03-16,9197.400390625,-0.0761210010667908,-0.1533667427049293,10929.36671533768,11495.191024437676,11599.446172803891,12362.2998046875,-25.60121873813837
2020-03-17,8967.0498046875,-0.0250451840905282,-0.1838825527952745,10742.479390513852,11396.048231506296,11573.25317411617,12362.2998046875,-27.46454991095265
2020-03-18,8468.7998046875,-0.055564540272715,-0.2338007957398443,10525.938477578007,11281.254175552618,11542.363090838271,12362.2998046875,-31.494948848625025
2020-03-19,8263.4501953125,-0.0242477817531284,-0.2527310005822355,10310.463403076532,11162.908921425556,11509.737091877818,12362.2998046875,-33.15604437793047
2020-03-20,8745.4501953125,0.0583291468584656,-0.2075094798787637,10161.414526146624,11068.10661844073,11482.231749623435,12362.2998046875,-29.257093473850016
2020-03-23,7610.25,-0.1298046607047124,-0.3185694787279876,9918.44647603742,10932.50439810972,11443.704568035146,12362.2998046875,-38.43985245274211
2020-03-24,7801.0498046875,0.0250714240251634,-0.309714926745284,9716.789650194572,10809.702257191202,11407.459247006813,12362.2998046875,-36.89645189053318
2020-03-25,8317.849609375,0.0662474689466749,-0.2666135177146765,9583.557265354611,10711.982545512135,11376.716862552765,12362.2998046875,-32.71600154672626
2020-03-26,8641.4501953125,0.0389043564303894,-0.2381856879366584,9493.83278249346,10630.785198445485,11349.500278799129,12362.2998046875,-30.09836088883833
2020-03-27,8660.25,0.0021755381634551,-0.2421139425082816,9414.443946065512,10553.509308310366,11322.741569557347,12362.2998046875,-29.94628720526392
2020-03-30,8281.099609375,-0.0437805364308189,-0.2775296654859004,9306.506390190223,10464.395202469765,11292.47647542618,12362.2998046875,-33.013276330387995
2020-03-31,8597.75,0.0382377227133605,-0.2544700401670633,9239.00578160068,10391.19342982389,11265.66327666572,12362.2998046875,-30.45185656523286
2020-04-01,8253.7998046875,-0.0400046750966822,-0.2835896081857639,9145.176640942282,10307.374071975404,11235.694485899769,12362.2998046875,-33.23410744691818
2020-04-03,8083.7998046875,-0.0205965741867707,-0.294416506291497,9044.09313272754,10220.17508110137,11204.332349768303,12362.2998046875,-34.60925610603369
2020-04-07,8792.2001953125,0.0876321046711503,-0.2256467670420767,9020.103329164203,10164.176065972397,11180.331034798592,12362.2998046875,-28.87892759259325
2020-04-08,8748.75,-0.0049419024075071,-0.2381294494154529,8994.260154958089,10108.669161424456,11156.136198631444,12362.2998046875,-29.23040099154791
2020-04-09,9111.900390625,0.0415088316188025,-0.2038566414195001,9005.463986926366,10069.580190020555,11135.79554382541,12362.2998046875,-26.29283762257588
2020-04-13,8993.849609375,-0.0129556707370791,-0.2226577692847882,9004.357855730997,10027.394677054064,11114.482648955258,12362.2998046875,-27.24776334930221
2020-04-15,8925.2998046875,-0.0076218535626885,-0.2351371345888138,8996.828517536378,9984.17527029459,11092.699735081947,12362.2998046875,-27.802270243411897
2020-04-16,8992.7998046875,0.0075627711647903,-0.2322508234524734,8996.44483059839,9945.297801055098,11071.805208411355,12362.2998046875,-27.25625533464544
2020-04-17,9266.75,0.0304632818768748,-0.2041575372135727,9022.18818006521,9918.688083366664,11053.844460068956,12362.2998046875,-25.040242136125336
2020-04-20,9261.849609375,-0.0005288143766692,-0.2014270038476461,9045.013078094711,9892.92971183758,11036.013665534689,12362.2998046875,-25.07988193375541
2020-04-21,8981.4501953125,-0.0302746671440956,-0.2301141317300206,9038.959470210692,9857.18541707189,11015.570247920536,12362.2998046875,-27.348063570607305
2020-04-22,9187.2998046875,0.0229194177887257,-0.2082985217210995,9053.087121113247,9830.915393056815,10997.378502216729,12362.2998046875,-25.682923486422105
2020-04-23,9313.900390625,0.0137799558770148,-0.2020270619073153,9077.926480114367,9810.640294922236,10980.62747623074,12362.2998046875,-24.658837451156263
2020-04-24,9154.400390625,-0.0171249415723349,-0.2097579875375168,9085.20970968681,9784.9053967145,10962.45606244362,12362.2998046875,-25.949050457797007
2020-04-27,9282.2998046875,0.0139713589754586,-0.1995740470690535,9103.98019492497,9765.195373497756,10945.73808972963,12362.2998046875,-24.91445805926932
2020-04-28,9380.900390625,0.0106224306488902,-0.1943195330193771,9130.353546896402,9750.12498201255,10930.16756536043,12362.2998046875,-24.11686709726957
2020-04-29,9553.349609375,0.0183830135241964,-0.1828003499815135,9170.63888618008,9742.408300732646,10916.467884206348,12362.2998046875,-22.721906438860277
2020-04-30,9859.900390625,0.032088303452139,-0.16350431920618,9236.282838984356,9747.015833669602,10905.95477481748,12362.2998046875,-20.242183522467617
2020-05-04,9293.5,-0.057444839013135,-0.2092522501495031,9241.732092414415,9729.230899015893,10889.910448699891,12362.2998046875,-24.823858450058637
2020-05-05,9205.599609375,-0.0094582655216011,-0.2060339684673693,9238.29090355352,9708.69633863782,10873.151136865816,12362.2998046875,-25.534894357727445
2020-05-06,9270.900390625,0.0070935934671216,-0.1991240257426897,9241.3965689889,9691.527870088295,10857.208343370885,12362.2998046875,-25.0066691708149
2020-05-07,9199.0498046875,-0.0077501195040513,-0.2155098222139385,9237.363543817337,9672.215004778462,10840.709253433735,12362.2998046875,-25.58787644674795
2020-05-08,9251.5,0.0057016970693835,-0.2053204697546045,9238.70987297759,9655.71637714009,10824.896226036386,12362.2998046875,-25.163601059957763
2020-05-11,9239.2001953125,-0.0013294930214019,-0.2139961727248573,9238.75657034282,9639.382409225283,10809.118156078935,12362.2998046875,-25.2630955300954
2020-05-12,9196.5498046875,-0.0046162427183511,-0.2171916855927952,9234.736878375646,9622.016424733603,10793.072699846183,12362.2998046875,-25.60809922114671
2020-05-13,9383.5498046875,0.0203337125303977,-0.1996801804142945,9248.909538024394,9612.664792574937,10779.04759641177,12362.2998046875,-24.09543569611964
2020-05-14,9142.75,-0.0256619093732747,-0.2193856859271276,9238.799105831597,9594.236761493565,10762.76602828827,12362.2998046875,-26.04329174630372
2020-05-15,9136.849609375,-0.0006453627874545,-0.2122217050524864,9229.089629978584,9576.300010430092,10746.587755463264,12362.2998046875,-26.091020653693285
2020-05-18,8823.25,-0.0343225097032598,-0.2326207655100073,9190.438236647293,9546.768637472049,10727.450066354177,12362.2998046875,-28.62776231446493
2020-05-19,8879.099609375,0.0063298228402233,-0.2183512884242426,9160.786938811834,9520.585538330988,10709.058519518563,12362.2998046875,-28.175988694205188
2020-05-20,9066.5498046875,0.021111396826158,-0.1977782334343698,9151.811973657135,9502.780215443008,10692.715149221736,12362.2998046875,-26.65968348988209
2020-05-21,9106.25,0.0043787544510012,-0.1926296283661572,9147.47273807074,9487.230010915831,10676.929426343908,12362.2998046875,-26.338544252525576
2020-05-22,9039.25,-0.0073575840768702,-0.1891740512696618,9137.165810635432,9469.662167350503,10660.634108668844,12362.2998046875,-26.88051460641228
2020-05-26,9029.0498046875,-0.0011284338094974,-0.1954188439873055,9126.8690481642,9452.383251167645,10644.399438977489,12362.2998046875,-26.96302510586346
2020-05-27,9314.9501953125,0.0316645047717616,-0.165102608648158,9144.7815383688,9446.99371956548,10631.171088294255,12362.2998046875,-24.65034546581304
2020-05-28,9490.099609375,0.0188030435364687,-0.1569676081153647,9177.668973702725,9448.684146616832,10619.817143230382,12362.2998046875,-23.23354263114884
2020-05-29,9580.2998046875,0.0095046626511057,-0.1601496012044254,9216.014767129844,9453.845544972546,10609.47368712548,12362.2998046875,-22.503903350937414
2020-06-01,9826.150390625,0.0256620973194605,-0.1692642283833195,9274.122921748432,9468.445734998131,10601.679425468756,12362.2998046875,-20.51519097685085
2020-06-02,9979.099609375,0.0155655279707429,-0.1477483374225341,9341.263558665249,9488.47137713056,10595.484601428025,12362.2998046875,-19.277967958751866
2020-06-03,10061.5498046875,0.0082622880359908,-0.1428151994948255,9409.862248762603,9510.94504095632,10590.171817380857,12362.2998046875,-18.61101927917659
2020-06-04,10029.099609375,-0.0032251686810099,-0.1396537050616249,9468.837235487596,9531.264827953131,10584.589009340996,12362.2998046875,-18.87351247077671
2020-06-05,10142.150390625,0.0112722762414605,-0.1436959562044589,9532.962297881631,9555.221124528502,10580.186635025417,12362.2998046875,-17.959032292847887
2020-06-08,10167.4501953125,0.0024945207587225,-0.1473657564886056,9593.389716684573,9579.2301076965,10576.079804779516,12362.2998046875,-17.754379395836718
2020-06-09,10046.650390625,-0.0118810323499978,-0.1577784436235985,9636.557399916994,9597.560314870168,10570.81185040982,12362.2998046875,-18.731542274880432
2020-06-10,10116.150390625,0.0069177285262014,-0.1471152992738374,9682.232922841566,9617.897180586044,10566.287855785096,12362.2998046875,-18.16934914659497
2020-06-11,9902.0,-0.021169158460066,-0.1710963865251236,9703.16312066618,9629.038467621886,10559.6780263743,12362.2998046875,-19.90163516140104
2020-06-12,9972.900390625,0.0071602091117954,-0.1635437519714025,9728.85238447178,9642.523248916126,10553.83944293401,12362.2998046875,-19.32811411964378
2020-06-15,9813.7001953125,-0.0159632793948444,-0.1881821762022187,9736.933128361372,9649.236070343435,10546.474873305937,12362.2998046875,-20.615901973260907
2020-06-16,9914.0,0.010220386061458,-0.1753212181472717,9753.796639946004,9659.618969545654,10540.181590984485,12362.2998046875,-19.804565844287005
2020-06-17,9881.150390625,-0.0033134566648174,-0.1657076187335092,9765.9255685821,9668.30647625465,10533.624066602795,12362.2998046875,-20.07028994007818
2020-06-18,10091.650390625,0.0213031875518985,-0.1498654194554485,9796.946980205232,9684.90819838682,10529.226318583118,12362.2998046875,-18.3675323357028
2020-06-19,10244.400390625,0.0151362754442923,-0.1407650764671023,9839.5615907214,9706.84906867067,10526.392229747717,12362.2998046875,-17.131920819938706
2020-06-22,10311.2001953125,0.0065206163504338,-0.1382629762044088,9884.47955306341,9730.549112852705,10524.251015474729,12362.2998046875,-16.591569867908152
2020-06-23,10471.0,0.0154976919912916,-0.1205422529244504,9940.338643247846,9759.586402544754,10523.721154624234,12362.2998046875,-15.298931708243824
2020-06-24,10305.2998046875,-0.0158246772335498,-0.1350296520807767,9975.096849099242,9780.98692811898,10521.547807858697,12362.2998046875,-16.63929877529773
2020-06-25,10288.900390625,-0.0015913572989929,-0.1297775950377379,10004.982900673123,9800.905103119216,10519.232908184727,12362.2998046875,-16.771955435640827
2020-06-26,10383.0,0.0091457401473864,-0.1104466912678264,10040.984529180443,9823.732353977286,10517.877356859506,12362.2998046875,-16.010773367080088
2020-06-29,10312.400390625,-0.0067995386087835,-0.1179574570735149,10066.833658841831,9842.895806394845,10515.8328099318,12362.2998046875,-16.581861356292503
2020-06-30,10302.099609375,-0.0009988732845714,-0.118834752124637,10089.23993984499,9860.903798668574,10513.706111418798,12362.2998046875,-16.66518550643238
2020-07-01,10430.0498046875,0.0124198173347171,-0.1184693891700298,10121.698022210943,9883.223249885004,10512.873710356796,12362.2998046875,-15.630182332799723
2020-07-02,10551.7001953125,0.0116634525148986,-0.0999991004106625,10162.650610125378,9909.43803205863,10513.260043540437,12362.2998046875,-14.64613897074768
2020-07-03,10607.349609375,0.0052739760448483,-0.0933618308907133,10205.0028957682,9936.807113522016,10514.196258125856,12362.2998046875,-14.19598475234408
2020-07-06,10763.650390625,0.014735139974255,-0.0875517454477872,10258.207419087894,9969.232340075074,10516.678388797489,12362.2998046875,-12.931650577316766
2020-07-07,10799.650390625,0.0033445902359812,-0.0884486186036455,10309.773416377142,10001.79775382213,10519.494030606718,12362.2998046875,-12.640442625974655
2020-07-08,10705.75,-0.008694762073642,-0.0959164825061911,10347.485471960272,10029.403724260475,10521.347323834512,12362.2998046875,-13.400013192200488
2020-07-09,10813.4501953125,0.0100600327219018,-0.0827391515188064,10391.863064660483,10060.150644693893,10524.253820068125,12362.2998046875,-12.52881449119776
2020-07-10,10768.0498046875,-0.0041985110954393,-0.0924984695944338,10427.690373234484,10087.911396066189,10526.679650760856,12362.2998046875,-12.896063234087697
2020-07-13,10802.7001953125,0.0032178891492418,-0.0929951073892435,10463.405594384772,10115.942329369966,10529.426123840973,12362.2998046875,-12.615772421112414
2020-07-14,10607.349609375,-0.0180834960154004,-0.1098789846749322,10477.114548193364,10135.213203095653,10530.201481905988,12362.2998046875,-14.19598475234408
2020-07-15,10618.2001953125,0.0010229309240368,-0.1112059601722226,10490.551276490423,10154.153869457095,10531.07709099461,12362.2998046875,-14.108213171740724
2020-07-16,10739.9501953125,0.0114661616621005,-0.0906939764447294,10514.30355447348,10177.126274392604,10533.155430341058,12362.2998046875,-13.123364058521236
2020-07-17,10901.7001953125,0.0150605912558696,-0.0568320935288474,10551.198472648624,10205.54093795809,10536.822542430324,12362.2998046875,-11.81495055492162
2020-07-20,11022.2001953125,0.0110533217609316,-0.0461842156190163,10596.055779568993,10237.566791187675,10541.652170817211,12362.2998046875,-10.840212828901509
2020-07-21,11162.25,0.0127061568657644,-0.0292767464008532,10649.97903865766,10273.828877807768,10547.827273595152,12362.2998046875,-9.70733458698736
2020-07-22,11132.599609375,-0.0026563094918139,-0.0388763406456007,10695.942902535502,10307.50616139864,10553.645903801917,12362.2998046875,-9.947179851165124
2020-07-23,11215.4501953125,0.0074421598588463,-0.0291754862313352,10745.419787561885,10343.11180978742,10560.23102113038,12362.2998046875,-9.276992367877543
2020-07-24,11194.150390625,-0.0018991484351116,-0.0340168558973308,10788.156035472655,10376.48587178105,10566.538676548238,12362.2998046875,-9.44928882585071
2020-07-27,11131.7998046875,-0.0055699256988469,-0.0455129921686426,10820.884013493116,10406.106026012676,10572.163165385446,12362.2998046875,-9.953649559068475
2020-07-28,11300.5498046875,0.0151592736988444,-0.0331080381016042,10866.566469797344,10441.182252627375,10579.410793637207,12362.2998046875,-8.588612287152342
2020-07-29,11202.849609375,-0.0086456143286032,-0.0339789743790981,10898.593435471405,10471.051560735126,10585.61416493808,12362.2998046875,-9.378919890560034
2020-07-30,11102.150390625,-0.0089887146807479,-0.0277688648006655,10917.9798121527,10495.8005344563,10590.753828875264,12362.2998046875,-10.193486923724992
2020-07-31,11073.4501953125,-0.0025851023723058,-0.0240388848517482,10932.786515310776,10518.453462333013,10595.556777795038,12362.2998046875,-10.42564595372697
2020-08-03,10891.599609375,-0.0164222155452939,-0.0387828315016941,10928.863952840702,10533.086644569954,10598.502477611755,12362.2998046875,-11.89665530320535
2020-08-04,11095.25,0.0186979321613793,-0.0156192992590157,10944.71024304635,10555.132266351524,10603.445239028557,12362.2998046875,-10.24930494087406
2020-08-05,11101.650390625,0.0005768586219327,-0.0133752211599831,10959.656923768123,10576.564349656366,10608.40250421857,12362.2998046875,-10.197531478604738
2020-08-06,11200.150390625,0.0088725546683743,-0.0074572118358238,10982.56106346878,10601.018704204156,10614.29054288928,12362.2998046875,-9.400754167293693
2020-08-07,11214.0498046875,0.001241002448872,0.0022208566243555,11004.607610251514,10625.059139517229,10620.25829673802,12362.2998046875,-9.28832028134935
2020-08-10,11270.150390625,0.005002705259437,0.0166660646877712,11029.897398858511,10650.356835639102,10626.724884736896,12362.2998046875,-8.834516484128475
2020-08-11,11322.5,0.0046449787767293,0.0183935959704983,11057.76431325294,10676.715391104235,10633.648020212151,12362.2998046875,-8.411054748026991
2020-08-12,11308.400390625,-0.0012452735151247,0.0299089608948086,11081.634415859804,10701.487351869757,10640.361974146608,12362.2998046875,-8.52510803582749
2020-08-13,11300.4501953125,-0.000703034473301,0.0275612394534692,11102.474013902918,10724.976090828295,10646.93001614826,12362.2998046875,-8.589418038319785
2020-08-14,11178.400390625,-0.0108004373788689,0.0290723024511965,11109.70509740026,10742.757435918362,10652.218278580864,12362.2998046875,-9.576692304562885
2020-08-17,11247.099609375,0.0061457110453491,0.0272965642340099,11122.7902890169,10762.535560367642,10658.137495802695,12362.2998046875,-9.020976783702029
2020-08-18,11385.349609375,0.0122920579350753,0.0488093233268849,11147.795938574814,10786.959640720872,10665.373437231276,12362.2998046875,-7.902657359450727
2020-08-19,11408.400390625,0.0020246002135075,0.0340767634257923,11172.61541019864,10811.329866207308,10672.76674025012,12362.2998046875,-7.716197059877183
2020-08-20,11312.2001953125,-0.008432399987605,0.0182318792730349,11185.909199257105,10830.97183989771,10679.12926219104,12362.2998046875,-8.494370998645628
2020-08-21,11371.599609375,0.0052509160938571,0.040797742595461,11203.594000220712,10852.17292889682,10686.019514401823,12362.2998046875,-8.013882618643898
2020-08-24,11466.4501953125,0.0083410064718865,0.0396258898225321,11228.627923562788,10876.26223346214,10693.784993813872,12362.2998046875,-7.246625818242281
2020-08-25,11472.25,0.0005058064691958,0.0384194321780169,11251.830026080615,10899.634302738135,10701.530914273437,12362.2998046875,-7.199710561541417
2020-08-26,11549.599609375,0.0067423225064831,0.0448438289864101,11280.189034013416,10925.123138292523,10709.969408752058,12362.2998046875,-6.574021081452363
2020-08-27,11559.25,0.0008355606212675,0.0492193882182081,11306.766268869282,10949.990858359484,10718.419961898804,12362.2998046875,-6.495958012464653
2020-08-28,11647.599609375,0.0076431956549949,0.0667569766569304,11339.226587012685,10977.34806428166,10727.665530530408,12362.2998046875,-5.781288325021061
2020-08-31,11387.5,-0.0223307478019462,0.0601554193954401,11343.824054916236,10993.432453917674,10734.23104763956,12362.2998046875,-7.885262613659294
2020-09-01,11470.25,0.0072667398463226,0.0591817988838563,11355.86462111469,11012.13118121502,10741.554619304838,12362.2998046875,-7.2158887810604195
2020-09-02,11535.0,0.0056450382511279,0.0431503780102475,11372.92513338948,11032.635840775216,10749.449598217228,12362.2998046875,-6.692118924132606
2020-09-03,11527.4501953125,-0.0006545127600779,0.0380087616135171,11387.641805953575,11052.040325266877,10757.190897690814,12362.2998046875,-6.7531901229126
2020-09-04,11333.849609375,-0.0167947449485598,0.0260499189918386,11382.51873961276,11063.091669741703,10762.928795319513,12362.2998046875,-8.319246512065137
2020-09-07,11355.0498046875,0.0018705202595032,0.037151887257038,11379.90265057226,11074.541008367029,10768.820546656509,12362.2998046875,-8.147755805259427
2020-09-08,11317.349609375,-0.0033201259317187,0.0266799364411585,11373.945218077282,11084.06291428891,10774.278547280574,12362.2998046875,-8.452716823096939
2020-09-09,11278.0,-0.0034769279675166,0.0444623113759998,11364.8075782604,11091.66829019915,10779.290701038975,12362.2998046875,-8.77102013232488
2020-09-10,11449.25,0.0151844298634509,0.0557509543966179,11372.84971366417,11105.691102348204,10785.95696272018,12362.2998046875,-7.385760086009984
2020-09-11,11464.4501953125,0.0013276149365679,0.056835865235298,11381.57356905925,11119.76008638602,10792.708139163886,12362.2998046875,-7.262804037761295
2020-09-14,11440.0498046875,-0.0021283524468515,0.0451160768635021,11387.14273435718,11132.320467495882,10799.14934976611,12362.2998046875,-7.460181475701666
2020-09-15,11521.7998046875,0.0071459479106903,0.0471460194408102,11399.96721724578,11147.594166993593,10806.339901556374,12362.2998046875,-6.798896752862293
2020-09-16,11604.5498046875,0.0071820376506051,0.0515463087350474,11419.451273192612,11165.513995922764,10814.282288652206,12362.2998046875,-6.129522920263419
2020-09-17,11516.099609375,-0.0076220272911209,0.0485577279174191,11428.655876638551,11179.262451352266,10821.26554557482,12362.2998046875,-6.845006258395713
2020-09-18,11504.9501953125,-0.0009681588767627,0.0387372393715874,11435.922002226547,11192.034519742863,10828.06837791052,12362.2998046875,-6.935195092501423
2020-09-21,11250.5498046875,-0.0221122548386738,0.0224519293577043,11418.26750722283,11194.329236799516,10832.272173201834,12362.2998046875,-8.993067775127484
2020-09-22,11153.650390625,-0.0086128603263573,0.0310651894491236,11393.065877070656,11192.733987929929,10835.469966410026,12362.2998046875,-9.776897771110582
2020-09-23,11131.849609375,-0.0019545871070447,0.0268617848797918,11368.188137290115,11190.3463652415,10838.419017583808,12362.2998046875,-9.953246683484752
2020-09-24,10805.5498046875,-0.0293122720965164,0.0094116659665024,11314.603534185106,11175.256304043303,10838.09196073907,12362.2998046875,-12.59272161810634
2020-09-25,11050.25,0.0226457884823545,-0.0198639541105197,11289.427007119855,11170.354096041605,10840.202986005348,12362.2998046875,-10.613314880051696
2020-09-28,11227.5498046875,0.0160448681873712,-0.0321244792633478,11283.533940221538,11172.59706500811,10844.057183206169,12362.2998046875,-9.17911729959606
2020-09-29,11222.400390625,-0.0004586409458945,-0.0315665762173722,11277.71169740282,11174.55013660093,10847.82179223521,12362.2998046875,-9.220771475144751
2020-09-30,11247.5498046875,0.0022410013176423,-0.0168397744214245,11274.839136191837,11177.412868682755,10851.79918539394,12362.2998046875,-9.017335104406
2020-10-01,11416.9501953125,0.0150610927327836,-0.0133305100072926,11288.373522774757,11186.806489334904,10857.42257852746,12362.2998046875,-7.647036751337688
2020-10-05,11503.349609375,0.0075676439490797,-0.0007861767262169,11308.847435784304,11199.21994502275,10863.84971316276,12362.2998046875,-6.948142407829372
2020-10-06,11662.400390625,0.0138264754746197,0.0163798868018338,11342.519145769133,11217.383884065976,10871.795491047957,12362.2998046875,-5.661563180963414
2020-10-07,11738.849609375,0.0065551872847253,0.0333584983775681,11380.264904207786,11237.833520352606,10880.422895210417,12362.2998046875,-5.043157059466408
2020-10-08,11834.599609375,0.0081566766068399,0.0460137537011666,11423.534876128471,11261.236112078974,10889.917190873744,12362.2998046875,-4.268624799993992
2020-10-09,11914.2001953125,0.0067260903253916,0.0661715201962012,11470.264906526952,11286.842546715585,10900.109061564675,12362.2998046875,-3.624726923424804
2020-10-12,11930.9501953125,0.0014058853909966,0.072309981345396,11514.1396959351,11312.101670189972,10910.366187273612,12362.2998046875,-3.4892343349531285
2020-10-13,11934.5,0.0002975290843887,0.0549088423392718,11554.174010607949,11336.50944782958,10920.556573469896,12362.2998046875,-3.4605195752111406
2020-10-14,11971.0498046875,0.0030625333853533,0.0655566990047704,11593.876467186954,11361.393383392637,10931.009242437236,12362.2998046875,-3.164864193405559
2020-10-15,11680.349609375,-0.0242836008583533,0.0331975366027921,11602.112004538196,11373.901470686063,10938.465365491344,12362.2998046875,-5.516369980397339
2020-10-16,11762.4501953125,0.007028949362235,0.0371478897798376,11617.382308421464,11389.138675573377,10946.664219519414,12362.2998046875,-4.852249329429393
2020-10-19,11873.0498046875,0.0094027696218492,0.0389165499331387,11641.731593780134,11408.115582597458,10955.881986536013,12362.2998046875,-3.95759694983685
2020-10-20,11896.7998046875,0.0020003285078973,0.0377529487689725,11666.02380434274,11427.279669738246,10965.24435288578,12362.2998046875,-3.7654805930486535
2020-10-21,11937.650390625,0.0034337457642519,0.0303202296749054,11691.893003036288,11447.294207812236,10974.920034853336,12362.2998046875,-3.4350357196602066
2020-10-22,11896.4501953125,-0.0034512817819539,0.0201169277426545,11711.374640395929,11464.908168106364,10984.089489186264,12362.2998046875,-3.76830862165598
2020-10-23,11930.349609375,0.0028495402835257,0.0295123992223467,11732.229399346315,11483.16077364631,10993.50501277023,12362.2998046875,-3.494092540521576
2020-10-26,11767.75,-0.0136290733045432,0.0141028081569367,11735.612313694286,11494.321135464104,11001.208942991423,12362.2998046875,-4.8093786276082735
2020-10-27,11889.400390625,0.0103376083469652,0.0264880762175077,11750.258797211496,11509.81443958806,11010.046668838524,12362.2998046875,-3.825335265556229
2020-10-28,11729.599609375,-0.0134406089457635,0.0125777340823749,11748.291255512782,11518.433465854214,11017.206399590132,12362.2998046875,-5.117981324741816
2020-10-29,11670.7998046875,-0.0050129421843609,0.0075017404442487,11740.911117338946,11524.408616396697,11023.709816556277,12362.2998046875,-5.593619398696337
2020-10-30,11642.400390625,-0.0024333734223676,-0.0122551168070481,11731.52914336619,11529.035744797808,11029.865941671387,12362.2998046875,-5.823345376153477
2020-11-02,11669.150390625,0.0022976361491175,-0.0147710019773492,11725.58830977179,11534.53043679103,11036.22698096446,12362.2998046875,-5.606961690086775
2020-11-03,11813.5,0.0123701901631991,-0.0053841686776963,11733.960851698286,11545.470419661971,11043.96104085536,12362.2998046875,-4.439301856111011
2020-11-04,11908.5,0.008041647267956,0.0015054237139469,11750.58362772702,11559.706873792877,11052.563418558291,12362.2998046875,-3.670836428958224
2020-11-05,12120.2998046875,0.0177855989156905,0.014989992959538,11785.794692199448,11581.690910298546,11063.187661206344,12362.2998046875,-1.9575645617997293
2020-11-06,12263.5498046875,0.0118190145712895,0.0290630016865229,11831.295179103072,11608.430474784387,11075.13156313153,12362.2998046875,-0.7987995887509203
2020-11-09,12461.0498046875,0.0161046355374614,0.0413670349095565,11891.271810111111,11641.866526937452,11088.921794390792,12461.0498046875,0.0
2020-11-10,12631.099609375,0.0136465071043638,0.0515357340964341,11961.731600517198,11680.65998115069,11104.266847276209,12631.099609375,0.0
2020-11-11,12749.150390625,0.0093460415087203,0.0706238981212481,12036.723866241751,11722.561565835957,11120.63384770754,12749.150390625,0.0
2020-11-12,12690.7998046875,-0.0045768215253314,0.0652497468517439,12099.016812760394,11760.531692849743,11136.257389568038,12749.150390625,-0.4576821525331453
2020-11-13,12719.9501953125,0.0022969703307613,0.074279270255128,12158.153325384405,11798.155947848283,11152.01552693863,12749.150390625,-0.2290364017822899
2020-11-14,12719.9501953125,0.0,0.0714153868173395,12211.65778918708,11834.304741866488,11167.61686692245,12749.150390625,-0.2290364017822899
2020-11-17,12874.2001953125,0.0121266198083733,0.0822793575635905,12274.75706596093,11875.084955727116,11184.597795563148,12874.2001953125,0.0
2020-11-18,12938.25,0.0049750511655721,0.0886659093777608,12337.946869202746,11916.777702561349,11202.047071229186,12938.25,0.0
2020-11-19,12771.7001953125,-0.0128726686134137,0.0696477092439458,12379.256709784628,11950.3040748261,11217.665510274792,12938.25,-1.287266861341374
2020-11-20,12859.0498046875,0.0068393094137191,0.0716678937010084,12424.951290251567,11985.941162271643,11233.997692308749,12938.25,-0.61213993633219
2020-11-23,12926.4501953125,0.005241475198302,0.0800482749088133,12472.71309073356,12022.823869449718,11250.838015721722,12938.25,-0.0912009327961649
2020-11-24,13055.150390625,0.0099563448098976,0.0957454813166773,12528.18330977084,12063.307262436983,11268.791372685931,13055.150390625,0.0
2020-11-25,12858.400390625,-0.0150706804680923,0.0649881263588363,12559.632555566475,12094.487385111024,11284.608377839557,13055.150390625,-1.5070680468092346
2020-11-26,12987.0,0.0100012136399767,0.0788605621742564,12600.334216941095,12129.487879812554,11301.547597960556,13055.150390625,-0.5220191923176909
2020-11-27,12968.9501953125,-0.0013898363507738,0.0717520462440957,12635.440500595516,12162.407970616474,11318.138668580974,13055.150390625,-0.6602773061457845
2020-12-01,13109.0498046875,0.0108026946873185,0.0788319939486181,12680.546148604277,12199.531179795733,11335.958679885516,13109.0498046875,0.0
2020-12-02,13113.75,0.0003585458429504,0.0877319032724348,12721.803658261011,12235.382898235115,11353.648145757305,13113.75,0.0
2020-12-03,13133.900390625,0.00153658492994,0.0901130606822839,12761.050966105202,12270.618878328836,11371.362098442554,13133.900390625,0.0
2020-12-04,13258.5498046875,0.0094906623588735,0.1054134155497192,12808.431807874944,12309.361267597804,11390.14008556937,13258.5498046875,0.0
2020-12-07,13355.75,0.0073311332494399,0.1089867961506092,12860.557349982091,12350.39611984887,11409.698393175646,13355.75,0.0
2020-12-08,13392.9501953125,0.0027853318093331,0.1143704453181408,12911.261430489749,12391.280593396465,11429.432241953127,13392.9501953125,0.0
2020-12-09,13529.099609375,0.0101657522858669,0.134848769817137,12970.103161812154,12435.900946964251,11450.32445456429,13529.099609375,0.0
2020-12-10,13478.2998046875,-0.0037548548058806,0.129072234947644,13018.502842085996,12476.779333541634,11470.503313769495,13529.099609375,-0.3754854805880669
2020-12-11,13513.849609375,0.0026375585350264,0.1397552317643413,13065.678724684947,12517.448756123336,11490.83511770587,13529.099609375,-0.1127199920195165
2020-12-14,13558.150390625,0.0032781762806703,0.1383693694831269,13112.58078810781,12558.260584927322,11511.405418928947,13558.150390625,0.0
2020-12-15,13567.849609375,0.0007153791977927,0.1333174485646322,13155.93972346659,12597.852311376251,11531.867550177169,13567.849609375,0.0
2020-12-16,13682.7001953125,0.008464907059269,0.1320459657482831,13206.107387451915,12640.39536564826,11553.26887002926,13682.7001953125,0.0
2020-12-17,13740.7001953125,0.0042389293905504,0.1399333805656455,13257.020988200542,12683.5445746547,11575.034355852977,13740.7001953125,0.0
2020-12-18,13760.5498046875,0.0014445849987885,0.1311590468300452,13304.976113580253,12725.780073871674,11596.78077822944,13760.5498046875,0.0
2020-12-21,13328.400390625,-0.0314049525779333,0.0905565095241938,13307.206997108324,12749.41224315612,11614.01082412392,13760.5498046875,-3.14049525779333
2020-12-22,13466.2998046875,0.0103462838766079,0.098419993160709,13322.358693068243,12777.525480863233,11632.441560248932,13760.5498046875,-2.138359325582795
2020-12-23,13601.099609375,0.0100101591857162,0.1083215034342186,13348.905447002222,12809.822505510754,11652.030197553671,13760.5498046875,-1.1587487242565198
2020-12-24,13749.25,0.0108925303747413,0.121220770218752,13387.033499668678,12846.662799412294,11672.89805628448,13760.5498046875,-0.0821173924580476
2020-12-28,13873.2001953125,0.0090150513891666,0.1357930023739777,13433.335089729995,12886.919167878968,11694.791609906652,13873.2001953125,0.0
2020-12-29,13932.599609375,0.0042815942411449,0.1489335246855931,13480.884091600949,12927.926244016067,11717.05835617002,13932.599609375,0.0
2020-12-30,13981.9501953125,0.0035420946069744,0.141775173391323,13528.604672906811,12969.260516615928,11739.594593375416,13981.9501953125,0.0
2020-12-31,13981.75,-1.4318125132972703e-05,0.1408225823287507,13571.76137072521,13008.96598655256,11761.904597421431,13981.9501953125,-0.0014318125132972
2021-01-01,14018.5,0.0026284263414808,0.1520366007990212,13614.307906846618,13048.55555570736,11784.35828301923,14018.5,0.0
2021-01-04,14132.900390625,0.0081606727271106,0.1600985340139544,13663.697667206465,13091.078882566875,11807.726861204364,14132.900390625,0.0
2021-01-05,14199.5,0.0047123808655142,0.1561039369329966,13714.726460805849,13134.546377368177,11831.52559890382,14199.5,0.0
2021-01-06,14146.25,-0.0037501320469031,0.1570012675627732,13755.823940729098,13174.22102923609,11854.55768249682,14199.5,-0.3750132046903109
2021-01-07,14137.349609375,-0.000629169612088,0.1787952055239023,13792.159718695377,13211.990777476833,11877.272030027943,14199.5,-0.437694218986584
2021-01-08,14347.25,0.014847223590326,0.1903517203265117,13845.025459772009,13256.510746987546,11901.848925251548,14347.25,0.0
2021-01-11,14484.75,0.0095837181341371,0.2045179949452482,13905.951606460389,13304.67699220372,11927.549433458002,14484.75,0.0
2021-01-12,14563.4501953125,0.0054333140242324,0.1921716557617896,13968.570519684396,13354.040647227594,11953.77730173516,14563.4501953125,0.0
2021-01-13,14564.849609375,9.609083312889231e-05,0.1883077019667733,14025.359004416836,13401.523351625532,11979.758120716651,14564.849609375,0.0
2021-01-14,14595.599609375,0.002111247340323,0.1837901497284177,14079.66763346047,13448.349871537275,12005.786394235642,14595.599609375,0.0
2021-01-15,14433.7001953125,-0.0110923441582015,0.1675578511564306,14113.385020303522,13486.991060704931,12029.944740515011,14595.599609375,-1.1092344158201597
2021-01-18,14281.2998046875,-0.0105586501425666,0.1570082579752314,14129.376904530567,13518.140423214054,12052.346283442104,14595.599609375,-2.153387411954077
2021-01-19,14521.150390625,0.0167947308170628,0.1752782477945045,14166.688665110987,13557.474147426248,12076.911498438947,14595.599609375,-0.5100798921764071
2021-01-20,14644.7001953125,0.008508265623863,0.1855801251122042,14212.213572749228,13600.11046302963,12102.461634726247,14644.7001953125,0.0
2021-01-21,14590.349609375,-0.0037112802046228,0.1935285832595925,14248.226528618348,13638.943370729448,12127.216738951607,14644.7001953125,-0.3711280204622857
2021-01-22,14371.900390625,-0.0149721716475961,0.1809431383238835,14260.0049916666,13667.686783274372,12149.551899664775,14644.7001953125,-1.862788592796305
2021-01-25,14238.900390625,-0.0092541693433081,0.1760979219463074,14257.99502966264,13690.087316895966,12170.341436888262,14644.7001953125,-2.7709669660386016
2021-01-27,13967.5,-0.0190604880418779,0.1467240635892308,14230.328836361436,13700.966245645144,12188.223611645592,14644.7001953125,-4.624199787505789
2021-01-28,13817.5498046875,-0.0107356502819043,0.1281244099922438,14191.016547630585,13705.538149921316,12204.435812571384,14644.7001953125,-5.648121023943908
2021-01-29,13634.599609375,-0.0132404223540728,0.1250597911853288,14138.02445827291,13702.75624637048,12218.66629811172,14644.7001953125,-6.897379751487264
2021-02-01,14281.2001953125,0.0474235111013383,0.1845916842248596,14151.66024275287,13725.44032279958,12239.189023457,14644.7001953125,-2.4821266065682246
2021-02-02,14647.849609375,0.0256735714819573,0.2076218813120902,14198.91637290736,13761.613235998617,12263.155795456183,14647.849609375,0.0
2021-02-03,14789.9501953125,0.0097011226717231,0.2288298605259586,14255.205308374516,13801.940175579552,12288.298028290576,14789.9501953125,0.0
2021-02-04,14895.650390625,0.0071467580293813,0.245237113637718,14316.200078112655,13844.830772248,12314.24183289092,14895.650390625,0.0
2021-02-05,14924.25,0.0019199973566108,0.2747161747250997,14374.10959448288,13887.160938042196,12340.21206340942,14924.25,0.0
2021-02-08,15115.7998046875,0.0128348027329681,0.2617897277300161,14444.746757359511,13935.342854381228,12367.829851879847,15115.7998046875,0.0
2021-02-09,15109.2998046875,-0.0004300136336804,0.2498231320213033,14508.037523771702,13981.38038184422,12395.108159867985,15115.7998046875,-0.0430013633680448
2021-02-10,15106.5,-0.0001853034041081,0.2445676376093477,14565.033950079158,14025.502719811111,12422.087183152878,15115.7998046875,-0.0615237354798514
2021-02-11,15173.2998046875,0.0044219246475027,0.2541627820814274,14622.964031470428,14070.514370198423,12449.462433118397,15173.2998046875,0.0
2021-02-12,15163.2998046875,-0.0006590524229219,0.2603000294799069,14674.424581300626,14113.3687009627,12476.465790049431,15173.2998046875,-0.0659052422921968
2021-02-15,15314.7001953125,0.0099846598415338,0.2648518488945024,14735.403211206518,14160.47973995681,12504.70692841026,15314.7001953125,0.0
2021-02-16,15313.4501953125,-8.162092525865194e-05,0.2550773653558831,14790.455304930898,14205.69426761782,12532.654622608292,15314.7001953125,-0.0081620925258651
2021-02-17,15208.900390625,-0.0068273186874309,0.2492268691622143,14830.307217854146,14245.035684206336,12559.283933732837,15314.7001953125,-0.6908382360621301
2021-02-18,15118.9501953125,-0.0059143128695843,0.2481126311282502,14857.797025231132,14279.306841504616,12584.753249768455,15314.7001953125,-1.2781836895502163
2021-02-19,14981.75,-0.0090747170630297,0.243732275391959,14869.602070447214,14306.853632033848,12608.603963701107,15314.7001953125,-2.1740562405159536
2021-02-22,14675.7001953125,-0.0204281745915864,0.2237398536845944,14851.135225196287,14321.318203142817,12629.172085408683,15314.7001953125,-4.172461699221408
2021-02-23,14707.7998046875,0.0021872625461001,0.2129243463074022,14837.48423276688,14336.474344379862,12649.85494828708,15314.7001953125,-3.96286171381115
2021-02-24,14982.0,0.0186431824578623,0.2401445663534827,14851.247639170037,14361.789075972809,12673.06037168721,15314.7001953125,-2.1724238220107828
2021-02-25,15097.349609375,0.0076992130139501,0.2762565397093082,14874.685922046698,14390.63458708662,12697.182652659229,15314.7001953125,-1.4192284743780093
2021-02-26,14529.150390625,-0.0376356932475859,0.2315030564396307,14841.777776197012,14396.066579382245,12715.411187365356,15314.7001953125,-5.129384151626681
2021-03-01,14761.5498046875,0.0159953891187234,0.2639936468456993,14834.13701700563,14410.399254884413,12735.77077559742,15314.7001953125,-3.611891735199013
2021-03-02,14919.099609375,0.0106729853417877,0.2824477886629832,14842.22869246938,14430.348288393849,12757.495440610131,15314.7001953125,-2.583142868566146
2021-03-03,15245.599609375,0.0218846987116321,0.3610015943379383,14880.644970269916,14462.318928432323,12782.252696020729,15314.7001953125,-0.4512043008106037
2021-03-04,15080.75,-0.0108129305241382,0.354629359322719,14899.702592148971,14486.571127317333,12805.12331596082,15314.7001953125,-1.5276185124675656
2021-03-05,14938.099609375,-0.0094591045289524,0.3215697953247372,14903.359450932405,14504.278126613712,12826.34696067141,15314.7001953125,-2.45907906217302
2021-03-08,14956.2001953125,0.0012117060677612,0.3293218554184072,14908.391902778128,14522.000560680332,12847.539530170328,15314.7001953125,-2.3408881364176404
2021-03-09,15098.400390625,0.0095077756017913,0.3398172322854733,14926.487949239734,14544.604475580123,12869.936155647489,15314.7001953125,-1.4123672153484534
2021-03-10,15174.7998046875,0.0050600998838219,0.3808515926629561,14950.136697377617,14569.31801789806,12892.870122304605,15314.7001953125,-0.9135039461485528
2021-03-12,15030.9501953125,-0.0094795062357636,0.4381688583325898,14957.833220990462,14587.421240541764,12914.144550891748,15314.7001953125,-1.8527950033710103
2021-03-15,14929.5,-0.006749419963093,0.4275127593492147,14955.13481899137,14600.836093853852,12934.197838942577,15314.7001953125,-2.515231708097043
2021-03-16,14910.4501953125,-0.0012759841044576,0.5547670878955602,14950.879140545763,14612.97782332282,12953.86204149352,15314.7001953125,-2.6396207228642443
2021-03-17,14721.2998046875,-0.0126857598628687,0.4787547729697252,14929.014441892596,14617.22574416065,12971.448486898436,15314.7001953125,-3.874711114531826
2021-03-18,14557.849609375,-0.0111029730717429,0.5828222096554543,14893.665410224254,14614.897268286704,12987.233572694224,15314.7001953125,-4.941987608540687
2021-03-19,14744.0,0.0127869428260285,0.6442420105989168,14879.411561631468,14619.960120510756,13004.71383565249,15314.7001953125,-3.7264862389351774
2021-03-22,14736.400390625,-0.0005154374236977,0.7400813256287353,14865.791450107045,14624.526405613276,13021.944547642266,15314.7001953125,-3.776109210838519
2021-03-23,14814.75,0.0053167399974314,0.7928044158121472,14860.930359620656,14631.986154412754,13039.783407864732,15314.7001953125,-3.264511801971315
2021-03-24,14549.400390625,-0.0179111769942118,0.6636536788493035,14831.260838763928,14628.747497009314,13054.80447236981,15314.7001953125,-4.99715825270769
2021-03-25,14324.900390625,-0.0154301891468089,0.8823166637922539,14783.03603417927,14616.83192420993,13067.442242700708,15314.7001953125,-6.463070070352773
2021-03-26,14507.2998046875,0.0127330319296232,0.8596599390982409,14756.775440894338,14612.536546973755,13081.769183616,15314.7001953125,-5.272061354959645
2021-03-30,14845.099609375,0.0232848158675504,0.7847280615224366,14765.187266463923,14621.656667067924,13099.314759991712,15314.7001953125,-3.0663387460972635
2021-03-31,14690.7001953125,-0.0104006990943323,0.7000271786882921,14758.0932596876,14624.364256410849,13115.149440940178,15314.7001953125,-4.074516588911048
2021-04-01,14867.349609375,0.0120245741669184,0.7167344602494155,14768.498626324494,14633.893093781991,13132.584268486797,15314.7001953125,-2.921053499136894
2021-04-05,14637.7998046875,-0.015439860548026,0.7676154732055276,14756.051119501924,14634.046298131228,13147.561537503718,15314.7001953125,-4.4199388952595005
2021-04-06,14683.5,0.0031220672452334,0.7078305370591143,14749.141489073168,14635.985658988826,13162.8445072798,15314.7001953125,-4.121531517186972
2021-04-07,14819.0498046875,0.0092314369658119,0.7954215216452745,14755.79942389358,14643.164645094655,13179.324161980376,15314.7001953125,-3.236435479009303
2021-04-08,14873.7998046875,0.0036945688638336,0.8399515282482288,14767.037555397765,14652.20916115712,13196.184616136668,15314.7001953125,-2.878935826376483
2021-04-09,14834.849609375,-0.0026187118170183,0.6872738654522557,14773.495846252736,14659.37153167547,13212.489740447496,15314.7001953125,-3.133267904809345
2021-04-12,14310.7998046875,-0.0353255893040076,0.635753656772396,14729.429556579858,14645.702052185748,13223.418198798145,15314.7001953125,-6.555142300025385
2021-04-13,14504.7998046875,0.0135561955060299,0.5918523231016788,14708.036246875825,14640.176473852482,13236.168264528384,15314.7001953125,-5.288385540011376
2021-04-15,14581.4501953125,0.0052844845607746,0.6212690703781729,14695.980432441222,14637.873482537188,13249.554154386937,15314.7001953125,-4.787883475671517
2021-04-16,14617.849609375,0.0024962821650071,0.6377992817336866,14688.53940167301,14637.08823260926,13263.169034536071,15314.7001953125,-4.550207167299236
2021-04-19,14359.4501953125,-0.0176769785548196,0.5967719183326679,14657.19757249582,14626.20046644076,13274.077304792554,15314.7001953125,-6.237471108264869
2021-04-20,14296.400390625,-0.004390823034999,0.5427631468017373,14622.83593612717,14613.26713013426,13284.249673805813,15314.7001953125,-6.649165779942456
2021-04-22,14406.150390625,0.0076767575754221,0.5554290987453361,14602.199217507916,14605.144905055466,13295.412865017945,15314.7001953125,-5.9325340561716455
2021-04-23,14341.349609375,-0.0044981330537942,0.5967743847045859,14577.356397685731,14594.799991499369,13305.820195807568,15314.7001953125,-6.355662034020238
2021-04-26,14485.0,0.0100165182871698,0.5766329942350996,14568.560550287091,14590.494109479789,13317.553328187592,15314.7001953125,-5.417671810294101
2021-04-27,14653.0498046875,0.011601643402658,0.5732452775033621,14576.607145944274,14592.947273997735,13330.841850341822,15314.7001953125,-4.32036136644397
2021-04-28,14864.5498046875,0.014433855260107,0.6237600684267919,14604.030256300772,14603.598353632631,13346.102626006954,15314.7001953125,-2.93933531106787
2021-04-29,14894.900390625,0.0020418099664161,0.6046562494246495,14631.73217385546,14615.02196292645,13361.51354903798,15314.7001953125,-2.741155878559032
2021-04-30,14631.099609375,-0.0177108120451774,0.5596690083178899,14631.671929619226,14615.65245886561,13374.146246155762,15314.7001953125,-4.463688986525083
2021-05-03,14634.150390625,0.0002085134632017,0.5318344862271189,14631.907973524538,14616.377867954214,13386.683600827098,15314.7001953125,-4.443768379454149
2021-05-04,14496.5,-0.0094061074234402,0.4702481187115821,14619.011976046011,14611.676775093263,13397.7265500726,15314.7001953125,-5.342580559056154
2021-05-05,14617.849609375,0.0083709591539336,0.5729111324447194,14618.901274458296,14611.918847025883,13409.86707802586,15314.7001953125,-4.550207167299236
2021-05-06,14724.7998046875,0.0073164109749706,0.5995481478133957,14628.98684876584,14616.345551247909,13422.950985753838,15314.7001953125,-3.851857255459401
2021-05-07,14823.150390625,0.0066792477481554,0.5988900501632608,14647.478614657188,14624.45554494897,13436.883318140615,15314.7001953125,-3.2096599895435896
2021-05-10,14942.349609375,0.0080414227481215,0.6243362006542159,14675.561566535074,14636.921978848031,13451.8630822325,15314.7001953125,-2.4313279475850824
2021-05-11,14850.75,-0.0061302011912188,0.6052261795384533,14692.24617924602,14645.307391442226,13465.782355046107,15314.7001953125,-3.0294435372264394
2021-05-12,14696.5,-0.0103866808073666,0.590667989579472,14692.651305032114,14647.314944719,13478.028301762068,15314.7001953125,-4.036645754918
2021-05-14,14677.7998046875,-0.0012724250884564,0.5960115604665346,14691.236876427864,14648.510429423648,13489.9663266668,15314.7001953125,-4.15875193443187
2021-05-17,14923.150390625,0.0167157604819725,0.5903523401314739,14713.323877779974,14659.280623980563,13504.226864616632,15314.7001953125,-2.5566925874745183
2021-05-18,15108.099609375,0.012393443335275,0.6524677596319488,14750.92156650331,14676.881368505838,13520.185797400298,15314.7001953125,-1.3490344786555863
2021-05-19,15030.150390625,-0.0051594324081388,0.6450035880204366,14777.514787848231,14690.735055647769,13535.210320715967,15314.7001953125,-1.858017467260609
2021-05-20,14906.0498046875,-0.0082567760609306,0.6894058090485364,14789.756218023402,14699.178771296383,13548.850514586333,15314.7001953125,-2.668353839209203
2021-05-21,15175.2998046875,0.0180631356749747,0.7091034533123894,14826.474654848556,14717.850184370544,13565.034089612214,15314.7001953125,-0.9102391091382112
2021-05-24,15197.7001953125,0.0014761086049899,0.6762385386616563,14861.829468226071,14736.667831858464,13581.27952349978,15314.7001953125,-0.7639718604208201
2021-05-25,15208.4501953125,0.0007073438653115,0.670111208819492,14894.840966043828,14755.169101013526,13597.47027645314,15314.7001953125,-0.6937778646983972
2021-05-26,15301.4501953125,0.0061150215048646,0.6927787366554194,14933.565654545606,14776.59188902525,13614.425300521394,15314.7001953125,-0.0865181807741533
2021-05-27,15337.849609375,0.0023788211965458,0.6987224504412677,14972.06888833888,14798.601995705634,13631.573801107004,15337.849609375,0.0
2021-05-28,15435.650390625,0.006376433707514,0.6570835127376826,15016.219507604226,14823.584285702473,13649.524811947978,15435.650390625,0.0
2021-05-31,15582.7998046875,0.0095330880357249,0.6420059268180593,15070.17953589787,14853.35744330973,13668.761379039914,15582.7998046875,0.0
2021-06-01,15574.849609375,-0.0005101904286871,0.6257163060548956,15118.243352419502,14881.65125374366,13687.727431083047,15582.7998046875,-0.0510190428687162
2021-06-02,15576.2001953125,8.67158252806366e-05,0.5851782820435505,15161.858289837885,14908.88846713852,13706.518204856477,15582.7998046875,-0.0423518844990589
2021-06-03,15690.349609375,0.0073284506253876,0.5723211736091389,15212.190796460463,14939.534002128185,13726.257820821837,15690.349609375,0.0
2021-06-04,15670.25,-0.0012810173052479,0.5574389934142656,15255.815482511847,14968.189531456492,13745.601026584804,15690.349609375,-0.1281017305247989
2021-06-07,15751.650390625,0.0051945814919991,0.5705946699243745,15303.037854713102,14998.913486718002,13765.561716774258,15751.650390625,0.0
2021-06-08,15740.099609375,-0.0007333060957773,0.5519489460464442,15344.66278372852,15027.97960917514,13785.208859984215,15751.650390625,-0.0733306095777375
2021-06-09,15635.349609375,-0.0066549769442125,0.5377847256712764,15372.3472433139,15051.798040555526,13803.618220674673,15751.650390625,-0.7383402904829528
2021-06-10,15737.75,0.006549286916079,0.5664673685356496,15407.147505855432,15078.698117396489,13822.863313006268,15751.650390625,-0.0882472012791346
2021-06-11,15799.349609375,0.0039141306333496,0.5617946550119326,15444.500087143011,15106.958960219174,13842.529843318396,15799.349609375,0.0
2021-06-14,15811.849609375,0.0007911718082738,0.5968339334856594,15479.48575592701,15134.601730774304,13862.1250648712,15811.849609375,0.0
2021-06-15,15869.25,0.0036302135450976,0.5912371906289016,15516.606160124436,15163.411466822372,13882.09645726054,15869.25,0.0
2021-06-16,15767.5498046875,-0.0064086327528081,0.6066875379195757,15540.505554844727,15187.103166346496,13900.857187085683,15869.25,-0.6408632752808119
2021-06-17,15691.400390625,-0.0048295020472909,0.5827517037144443,15554.876491585706,15206.879528082907,13918.67353736966,15869.25,-1.1207184295099035
2021-06-18,15683.349609375,-0.0005130696464038,0.5871987561544441,15567.112026613258,15225.564629310047,13936.23250326026,15869.25,-1.171450387541939
2021-06-21,15746.5,0.0040265882096546,0.5603493373718411,15584.196595507234,15245.993467376322,13954.24511516812,15869.25,-0.7735085148951604
2021-06-22,15772.75,0.0016670371193598,0.5396459918175573,15602.154062601783,15266.65058630274,13972.339691136596,15869.25,-0.6080942703656445
2021-06-23,15686.9501953125,-0.0054397492312691,0.5213505603783961,15610.229884764707,15283.132923910967,13989.400492173174,15869.25,-1.1487613131527907
2021-06-24,15790.4501953125,0.0065978407983298,0.5080173999916435,15627.3937238645,15303.02771886789,14007.321384741725,15869.25,-0.4965565775792768
2021-06-25,15860.349609375,0.0044266891189239,0.5390478598362285,15649.579998675024,15324.883479279932,14025.75947652912,15869.25,-0.056085767285785
2021-06-28,15814.7001953125,-0.0028782098242977,0.5370641754606233,15665.305731688117,15344.091977947875,14043.559881691146,15869.25,-0.3437453231091569
2021-06-29,15748.4501953125,-0.0041891404314852,0.5167533656277088,15673.224252033297,15359.949162942568,14060.523964413747,15869.25,-0.7612193688265045
2021-06-30,15721.5,-0.0017112919035373,0.5245238164232269,15677.82194231584,15374.1276271409,14077.051089145947,15869.25,-0.9310458906375496
2021-07-01,15680.0,-0.002639697229908,0.5220198400849341,15678.029376380997,15386.122622154982,14093.000829552457,15869.25,-1.192557934369931
2021-07-02,15722.2001953125,0.0026913389867666,0.5073945465003042,15682.23612104114,15399.302134827827,14109.211768515244,15869.25,-0.9266336133560203
2021-07-05,15834.349609375,0.007133188273225,0.5006443811215628,15696.72311993008,15416.362820104188,14126.377319170566,15869.25,-0.2199246380578778
2021-07-06,15818.25,-0.0010167521731027,0.4912537610733123,15708.297108508166,15432.123101668729,14143.211873208673,15869.25,-0.321376246514482
2021-07-07,15879.650390625,0.0038816171589777,0.4753034346466669,15724.61646870977,15449.67319143172,14160.489868406845,15879.650390625,0.0
2021-07-08,15727.900390625,-0.0095562557277451,0.4563342165481703,15724.929223177887,15460.58406198832,14176.08599300603,15879.650390625,-0.95562557277451
2021-07-09,15689.7998046875,-0.0024224839292732,0.465548869036499,15721.58356427404,15469.57291464319,14191.147821977986,15879.650390625,-1.19555897810939
2021-07-12,15692.599609375,0.0001784474449868,0.4512111607244053,15718.823187616988,15478.319059534631,14206.087640758056,15879.650390625,-1.177927578055693
2021-07-13,15812.349609375,0.0076309854951284,0.4684506383404392,15727.730465879657,15491.418296783277,14222.07034691345,15879.650390625,-0.4238177768052908
2021-07-14,15853.9501953125,0.0026308921169333,0.4675914270204253,15739.751392492308,15505.6352339805,14238.30795734528,15879.650390625,-0.1618435839599641
2021-07-15,15924.2001953125,0.0044310723280038,0.5012421369838094,15757.31794514185,15522.0495461896,14255.083004489234,15924.2001953125,0.0
2021-07-16,15923.400390625,-5.0225736783704455e-05,0.4996327153121984,15773.135320902147,15537.788794990987,14271.683177485613,15924.2001953125,-0.0050225736783704
2021-07-19,15752.400390625,-0.0107389122803617,0.4667107485749986,15771.160565637658,15546.204935996244,14286.416682093964,15924.2001953125,-1.0788598647363925
2021-07-20,15632.099609375,-0.0076369809214345,0.433913915197968,15757.916665041212,15549.573354560118,14299.806561967407,15924.2001953125,-1.834318724675943
2021-07-22,15824.0498046875,0.0122792331234495,0.4356525488819485,15764.21505929324,15560.337136918057,14314.97316139746,15924.2001953125,-0.6289194395739939
2021-07-23,15856.0498046875,0.0020222383267853,0.4205066007917311,15772.961225521263,15571.9337121247,14330.307257350596,15924.2001953125,-0.427967431890619
2021-07-26,15824.4501953125,-0.0019929055322251,0.4214514803879583,15777.864936929956,15581.836319308535,14345.174351260664,15924.2001953125,-0.62640508645051
2021-07-27,15746.4501953125,-0.0049290812026508,0.4039962659629779,15774.873056775912,15588.29176542634,14359.117394485062,15924.2001953125,-1.1162256051787334
2021-07-28,15709.400390625,-0.0023528988583426,0.403357989882062,15768.63756476154,15593.041123277268,14372.553046187948,15924.2001953125,-1.3488891250609147
2021-07-29,15778.4501953125,0.0043954449546468,0.417421304025638,15769.572101004487,15600.31206727865,14386.542072547398,15924.2001953125,-0.9152735974953584
2021-07-30,15763.0498046875,-0.0009760394990868,0.3948922908289773,15768.95092992668,15606.6939393339,14400.23866689705,15924.2001953125,-1.0119842042204177
2021-08-02,15885.150390625,0.0077460001364197,0.417956229398247,15780.01754523128,15617.613800168843,14415.01390792917,15924.2001953125,-0.245223020362395
2021-08-03,16130.75,0.0154609558824161,0.4529392444207301,15813.420636161636,15637.736788397518,14432.085908845298,16130.75,0.0
2021-08-04,16258.7998046875,0.0079382424678022,0.4682686532125288,15855.837699830769,15662.092200801048,14450.262166515373,16258.7998046875,0.0
2021-08-05,16294.599609375,0.0022018725316477,0.4960703839451956,15897.624548358788,15686.896412901988,14468.613782862234,16294.599609375,0.0
2021-08-06,16238.2001953125,-0.0034612335015614,0.463527202659922,15930.060324259142,15708.51616907495,14486.22160786174,16294.599609375,-0.3461233501561467
2021-08-09,16258.25,0.0012347307242392,0.4644894612903312,15961.31648385351,15730.074358522992,14503.8537311666,16294.599609375,-0.2230776468670425
2021-08-10,16280.099609375,0.0013439090538649,0.4535608042372478,15991.676781522225,15751.643976203462,14521.527819506982,16294.599609375,-0.0889865375498843
2021-08-11,16282.25,0.0001320870680521,0.4519509261670997,16019.350421377248,15772.452055568034,14539.04744319348,16294.599609375,-0.0757895847155021
2021-08-12,16364.400390625,0.0050453954843463,0.4520126017340122,16052.212323210368,15795.665715766349,14557.21015908832,16364.400390625,0.0
2021-08-13,16529.099609375,0.0100644823408473,0.4598454059947008,16097.630159987952,15824.427829241196,14576.830949638435,16529.099609375,0.0
2021-08-16,16563.05078125,0.0020540242770237,0.4646678760137694,16141.95593344148,15853.393435202326,14596.594331047509,16563.05078125,0.0
2021-08-17,16614.599609375,0.0031122785775283,0.4702599739138573,16186.96961686372,15883.244657718902,14616.673985558233,16614.599609375,0.0
2021-08-18,16568.849609375,-0.0027536023181795,0.4822200878822351,16223.339139960031,15910.1311264113,14636.098618631037,16614.599609375,-0.275360231817956
2021-08-20,16450.5,-0.0071428984006249,0.4626437545096262,16244.973507582888,15931.322062630465,14654.152363719284,16614.599609375,-0.9876832017210012
2021-08-23,16496.44921875,0.0027931806783987,0.4489189866568861,16268.923575313089,15953.483911890056,14672.48367570964,16614.599609375,-0.7111239115165424
2021-08-24,16624.599609375,0.0077683620836017,0.4572244171090347,16302.797483318986,15979.802174536524,14691.90771485059,16624.599609375,0.0
2021-08-25,16634.650390625,0.0006045728309951,0.4705053043101195,16334.402522110036,16005.482496736073,14711.238487743867,16634.650390625,0.0
2021-08-26,16636.900390625,0.0001352598309651,0.4630219988495874,16363.211842920984,16030.243982770931,14730.39930269791,16636.900390625,0.0
2021-08-27,16705.19921875,0.00410526158848,0.4568762724473445,16395.782069190413,16056.712815554429,14750.04905310639,16705.19921875,0.0
2021-08-30,16931.05078125,0.0135198365217041,0.4758265188825208,16446.760041767517,16091.000578915038,14771.750562839165,16931.05078125,0.0
2021-08-31,17132.19921875,0.0118804461754233,0.4833587135647119,16512.039963384897,16131.831898124254,14795.23761414176,17132.19921875,0.0
2021-09-01,17076.25,-0.0032657347743637,0.4772801003525315,16565.774252586336,16168.867902119382,14817.934254797066,17132.19921875,-0.326573477436376
2021-09-02,17234.150390625,0.009246783727399,0.4796310801028445,16629.429122875732,16210.643685982348,14841.976206397345,17234.150390625,0.0
2021-09-03,17323.599609375,0.0051902308336972,0.5212820732711305,16695.540597780426,16254.289016311472,14866.668976576228,17323.599609375,0.0
2021-09-06,17377.80078125,0.0031287476677577,0.5150324344499901,16760.517758110862,16298.348301211025,14891.655362692383,17377.80078125,0.0
2021-09-07,17362.099609375,-0.0009035189246697,0.5051668495340269,16817.811267755067,16340.06403878608,14916.236897485249,17377.80078125,-0.0903518924669777
2021-09-08,17353.5,-0.0004953092983268,0.5054066342491415,16868.829242254586,16379.806625500352,14940.488271639624,17377.80078125,-0.1398380701671975
2021-09-09,17369.25,0.0009075978909154,0.5325110706985832,16916.48836203986,16418.608326461122,14964.655055006397,17377.80078125,-0.0492051978132068
2021-09-13,17355.30078125,-0.0008030985074197,0.5284213702070708,16958.280021012255,16455.341363903823,14988.442574670513,17377.80078125,-0.1294755319342644
2021-09-14,17380.0,0.001423151293159,0.5356952466682532,16998.4438285349,16491.602486887987,15012.239165967325,17380.0,0.0
2021-09-15,17519.44921875,0.0080235453826236,0.5534180899760597,17048.063389507766,16531.910201862967,15037.186529676605,17519.44921875,0.0
2021-09-16,17629.5,0.0062816347635072,0.5397951830905954,17103.43830479274,16574.95293904481,15062.98069356042,17629.5,0.0
2021-09-17,17585.150390625,-0.0025156476006126,0.5338851921407524,17149.315646300576,16614.56852538129,15088.076909451607,17629.5,-0.2515647600612625
2021-09-20,17396.900390625,-0.010705054879733,0.5207014556437255,17172.895145760045,16645.24820637124,15111.050277423485,17629.5,-1.3193772334723075
2021-09-21,17562.0,0.0094901738624639,0.5242410298480555,17209.952750925757,16681.19925710178,15135.437836852108,17629.5,-0.3828809665617272
2021-09-22,17546.650390625,-0.0008740239935656,0.5120492122440863,17242.019192801876,16715.138517239946,15159.430001566265,17629.5,-0.4699487187668438
2021-09-23,17822.94921875,0.0157465283671818,0.5476550067559971,17297.345861939793,16758.58207416191,15185.932680344213,17822.94921875,0.0
2021-09-24,17853.19921875,0.0016972499684944,0.551784137755241,17350.2842768741,16801.508236694775,15212.47264590049,17853.19921875,0.0
2021-09-27,17855.099609375,0.0001064453827974,0.5870424040908417,17398.36192758847,16842.825545427335,15238.767441556956,17855.099609375,0.0
2021-09-28,17748.599609375,-0.0059646824901542,0.5912816869617203,17431.717897282426,16878.346096954694,15263.740895963105,17855.099609375,-0.596468249015425
2021-09-29,17711.30078125,-0.0021015082285871,0.5910474362080791,17458.34483861267,16911.010986534904,15288.094725667454,17855.099609375,-0.805365588940743
2021-09-30,17618.150390625,-0.0052593760207388,0.6304723692062537,17473.564414994795,16938.741943558045,15311.27935914962,17855.099609375,-1.3270674705482266
2021-10-01,17532.05078125,-0.0048869834497958,0.58657503506708,17479.13454511434,16962.008956800866,15333.37658723022,17855.099609375,-1.8092804587624969
2021-10-04,17691.25,0.0090804675811375,0.5756999797599567,17499.336017008212,16990.60664476946,15356.838014222956,17855.099609375,-0.9176628131997044
2021-10-05,17822.30078125,0.0074076609199462,0.5881005988824319,17530.09456598362,17023.22210110203,15381.369982054071,17855.099609375,-0.1836944561640963
2021-10-06,17646.0,-0.0098921448702895,0.5688750266876701,17541.133178747084,17047.644763803914,15403.903614073435,17855.099609375,-1.171091811020819
2021-10-07,17790.349609375,0.0081803020160375,0.5582400995915049,17564.868076902123,17076.77044402239,15427.64934536997,17855.099609375,-0.3626414941197087
2021-10-08,17895.19921875,0.0058936227604964,0.5556511647847138,17596.32818564954,17108.86569009014,15452.202080428478,17895.19921875,0.0
2021-10-11,17945.94921875,0.0028359561343596,0.538786923588743,17629.625426897204,17141.692495135627,15477.015484789888,17945.94921875,0.0
2021-10-12,17991.94921875,0.0025632525445875,0.5326841911647873,17664.13245469271,17175.03589606168,15502.039701048196,17991.94921875,0.0
2021-10-13,18161.75,0.0094375978492116,0.5346315548869798,17711.524601864832,17213.73056680436,15528.504480142246,18161.75,0.0
2021-10-14,18338.55078125,0.0097347877407187,0.5392179483827277,17771.241380853895,17257.841163449288,15556.46513985476,18338.55078125,0.0
2021-10-18,18477.05078125,0.0075523961327199,0.5486654858813651,17838.46132374876,17305.653305323827,15585.525693500484,18477.05078125,0.0
2021-10-19,18418.75,-0.0031553077349963,0.5433197871716453,17893.726911963164,17349.30415609544,15613.716980132322,18477.05078125,-0.3155307734996393
2021-10-20,18266.599609375,-0.00826062521208,0.5258978876040057,17929.238597430958,17385.276526812286,15640.113822214338,18477.05078125,-1.138986813244891
2021-10-21,18178.099609375,-0.0048449082967022,0.5562975610579934,17952.939646187533,17416.367628089254,15665.367412136336,18477.05078125,-1.6179593562537953
2021-10-22,18114.900390625,-0.0034766680845673,0.5400618144886207,17968.3644789911,17443.761069757322,15689.74087460886,18477.05078125,-1.9600010570545168
2021-10-25,18125.400390625,0.0005796333280105,0.5266002155123666,17983.32028009909,17470.49202351684,15713.976292678672,18477.05078125,-1.9031738061890515
2021-10-26,18268.400390625,0.0078894808897,0.5355726489931354,18010.470766815844,17501.78254771716,15739.393447882116,18477.05078125,-1.1292407705927432
2021-10-27,18210.94921875,-0.0031448386638428,0.5255053233131717,18029.563952714336,17529.593005404724,15763.986042617122,18477.05078125,-1.440173356940888
2021-10-28,17857.25,-0.0194223384240636,0.5010570133800254,18013.153100074876,17542.44229931042,15784.814539705509,18477.05078125,-3.3544356650194285
2021-10-29,17671.650390625,-0.0103935157639054,0.4812349150890282,17980.629032508223,17547.50928328354,15803.589025784311,18477.05078125,-4.35892286144658
2021-11-01,17929.650390625,0.0145996550575078,0.5236260449639907,17975.77392375744,17562.495209061635,15824.743865235465,18477.05078125,-2.9625961258951894
2021-11-02,17888.94921875,-0.0022700482713416,0.5046132379270993,17967.50490423292,17575.29732708863,15845.283221986852,18477.05078125,-3.1828757168150923
2021-11-03,17829.19921875,-0.0033400508475575,0.5200177169304085,17954.33293418693,17585.254264016527,15865.023679666088,18477.05078125,-3.506249834835229
2021-11-04,17916.80078125,0.0049133761659847,0.535181913929655,17950.75844343103,17598.256088221762,15885.439372219163,18477.05078125,-3.0321397426072205
2021-11-08,18068.55078125,0.0084697040421863,0.5519609509220824,17961.97676131855,17616.699017360126,15907.16187380156,18477.05078125,-2.210850664623032
2021-11-09,18044.25,-0.0013449214352717,0.5463208027978419,17969.81230785964,17633.46572256169,15928.426432271195,18477.05078125,-2.342369387701171
2021-11-10,18017.19921875,-0.0014991358050348,0.5251364302492911,17974.325346992056,17648.514094961232,15949.21024109188,18477.05078125,-2.4887714383869386
2021-11-11,17873.599609375,-0.007970140510272,0.5009110811080322,17964.732419599957,17657.34097787942,15968.358394010122,18477.05078125,-3.2659496313522385
2021-11-12,18102.75,0.0128206066843303,0.4935892916608217,17977.876951066628,17674.807998354736,15989.596121432907,18477.05078125,-2.025760418593592
2021-11-15,18109.44921875,0.0003700663573213,0.476689009884236,17990.40764322695,17691.85275209573,16010.689187077856,18477.05078125,-1.9895034486403615
2021-11-16,17999.19921875,-0.0060879819517564,0.4444368252167006,17991.244936133906,17703.90555470962,16030.47535654723,18477.05078125,-2.586189582727727
2021-11-17,17898.650390625,-0.005586294529162,0.4170302621428416,17982.426407990202,17711.54260709846,16049.06416285646,18477.05078125,-3.1303718189265584
2021-11-18,17764.80078125,-0.0074781956434608,0.3934105596803707,17961.700157824467,17713.631162947542,16066.136169009633,18477.05078125,-3.854781850373934
2021-11-22,17416.55078125,-0.0196033721001568,0.3723761346244691,17909.78116957928,17701.98095190058,16079.573130325456,18477.05078125,-5.739552337411801
2021-11-23,17503.349609375,0.0049836979327988,0.376054885484163,17871.07340194078,17694.191487487813,16093.740060465254,18477.05078125,-5.2697867392510815
2021-11-24,17415.05078125,-0.0050446817378146,0.3691131265331304,17827.642676160704,17683.244793125545,16106.887430821322,18477.05078125,-5.747670516106873
2021-11-25,17536.25,0.006959452503032,0.3621234510851363,17799.890992716828,17677.48029143435,16121.109943947478,18477.05078125,-5.091725905763589
2021-11-26,17026.44921875,-0.0290712541877539,0.3159777573280775,17726.229871386655,17651.949661133003,16130.11829494054,18477.05078125,-7.850828466478155
2021-11-29,17053.94921875,0.0016151341742889,0.3352920095171965,17662.203142564118,17628.498663392493,16139.31064244113,18477.05078125,-7.701995190401945
2021-11-30,16983.19921875,-0.004148599194972,0.3207196081128114,17597.53610220087,17603.192802818277,16147.707543697936,18477.05078125,-8.084902618852563
2021-12-01,17166.900390625,0.0108166411704213,0.3280444461736453,17556.52317728888,17586.083296457757,16157.84876605542,18477.05078125,-7.090689992336352
2021-12-02,17401.650390625,0.0136745711024337,0.3329337364907916,17541.7733880828,17578.850633483922,16170.224901623278,18477.05078125,-5.820195026558494
2021-12-03,17196.69921875,-0.0117776858673942,0.3373902426687563,17508.909181479674,17563.864303494356,16180.43857642056,18477.05078125,-6.92941518458815
2021-12-06,16912.25,-0.0165409195759996,0.3022445522445522,17452.084497529228,17538.31080139654,16187.72028212782,18477.05078125,-8.468888242911133
2021-12-07,17176.69921875,0.0156365485816494,0.3244479283264077,17425.85732812168,17524.129955018245,16197.560868561872,18477.05078125,-7.037657567189026
2021-12-08,17469.75,0.0170609485278816,0.3326480759691075,17430.037582586283,17521.99740776263,16210.21946688464,18477.05078125,-5.4516318279115294
2021-12-09,17516.849609375,0.0026960665936832,0.3357620519969497,17438.305394661398,17521.795533316053,16223.220761834797,18477.05078125,-5.196723130995484
2021-12-10,17511.30078125,-0.0003167708948091,0.3332902078159201,17445.257336241266,17521.383974411503,16236.037478445893,18477.05078125,-5.226754049840121
2021-12-13,17368.25,-0.0081690551168631,0.3099660412226632,17437.92330421829,17515.378720513014,16247.303274680262,18477.05078125,-6.000961919611003
2021-12-14,17324.900390625,-0.0024959111813221,0.2971866342680118,17427.159217209406,17507.90898208603,16258.025634042897,18477.05078125,-6.235575169789387
2021-12-15,17221.400390625,-0.0059740603216401,0.285855628482248,17407.563138487083,17496.673351048346,16267.611452516352,18477.05078125,-6.795729499748948
2021-12-16,17248.400390625,0.0015678167505297,0.274911183200448,17392.404781547837,17486.93715652194,16277.37054642788,18477.05078125,-6.649602283237755
2021-12-17,16985.19921875,-0.01525945397337,0.2601885597501596,17353.623299376613,17467.261158962257,16284.413617794273,18477.05078125,-8.074078380592475
2021-12-20,16614.19921875,-0.0218425462793778,0.2294201651633141,17283.201958364556,17433.80774954217,16287.69506656,18477.05078125,-10.081974577838848
2021-12-21,16770.849609375,0.009428705444209,0.2369570425307769,17234.40649655603,17407.809391104245,16292.502574448708,18477.05078125,-9.234164002008406
2021-12-22,16955.44921875,0.0110071709945933,0.2496784462465049,17207.83913676498,17390.069776502118,16299.099058471606,18477.05078125,-8.235088924711286
2021-12-23,17072.599609375,0.0069093062126275,0.2477507630565369,17194.959181775455,17377.619966026545,16306.795581366168,18477.05078125,-7.60105705451759
2021-12-24,17003.75,-0.0040327548791804,0.2374733280186591,17176.748783511128,17362.958398731385,16313.73045120332,18477.05078125,-7.973679342512085
2021-12-27,17086.25,0.0048518709108285,0.2416836712570604,17168.129851748163,17352.107088977213,16321.41721288289,18477.05078125,-7.527179514283445
2021-12-28,17233.25,0.0086034091740434,0.2929721118013242,17174.33177062929,17347.44602666438,16330.490175938785,18477.05078125,-6.731598002166961
2021-12-29,17213.599609375,-0.0011402602889762,0.2782724177418876,17178.071564795548,17342.197147554994,16339.277334480435,18477.05078125,-6.837948257181359
2021-12-30,17203.94921875,-0.0005606259494814,0.2648939948128619,17180.5361032674,17336.775660150877,16347.881034821428,18477.05078125,-6.890177320895329
2021-12-31,17354.05078125,0.0087248317576065,0.262181630361656,17197.061310694316,17337.453115880257,16357.892674089377,18477.05078125,-6.077809783039556
2022-01-03,17625.69921875,0.0156533158122078,0.2704854662664928,17237.883968604383,17348.75688462025,16370.50766458351,18477.05078125,-4.607616077799214
2022-01-04,17805.25,0.0101868742352642,0.2779560526536024,17291.9188287373,17366.658575419457,16384.783707721985,18477.05078125,-3.635865859781717
2022-01-05,17925.25,0.006739585234692,0.2820278823485944,17352.23608314327,17388.56412148144,16400.111730530723,18477.05078125,-2.986411564176428
2022-01-06,17745.900390625,-0.0100054174627969,0.269218831020795,17389.727921951053,17402.577308506676,16413.50266247196,18477.05078125,-3.957073016040802
2022-01-07,17812.69921875,0.0037641836511315,0.2706565765773798,17430.010902598573,17418.660520673082,16427.425016265774,18477.05078125,-3.595549800480957
2022-01-10,18003.30078125,0.0107003189218717,0.2738574732467804,17484.609938660615,17441.587589715313,16443.105372136266,18477.05078125,-2.563991437858404
2022-01-11,18055.75,0.0029133112526023,0.2715764639599987,17539.004230216746,17465.672390118634,16459.151587338893,18477.05078125,-2.2801300177056616
2022-01-12,18212.349609375,0.0086731157318304,0.287433037686666,17603.13236156515,17494.953849697315,16476.596343777062,18477.05078125,-1.4325942760497925
2022-01-13,18257.80078125,0.0024956237305924,0.2914585325910435,17665.481734868466,17524.869415640558,16494.3197710156,18477.05078125,-1.186607119262173
2022-01-14,18255.75,-0.0001123235637506,0.2724215441983655,17721.69776011909,17553.53139934093,16511.84643996072,18477.05078125,-1.1977061916968346
2022-01-17,18308.099609375,0.0028675682661627,0.2639568932411673,17777.545555286317,17583.122309538343,16529.71960582554,18477.05078125,-0.9143838693480566
2022-01-18,18113.05078125,-0.0106536905679234,0.2437334929795689,17809.498433949524,17603.903818232917,16545.47414488449,18477.05078125,-1.970011363336066
2022-01-19,17938.400390625,-0.0096422404339412,0.2316227679466416,17821.77481077576,17617.021330875745,16559.334107528677,18477.05078125,-2.915240083507309
2022-01-20,17757.0,-0.010112406160797,0.2165995557040616,17815.60578117807,17622.510690449246,16571.251181085605,18477.05078125,-3.8970006078063446
2022-01-21,17617.150390625,-0.0078757453046686,0.2205567631470106,17796.705267792062,17622.300482613,16581.658138394454,18477.05078125,-4.653883354033983
2022-01-24,17149.099609375,-0.0265679051873833,0.2008080387575235,17735.02853841901,17603.743585623277,16587.304322185308,18477.05078125,-7.187029941069212
2022-01-25,17277.94921875,0.0075134912216943,0.1898471370357004,17691.49717464101,17590.967335941972,16594.17641070834,18477.05078125,-6.489680505272055
2022-01-27,17110.150390625,-0.0097117329146276,0.168351018623218,17636.130814258533,17572.111769458956,16599.31048016025,18477.05078125,-7.397827752966357
2022-01-28,17101.94921875,-0.0004793161771092,0.1721411533388601,17585.256376591053,17553.674022372332,16604.31186064373,18477.05078125,-7.442213472159831
2022-01-31,17339.849609375,0.0139107178709299,0.2065105614485078,17561.884303522856,17545.2887512744,16611.630644213197,18477.05078125,-6.154668217013293
2022-02-01,17576.849609375,0.0136679386118703,0.2344246484755052,17563.30957074687,17546.526431984224,16621.23481302078,18477.05078125,-4.871995983192834
2022-02-02,17780.0,0.0115578385853996,0.2729550742795776,17583.946754485263,17555.68225818092,16632.76481488127,18477.05078125,-3.772521867815337
2022-02-03,17560.19921875,-0.0123622486642295,0.2708620172870906,17581.68508441524,17555.859393889514,16641.99301790484,18477.05078125,-4.962109880817101
2022-02-04,17516.30078125,-0.0024998826581151,0.2846949146351158,17575.458007923313,17554.308075746787,16650.692597639616,18477.05078125,-5.199693454189902
2022-02-07,17213.599609375,-0.0172811129276234,0.2053328413549582,17540.995303299664,17540.94695941848,16656.293662433003,18477.05078125,-6.837948257181359
2022-02-08,17266.75,0.0030876976246183,0.1787907754697888,17514.87670298541,17530.194137480503,16662.367854846605,18477.05078125,-6.550292011310487
2022-02-09,17463.80078125,0.0114121523303458,0.1807883428021919,17510.0123294868,17527.590476451856,16670.342311825745,18477.05078125,-5.483829708517218
2022-02-10,17605.849609375,0.008133901085124,0.1819456786160704,17519.139689476153,17530.659462056687,16679.65084214962,18477.05078125,-4.7150445284215525
2022-02-11,17374.75,-0.0131262969128136,0.1641958557381442,17505.388290478422,17524.545365505444,16686.56725168047,18477.05078125,-5.965783145265712
2022-02-14,16842.80078125,-0.0306162228952934,0.1142513792771287,17442.284718170955,17497.810283769937,16688.12181416375,18477.05078125,-8.844755688274619
2022-02-15,17352.44921875,0.0302591263839775,0.1484615066918313,17433.72895632134,17492.109849847588,16694.732037094956,18477.05078125,-6.086477630083776
2022-02-16,17322.19921875,-0.0017432697608654,0.1466719106841425,17423.107076552642,17485.44668784376,16700.97549163879,18477.05078125,-6.250194233767603
2022-02-17,17304.599609375,-0.0010160147191904,0.1404638300252312,17411.82065110715,17478.35464555087,16706.98170176552,18477.05078125,-6.345445416347351
2022-02-18,17276.30078125,-0.0016353356196504,0.1393496800682723,17398.913996835043,17470.430964597894,16712.64656822805,18477.05078125,-6.498602045400492
2022-02-21,17206.650390625,-0.004031556958107,0.1235381803877286,17380.60317719599,17460.086628363664,16717.562029147422,18477.05078125,-6.875558256917103
2022-02-22,17092.19921875,-0.0066515660675804,0.1161559936363643,17353.136133534466,17445.659671123914,16721.2897623773,18477.05078125,-7.494981633677755
2022-02-23,17063.25,-0.0016937094155936,0.1219252912273689,17325.527930340708,17430.66321343278,16724.69235180638,18477.05078125,-7.651658254274462
2022-02-24,16247.9501953125,-0.0477810384708364,0.0746744969336585,17222.90147938564,17384.2823107614,16719.94864875669,18477.05078125,-12.06415792394493
2022-02-25,16658.400390625,0.0252616601096495,0.1119128533465716,17169.139470932245,17355.816353108992,16719.336228277767,18477.05078125,-9.842752569963798
2022-02-28,16793.900390625,0.0081340342903666,0.1443338421419282,17133.40241566489,17333.78043301158,16720.07816024142,18477.05078125,-9.109410427842812
2022-03-02,16605.94921875,-0.0111916331229355,0.1290573327940962,17083.16877786347,17305.238032452304,16718.942548883297,18477.05078125,-10.126624560661712
2022-03-03,16498.05078125,-0.006497577228417,0.1011914818615671,17027.443254376474,17273.58363044437,16716.744620847145,18477.05078125,-10.71058375835734
2022-03-04,16245.349609375,-0.0153170320073322,0.0760398367728814,16952.958145328714,17233.260727657336,16712.054123220558,18477.05078125,-12.078232604846594
2022-03-07,15863.150390625,-0.0235266847399477,0.0918154168781106,16849.166930595027,17179.530910518813,16703.60731991115,18477.05078125,-14.146740308131388
2022-03-08,16013.4501953125,0.0094747765094835,0.084808194748458,16769.57486056812,17133.802255020528,16696.740084840516,18477.05078125,-13.333299859940272
2022-03-09,16345.349609375,0.0207262900882942,0.0955989327334312,16729.172455692584,17102.882543426585,16693.243662199067,18477.05078125,-11.537020691842182
2022-03-10,16594.900390625,0.0152673871904744,0.0885042776815594,16716.38463997186,17082.961674689268,16692.265122183406,18477.05078125,-10.186422134721596
2022-03-11,16630.44921875,0.0021421537513466,0.1027600894352072,16708.200314141206,17065.216088181845,16691.650038567153,18477.05078125,-9.994027641975634
2022-03-14,16871.30078125,0.014482565042708,0.1294141304735805,16723.73369196109,17057.61156634138,16693.437608146087,18477.05078125,-8.690510293068366
2022-03-15,16663.0,-0.0123464565033122,0.1141198822159679,16717.949530821938,17042.136602955445,16693.13474637349,18477.05078125,-9.81785893607463
2022-03-16,16975.349609375,0.0187451004846066,0.1243144419401838,16742.463824017468,17039.517505167976,16695.942854463057,18477.05078125,-8.127385639914376
2022-03-17,17287.05078125,0.0183619883565082,0.1391946519063813,16794.329248515805,17049.22469246531,16701.82452537636,18477.05078125,-6.440421764752513
2022-03-21,17117.599609375,-0.0098022024704637,0.1388235199337721,16825.116901930967,17051.90606175589,16705.961590888786,18477.05078125,-7.357511693665597
2022-03-22,17315.5,0.0115612232521558,0.1598178103754313,16871.820054128017,17062.243078941934,16712.026649685915,18477.05078125,-6.2864512037208335
2022-03-23,17245.650390625,-0.004033935455228,0.1566150025467798,16907.422943318204,17069.435522537347,16717.336338650483,18477.05078125,-6.664485610845383
2022-03-24,17222.75,-0.0013278937068936,0.1699204709162975,16937.454091573614,17075.447854986865,16722.365330305704,18477.05078125,-6.788425253032426
2022-03-25,17153.0,-0.0040498758909001,0.1782646792115347,16957.982273328507,17078.489115575616,16726.650252392214,18477.05078125,-7.165920562353001
2022-03-28,17222.0,0.0040226199498629,0.1680683667932718,16983.126818725792,17084.11699339618,16731.579105602243,18477.05078125,-6.792484342379956
2022-03-29,17325.30078125,0.005998187274997,0.1756806494123222,17015.71481515667,17093.575181155153,16737.4867839669,18477.05078125,-6.233408208028324
2022-03-30,17498.25,0.0099824655821947,0.1811370424745608,17061.67054704651,17109.444781894166,16745.05656721101,18477.05078125,-5.297386432705265
2022-03-31,17464.75,-0.0019144771620018,0.2003759282927923,17100.059066375412,17123.3783198591,16752.217695895477,18477.05078125,-5.478692423561748
2022-04-01,17670.44921875,0.0117779652585923,0.233547789994722,17154.381938030136,17144.83208059992,16761.354327963683,18477.05078125,-4.365423746729736
2022-04-04,18053.400390625,0.0216718413399843,0.244435603708397,17240.00274303917,17180.462210404825,16774.210507691656,18477.05078125,-2.2928463835522277
2022-04-05,17957.400390625,-0.005317557796472,0.2096517277179139,17308.326328523537,17210.93037433503,16785.983541352685,18477.05078125,-2.8124098200364656
2022-04-06,17807.650390625,-0.0083391803235717,0.2121716564814966,17355.88100110463,17234.331159287576,16796.149380648927,18477.05078125,-3.6228746597605777
2022-04-07,17639.55078125,-0.0094397411049521,0.1864623651633856,17382.897170642285,17250.222124854732,16804.54143438625,18477.05078125,-4.532649771411956
2022-04-08,17784.349609375,0.0082087593907955,0.2149605710333511,17421.13073623588,17271.168300718273,16814.290769460767,18477.05078125,-3.748981263708673
2022-04-11,17674.94921875,-0.006151497975913,0.2037286218374365,17445.30392504675,17287.00284652344,16822.854535125338,18477.05078125,-4.341069210644544
2022-04-12,17530.30078125,-0.0081838106412522,0.182957140457473,17453.39886373277,17296.543942002914,16829.893801255934,18477.05078125,-5.123923786369278
2022-04-13,17475.650390625,-0.0031174816283502,0.1749284392759893,17455.518056770128,17303.56772430182,16836.319239956123,18477.05078125,-5.419698210935231
2022-04-18,17173.650390625,-0.0172811880101475,0.1576558470651414,17428.67351713726,17298.47292690273,16839.6757688185,18477.05078125,-7.054158188208559
2022-04-19,16958.650390625,-0.0125191788064678,0.1850246402769324,17383.909409850377,17285.146552931055,16840.85959590115,18477.05078125,-8.217763801168044
2022-04-20,17136.55078125,0.010490244596548,0.1814400068942696,17360.35144522177,17279.319267767092,16843.801796750395,18477.05078125,-7.254945693824155
2022-04-21,17392.599609375,0.014941678252146,0.1927894260453051,17363.42269895065,17283.761634104656,16849.26247150288,18477.05078125,-5.869178932903463
2022-04-22,17171.94921875,-0.0126864526051679,0.1747247151685673,17345.187129407732,17279.376833502512,16852.473284908323,18477.05078125,-7.063365133056743
2022-04-25,16953.94921875,-0.0126951225643019,0.1806823372864545,17307.926376011757,17266.614966257315,16853.48299569282,18477.05078125,-8.243207103406359
2022-04-26,17200.80078125,0.0145601216162072,0.2031560610550322,17297.723938415398,17264.034017825656,16856.938894056573,18477.05078125,-6.907217039718827
2022-04-27,17038.400390625,-0.0094414436101153,0.1827170985048838,17273.026457673455,17255.185640288375,16858.744481087106,18477.05078125,-7.7861473005470305
2022-04-28,17245.05078125,0.0121285088909346,0.2024705659484682,17270.362107537887,17254.78819483589,16862.588324869823,18477.05078125,-6.667730768214375
2022-04-29,17102.55078125,-0.0082632403816946,0.1807076825163962,17254.38007646285,17248.818100185465,16864.97601100296,18477.05078125,-7.438957744245656
2022-05-02,17069.099609375,-0.0019559171203674,0.1648837502698317,17236.73431769258,17241.770316232112,16867.00709158378,18477.05078125,-7.619999471472738
2022-05-04,16677.599609375,-0.0229361834519363,0.1219713902210317,17183.483393090904,17219.645974786737,16865.122440019513,18477.05078125,-9.738844110885015
2022-05-05,16682.650390625,0.0003028482136697,0.1200243004730148,17135.785011903674,17198.587324427455,16863.306797736983,18477.05078125,-9.711508681060222
2022-05-06,16411.25,-0.0162684216398562,0.1216689406915358,17066.78167743666,17167.711350920497,16858.80872014756,18477.05078125,-11.180359927063243
2022-05-09,16301.849609375,-0.0066661826871809,0.1139594150828442,16993.93100428793,17133.75598850695,16853.266838448333,18477.05078125,-11.772447873999104
2022-05-10,16240.0498046875,-0.0037909688880922,0.1202738457343151,16922.132794802175,17098.708687180697,16847.165176420862,18477.05078125,-12.106915779181316
2022-05-11,16167.099609375,-0.0044919933245182,0.105983440889035,16850.22487238054,17062.174997854985,16840.39835485822,18477.05078125,-12.501730926772549
2022-05-12,15808.0,-0.0222117521417858,0.0735629828371366,16750.965360725248,17012.99166460577,16830.125734411868,18477.05078125,-14.445220792262358
2022-05-13,15782.150390625,-0.0016352232651188,0.064696098651642,16658.69726833475,16964.723379351624,16819.698119050805,18477.05078125,-14.58512195766497
2022-05-16,15842.2998046875,0.0038112305721171,0.0602281581437407,16580.945128939773,16920.706768580483,16809.972762688983,18477.05078125,-14.259586163156367
2022-05-17,16259.2998046875,0.0263219359020472,0.0948470484445229,16550.312240915748,16894.76924058468,16804.493429773545,18477.05078125,-12.002732485927956
2022-05-18,16240.2998046875,-0.0011685620062508,0.1050454056875787,16520.787246989246,16869.10377251028,16798.879562857266,18477.05078125,-12.105562749398802
2022-05-19,15809.400390625,-0.0265327253341793,0.0770960635105617,16453.0361178117,16827.54677714223,16789.03399895446,18477.05078125,-14.437641711371263
2022-05-20,16266.150390625,0.0288910387942893,0.089994402310902,16435.23747712725,16805.53123257293,16783.83117698103,18477.05078125,-11.965656298723603
2022-05-23,16214.7001953125,-0.0031630222318707,0.0732455182682818,16414.233926478228,16782.36138797448,16778.16818213856,18477.05078125,-12.2441108850189
2022-05-24,16125.150390625,-0.0055227542667355,0.0728535624422628,16386.70216115887,16756.588407686268,16771.670492670764,18477.05078125,-12.728765096059824
2022-05-25,16025.7998046875,-0.0061612191843656,0.0751205057457859,16352.330508161598,16727.93003109808,16764.24889378536,18477.05078125,-13.266462302793268
2022-05-26,16170.150390625,0.0090073873189953,0.0655572277807783,16334.98002077716,16706.05631970698,16758.33746589322,18477.05078125,-12.485219735207842
2022-05-27,16352.4501953125,0.0112738471989222,0.0759818910203378,16336.643846923384,16692.18941286798,16754.29878658396,18477.05078125,-11.498591474855314
2022-05-30,16661.400390625,0.0188932050929628,0.0955357170949819,16367.573041561633,16690.982000231,16753.374424435115,18477.05078125,-9.826516212573663
2022-05-31,16584.55078125,-0.0046124339835348,0.0838548352972825,16388.23758819862,16686.80822693763,16751.694587189493,18477.05078125,-10.242435453608522
2022-06-01,16522.75,-0.0037264067061659,0.07725335824787,16401.048294084463,16680.37457097929,16749.41653159557,18477.05078125,-10.57690864406332
2022-06-02,16628.0,0.0063700049931154,0.0772464767729634,16422.662742266893,16678.320666235002,16748.208406903075,18477.05078125,-10.007283105626176
2022-06-03,16584.30078125,-0.0026280502014673,0.0642696427545219,16438.056841217665,16674.633611921865,16746.577485254787,18477.05078125,-10.243788483391036
2022-06-06,16569.55078125,-0.0008893953501298,0.0638658604623865,16450.580073601697,16670.5127166014,16744.816025513446,18477.05078125,-10.32361724055918
2022-06-07,16416.349609375,-0.0092459460064759,0.0539380210531279,16447.32002938963,16660.545535925856,16741.547702964806,18477.05078125,-11.15276023360905
2022-06-08,16356.25,-0.0036609606157923,0.0424401244843597,16438.646693257284,16648.612377654255,16737.713894975106,18477.05078125,-11.478026479215664
2022-06-09,16478.099609375,0.0074497277416889,0.0515530772881733,16442.404113839923,16641.92560242762,16735.130668252717,18477.05078125,-10.818561877328824
2022-06-10,16201.7998046875,-0.0167676984141,0.0285779205923981,16419.48941773017,16624.665767222123,16729.823893490877,18477.05078125,-12.313929335905504
2022-06-13,15774.400390625,-0.0263797491152091,0.0021791972161071,16358.052367529675,16591.32202696341,16720.317191969825,18477.05078125,-14.627065880922808
2022-06-14,15732.099609375,-0.0026816094559853,0.0061879012888836,16298.437819133993,16557.62703019524,16710.48418119774,18477.05078125,-14.856002748341746
2022-06-15,15692.150390625,-0.002539344381356,-0.0028974668790011,16240.696159275994,16523.686769819935,16700.351506664676,18477.05078125,-15.072212679368937
2022-06-16,15360.599609375,-0.0211284478542902,-0.0277701304704122,16156.877440237804,16478.075508626018,16687.020642015028,18477.05078125,-16.866605005153147
2022-06-17,15293.5,-0.0043682936266399,-0.0327823513491847,16074.651017358014,16431.621567111273,16673.154764980052,18477.05078125,-17.22975608467007
2022-06-20,15350.150390625,0.0037042135956451,-0.0327110360839358,16005.650957669155,16389.210932739265,16659.990542349653,18477.05078125,-16.923157421844024
2022-06-21,15638.7998046875,0.018804337854487,-0.0081655045707688,15970.712752623283,16359.783045364686,16649.82944048237,18477.05078125,-15.360952406120344
2022-06-22,15413.2998046875,-0.0144192650853174,-0.01772312088242,15917.625805200829,16322.666055534208,16637.525663011773,18477.05078125,-16.581385269945294
2022-06-23,15556.650390625,0.0093004475196092,-0.0080785815470353,15883.247194288844,16292.626225537768,16626.770685177078,18477.05078125,-15.80555482148992
2022-06-24,15699.25,0.0091664725885294,-0.0030006668148477,15865.72365197562,16269.356569634328,16617.541623633027,18477.05078125,-15.033788747654665
2022-06-27,15832.0498046875,0.008458990377725,0.0037596363784058,15862.51661890056,16252.207284734452,16609.725784638544,18477.05078125,-14.31506038423932
2022-06-28,15850.2001953125,0.0011464333961117,0.0104067392302158,15861.343626177888,16236.442300835552,16602.168316088035,18477.05078125,-14.216828307919982
2022-06-29,15799.099609375,-0.0032239710103227,0.0005477623472107,15855.415624577612,16219.291607052784,16594.177582687906,18477.05078125,-14.493390766628789
2022-06-30,15780.25,-0.0011930812414028,-0.0050503054061086,15848.256993665458,16202.074289129148,16586.078800770614,18477.05078125,-14.595407098121084
2022-07-01,15752.0498046875,-0.0017870563085186,-0.0039615288213664,15839.094404238986,16184.426270131436,16577.78000478969,18477.05078125,-14.748029914642846
2022-07-04,15835.349609375,0.0052881882498054,0.0055179660845843,15838.737757109082,16170.736989317456,16570.392637671135,18477.05078125,-14.297201448164689
2022-07-05,15810.849609375,-0.0015471713984448,0.0056832750930255,15836.081743039167,16156.62375873148,16562.834995598536,18477.05078125,-14.429798366850765
2022-07-06,15989.7998046875,0.0113181897073002,0.0197576406050701,15850.721558434248,16150.081642886618,16557.133152902905,18477.05078125,-13.461298591474858
2022-07-07,16132.900390625,0.0089494920315105,0.026122310504286,15877.595732928605,16149.407868288125,16552.9119313877,18477.05078125,-12.686821172801988
2022-07-08,16220.599609375,0.0054360478665673,0.0243931711455527,15910.262768780642,16152.199701271924,16549.60534111892,18477.05078125,-12.212182553315188
2022-07-11,16216.0,-0.0002835659276332,0.0251450065588798,15939.380600325345,16154.701673771064,16546.285884988385,18477.05078125,-12.237076187204355
2022-07-12,16058.2998046875,-0.0097249750439381,0.0112502107834799,15950.706238836025,16150.921208316808,16541.43030209982,18477.05078125,-13.09056843106683
2022-07-13,15966.650390625,-0.0057072925015229,0.0151800300148334,15952.224729482594,16143.69490174066,16535.711099000568,18477.05078125,-13.586585978171827
2022-07-14,15938.650390625,-0.0017536552323109,0.0158606603675817,15950.93193530568,16135.653940520437,16529.77019642967,18477.05078125,-13.738125313813065
2022-07-15,16049.2001953125,0.0069359576863876,0.0227241244162288,15960.290817211093,16132.263597571104,16524.988405373777,18477.05078125,-13.1398166010412
2022-07-18,16278.5,0.0142873041582765,0.0294801469826231,15990.596453667178,16137.99835845067,16522.535784424785,18477.05078125,-11.8988187415766
2022-07-19,16340.5498046875,0.0038117642711243,0.0306926414792745,16023.925344240542,16145.941552420742,16520.724978656257,18477.05078125,-11.562997806611875
2022-07-20,16520.849609375,0.0110338885069691,0.0374680930121773,16071.251464729536,16160.643829164046,16520.726218762913,18477.05078125,-10.587193784519432
2022-07-21,16605.25,0.005108719746296,0.0428206031782283,16122.108468088629,16178.07936527526,16521.567251412038,18477.05078125,-10.13040881583468
2022-07-22,16719.44921875,0.0068772959606149,0.0613905693192344,16178.998063389712,16199.309555607602,16523.53622621142,18477.05078125,-9.512349039401702
2022-07-25,16631.0,-0.0052901993117577,0.0639005901693419,16222.045866876406,16216.2385926426,16524.6055174929,18477.05078125,-9.991046748236045
2022-07-26,16483.849609375,-0.008847958067765,0.0416960141576432,16246.979556638176,16226.73314231838,16524.19998606884,18477.05078125,-10.787442192331063
2022-07-27,16641.80078125,0.0095821774414373,0.0495552792934725,16284.581578029778,16243.010304629424,16525.370143234824,18477.05078125,-9.932591633413493
2022-07-28,16929.599609375,0.0172937311236929,0.0698380923458474,16346.011866729325,16269.93537540376,16529.392326977515,18477.05078125,-8.374990090113899
2022-07-29,17158.25,0.0135059538264792,0.0896582904194986,16423.367879421767,16304.771243034986,16535.649617256346,18477.05078125,-7.137506936920268
2022-08-01,17340.05078125,0.0105955316684394,0.1038009312944963,16510.67101292922,16345.370440612043,16543.653608937875,18477.05078125,-6.15357945086018
2022-08-02,17345.44921875,0.0003113276638058,0.0993126070076912,16590.173699197865,16384.5892162253,16551.63167470715,18477.05078125,-6.124362463994082
2022-08-03,17388.150390625,0.0024618083588656,0.1030955688190644,16666.17147933378,16423.944556397837,16559.955244019766,18477.05078125,-5.893258634814091
2022-08-04,17382.0,-0.0003537116074355,0.0942294893385713,16734.345624159134,16461.515358107725,16568.134793830515,18477.05078125,-5.926545281572892
2022-08-05,17397.5,0.0008917270739845,0.0785301365404584,16797.503183763027,16498.22063818193,16576.387183941657,18477.05078125,-5.842657435057208
2022-08-08,17525.099609375,0.0073343646716481,0.0778839656001189,16866.798081440356,16538.49040175813,16585.827108572834,18477.05078125,-5.1520731481726205
2022-08-10,17534.75,0.0005506610997998,0.076108061588177,16930.412549874607,16577.55940561075,16595.269127393007,18477.05078125,-5.09984408445866
2022-08-11,17659.0,0.0070859293688247,0.0874973696344527,16999.80183083893,16619.96884068484,16605.853514185117,18477.05078125,-4.427388282550671
2022-08-12,17698.150390625,0.0022170219505635,0.0885642913982132,17066.31121748522,16662.25047009426,16616.722139821337,18477.05078125,-4.215501704500413
2022-08-16,17825.25,0.0071815193435313,0.09491037694482,17138.591101534246,16707.858294796446,16628.747292658936,18477.05078125,-3.52762347718083
2022-08-17,17944.25,0.0066759231988331,0.1020743447619341,17215.320520435747,16756.344244020114,16641.836871836458,18477.05078125,-2.8835813007055844
2022-08-18,17956.5,0.000682669936052,0.0972904335857669,17285.90904229901,16803.40917562717,16654.918096992315,18477.05078125,-2.817282841362545
2022-08-19,17758.44921875,-0.011029475746944,0.0743748684700125,17330.912868627674,16840.86172633787,16665.898506164034,18477.05078125,-3.8891572632858575
2022-08-22,17490.69921875,-0.0150773300473388,0.0560070997638992,17346.13061625837,16866.345549569716,16674.105478428573,18477.05078125,-5.3382521603551725
2022-08-23,17577.5,0.0049626821755044,0.0579550764546665,17368.165795662335,16894.233959390513,16683.094478643216,18477.05078125,-4.868475991649268
2022-08-24,17604.94921875,0.0015616110795051,0.0625329841118693,17390.71659786116,16922.105146032063,16692.26716262438,18477.05078125,-4.719917549747632
2022-08-25,17522.44921875,-0.0046861822192667,0.065162105635087,17403.262561755335,16945.64805084453,16700.52768059578,18477.05078125,-5.166417377976273
2022-08-26,17558.900390625,0.0020802555293466,0.0644048399620089,17418.085212123875,16969.69716220847,16709.068702586123,18477.05078125,-4.96913929335906
2022-08-29,17312.900390625,-0.0140099889245538,0.0414025478762116,17408.067610076363,16983.156112342454,16715.076978088997,18477.05078125,-6.3005205993499125
2022-08-30,17759.30078125,0.0257842637890255,0.0676088985470253,17441.518388283377,17013.593158181968,16725.467264687613,18477.05078125,-3.884548505589181
2022-09-01,17542.80078125,-0.0121907952721076,0.0544512721333283,17451.164330470674,17034.346398302285,16733.599936494204,18477.05078125,-5.056272297243735
2022-09-02,17539.44921875,-0.0001910505934481,0.0499395421195356,17459.572415068706,17054.154352045334,16741.61833731267,18477.05078125,-5.074411352765518
2022-09-05,17665.80078125,0.0072038500710118,0.0433965977358998,17479.213211847877,17078.14048652395,16750.814182525977,18477.05078125,-4.390581644248304
2022-09-06,17655.599609375,-0.0005774531254664,0.0305506831867898,17496.01191637427,17100.78594232203,16759.81702259413,18477.05078125,-4.445791601701854
2022-09-07,17624.400390625,-0.0017671004916441,0.032100161957397,17508.239390112434,17121.319842255478,16768.419842176525,18477.05078125,-4.614645490341163
2022-09-08,17798.75,0.0098925129655895,0.0327605130846559,17535.907067244585,17147.885730794478,16778.671883547904,18477.05078125,-3.671044634127008
2022-09-09,17833.349609375,0.0019439347917691,0.0294251778783976,17564.234928399863,17174.766667209402,16789.166189277526,18477.05078125,-3.4837874263365154
2022-09-12,17936.349609375,0.005775695663245,0.0321415140589973,17599.674421826065,17204.632664941386,16800.580949676507,18477.05078125,-2.9263391559419705
2022-09-13,18070.05078125,0.0074542019299801,0.0407756658355265,17644.47217034263,17238.570630286824,16813.21249028918,18477.05078125,-2.2027324859279607
2022-09-14,18003.75,-0.0036690976717561,0.0374708272106492,17678.689106500475,17268.577664393222,16825.058634664412,18477.05078125,-2.561560212467961
2022-09-15,17877.400390625,-0.0070179606679163,0.0292557474056163,17697.613990702812,17292.45306542192,16835.529696912778,18477.05078125,-3.245379350440003
2022-09-16,17530.849609375,-0.0193848531485446,0.0101149977368675,17681.731668671593,17301.801949498513,16842.44830300693,18477.05078125,-5.12095346317486
2022-09-19,17622.25,0.0052136885924867,0.0139384349827387,17676.066747845725,17314.368539714258,16850.207523872534,18477.05078125,-4.6262836605798
2022-09-20,17816.25,0.0110088098852303,0.0169412164471673,17689.41753376518,17334.050165607816,16859.819886819078,18477.05078125,-3.5763325493512355
2022-09-21,17718.349609375,-0.0054950054374517,0.0050398258246122,17692.172969537543,17349.12073203006,16868.362471123117,18477.05078125,-4.106181126291586
2022-09-22,17629.80078125,-0.0049975776569025,0.0025390963189488,17686.232761129206,17360.127792783784,16875.938971721396,18477.05078125,-4.585417932929891
2022-09-23,17327.349609375,-0.0171556772324205,-0.0039978835130584,17652.053413343092,17358.842373826577,16880.430619857252,18477.05078125,-6.222319706138846
2022-09-26,17016.30078125,-0.0179513217622564,-0.031072726269787,17591.50554361994,17345.409370196125,16881.782561761658,18477.05078125,-7.90575301921197
2022-09-27,17007.400390625,-0.0005230508522044,-0.0307323613336546,17535.876481429947,17332.1541160953,16883.032490407066,18477.05078125,-7.953922993578388
2022-09-28,16858.599609375,-0.0087491784653945,-0.054107184929893,17471.37392218662,17313.583351125875,16882.789377162968,18477.05078125,-8.75925054834703
2022-09-29,16818.099609375,-0.0024023347691036,-0.0579783822883634,17409.157320966464,17294.152616155254,16882.145697881497,18477.05078125,-8.97844137311382
2022-09-30,17094.349609375,0.016425755966269,-0.0426068751585435,17379.17563414823,17286.317204124654,16884.2571795879,18477.05078125,-7.483343463439129
2022-10-03,16887.349609375,-0.0121092644487904,-0.0485249551488602,17332.335060360303,17270.671416095258,16884.287950033544,18477.05078125,-8.603652123358263
2022-10-04,17274.30078125,0.0229136709327191,-0.0246735124312624,17326.80798615932,17270.81374414054,16888.168674722267,18477.05078125,-6.50942628366058
2022-10-06,17331.80078125,0.0033286441360573,-0.0162531027960445,17327.283490453672,17273.20539265464,16892.582924538463,18477.05078125,-6.198229433683045
2022-10-07,17314.650390625,-0.0009895331040011,-0.0124001688871163,17326.080338089036,17274.830686692694,16896.782600817933,18477.05078125,-6.291049390872338
2022-10-10,17241.0,-0.0042536458411471,-0.0254504345368473,17317.977448747224,17273.503993096903,16900.207649566015,18477.05078125,-6.689654078909124
2022-10-11,16983.55078125,-0.0149323831999303,-0.0470618249739342,17286.127289937966,17262.13327890683,16901.036934458392,18477.05078125,-8.082999920720912
2022-10-12,17123.599609375,0.0082461453396196,-0.0296044650699874,17270.648463217683,17256.700585984014,16903.25148843766,18477.05078125,-7.325038978885335
2022-10-13,17014.349609375,-0.0063800837728176,-0.0436191540379324,17246.239048566,17247.196626116995,16904.356942377337,18477.05078125,-7.916312993842656
2022-10-14,17185.69921875,0.0100708880038873,-0.0396475049719821,17240.473350488286,17244.784963082995,16907.156368012886,18477.05078125,-6.988948495018632
2022-10-17,17311.80078125,0.0073375869608156,-0.0353365781753933,17247.266439132258,17247.413034383662,16911.18268058241,18477.05078125,-6.306471816283921
2022-10-18,17486.94921875,0.010117285874136,-0.0280681094560739,17270.093370524424,17256.806610241165,16916.911700862685,18477.05078125,-5.358547607092834
2022-10-19,17512.25,0.0014468379208691,-0.0357619722769005,17293.155906664957,17266.823998074844,16922.835465033208,18477.05078125,-5.221616764884651
2022-10-20,17563.94921875,0.002952174549244,-0.04223897361028,17318.94574591115,17278.475967513084,16929.214706363724,18477.05078125,-4.941814434079439
2022-10-21,17576.30078125,0.0007032337856462,-0.0487496630638725,17343.455749276756,17290.155371973357,16935.653373775527,18418.75,-4.874966306387252
2022-10-24,17730.75,0.0087873563767617,-0.0373532405836444,17380.340916012305,17307.433592680285,16943.564782991692,18308.099609375,-4.039068734970009
2022-10-25,17656.349609375,-0.004196122026705,-0.0334079693566393,17406.627458237323,17321.116573727137,16950.657169323866,18308.099609375,-4.441732512354324
2022-10-27,17736.94921875,0.0045649078749665,-0.0242682348597916,17438.086673524245,17337.423736277055,16958.480970810695,18308.099609375,-4.005517824581806
2022-10-28,17786.80078125,0.0028106052447454,-0.0181121398572415,17471.2975409267,17355.046365491682,16966.72295897427,18308.099609375,-3.735715229512959
2022-10-31,18012.19921875,0.0126722303955641,-0.0062454439314648,17522.81198643368,17380.81706561946,16977.125707827763,18308.099609375,-2.5158320340371576
2022-11-01,18145.400390625,0.0073950532223929,-0.006732937606465,17582.106120166187,17410.8007254236,16988.75033153719,18308.099609375,-1.7949314235881753
2022-11-02,18082.849609375,-0.0034471976315451,-0.0070342082576952,17629.79597628131,17437.155583617772,16999.636891515678,18308.099609375,-2.1334637033905035
2022-11-03,18052.69921875,-0.0016673473084335,0.0109450905794565,17670.072475564044,17461.29454970139,17010.115123627464,18308.099609375,-2.296641209270367
2022-11-04,18117.150390625,0.0035701681556883,0.0252098694888363,17712.65132461747,17487.014386600356,17021.130399915997,18308.099609375,-1.9478237890119157
2022-11-07,18202.80078125,0.0047275862251119,0.0152345631216448,17759.332225249138,17515.0844412925,17032.88831415813,18308.099609375,-1.4842736714146043
2022-11-09,18157.0,-0.0025161392359563,0.014984154629331,17797.205346653984,17540.2576004575,17044.073505062028,18308.099609375,-1.7321529557886906
2022-11-10,18028.19921875,-0.0070937259046097,0.011161465950233,17819.20476304408,17559.392565880735,17053.865800720614,18308.099609375,-2.4292381279564457
2022-11-11,18349.69921875,0.0178331732470333,0.0241615923950568,17869.728044539883,17590.384983640313,17066.75966557663,18349.69921875,-0.6892418276472578
2022-11-14,18329.150390625,-0.0011198455015547,0.0144228285118155,17913.482553690847,17619.356176071087,17079.320767318404,18349.69921875,-0.8004545334425628
2022-11-15,18403.400390625,0.0040509242609507,0.0199038691342117,17960.141395303624,17650.10300801438,17092.495688943345,18403.400390625,-0.3986046880367855
2022-11-16,18409.650390625,0.0003396111515991,0.0217820298876745,18002.951775810423,17679.889179881462,17105.601705875502,18409.650390625,-0.3647789434740089
2022-11-17,18343.900390625,-0.0035714963948192,0.0263125946383693,18035.42307245943,17705.928835204737,17117.92308582326,18409.650390625,-0.7206257762744084
2022-11-18,18307.650390625,-0.0019761337135545,0.0113187438717874,18061.349483713293,17729.525758946707,17129.761168458102,18409.650390625,-0.91681509473851
2022-11-21,18159.94921875,-0.0080677295405768,0.0027885994427545,18070.73993466917,17746.40511031154,17140.011795824194,18409.650390625,-1.7161914325731331
2022-11-22,18244.19921875,0.0046393301536886,0.0136117166670826,18087.259866486394,17765.926447897364,17150.998735355795,18409.650390625,-1.2602203958669178
2022-11-23,18267.25,0.0012634580983039,0.0205937096557886,18104.40178396388,17785.586195038642,17162.10571311345,18409.650390625,-1.1354668217013253
2022-11-24,18484.099609375,0.0118709498898301,0.0404901150866938,18140.56348162208,17812.978877953796,17175.25988123546,18484.099609375,0.0
2022-11-25,18512.75,0.0015500019600884,0.0629400868471687,18176.009816705693,17840.420882739923,17188.56824062615,18512.75,0.0
2022-11-28,18562.75,0.0027008413120686,0.0605255802042354,18212.842215114677,17868.74751478934,17202.24169096818,18562.75,0.0
2022-11-29,18618.05078125,0.0029791265437502,0.0690781792778472,18251.43350712756,17898.131956611327,17216.329343607802,18618.05078125,0.0
2022-11-30,18758.349609375,0.0075356346254191,0.0696899057309858,18299.711231151126,17931.865982209903,17231.672828839317,18758.349609375,0.0
2022-12-01,18812.5,0.0028867353340049,0.1048986055931822,18348.54825675578,17966.40064957422,17247.402452432958,18812.5,0.0
2022-12-02,18696.099609375,-0.006187396179402,0.0962915023119415,18381.64838557666,17995.016295056605,17261.817349516958,18812.5,-0.6187396179402005
2022-12-05,18701.05078125,0.0002648237856262,0.1011500566161549,18412.067661355075,18022.70392196615,17276.13808018097,18812.5,-0.592421096345519
2022-12-06,18642.75,-0.0031175136590962,0.0859706514159641,18434.037407892687,18047.019454438065,17289.736208736384,18812.5,-0.9023255813953468
2022-12-07,18560.5,-0.0044119027503989,0.0665942357972735,18446.08146428386,18067.155946420888,17302.380624569854,18812.5,-1.3395348837209275
2022-12-08,18609.349609375,0.0026319123609277,0.082146601080558,18461.6308114354,18088.41844300733,17315.385291085327,18812.5,-1.0798691860465115
2022-12-09,18496.599609375,-0.0060587824059793,0.0936805930242872,18464.96117314393,18104.425547570765,17327.138667386716,18812.5,-1.679204734219264
2022-12-12,18497.150390625,2.977743269738653e-05,0.0768745586715287,18468.02681290403,18119.826521808187,17338.78057508063,18812.5,-1.6762769933554855
2022-12-13,18608.0,0.0059927938646799,0.0651554830492708,18481.357592627457,18138.97057977649,17351.4096240848,18812.5,-1.0870431893687749
2022-12-14,18660.30078125,0.0028106610731943,0.0652772157878791,18498.3998010677,18159.414901402903,17364.43341669341,18812.5,-0.8090323920265763
2022-12-15,18414.900390625,-0.0131509343553336,0.0516009416240808,18490.44747626363,18169.43394019593,17374.885824394223,18812.5,-2.1134862956810663
2022-12-16,18269.0,-0.0079229530179417,0.0518618743972478,18469.357240429,18173.3384915608,17383.78248285796,18812.5,-2.8890365448504984
2022-12-19,18420.44921875,0.0082899566889265,0.0632355051644528,18464.699333602428,18183.02910831332,17394.097574757387,18812.5,-2.083990863787377
2022-12-20,18385.30078125,-0.0019081205394395,0.0675845380877739,18457.13756671172,18190.96133078142,17403.96029322995,18812.5,-2.270826411960136
2022-12-21,18199.099609375,-0.0101277196435586,0.0551181093446051,18432.562523155844,18191.28047896156,17411.872127221442,18812.5,-3.260600083056475
2022-12-22,18127.349609375,-0.0039425027358517,0.0672438619009059,18403.494626605287,18188.7733860366,17418.991306148346,18812.5,-3.641995431893685
2022-12-23,17806.80078125,-0.0176831602541178,0.0717820670618951,18346.666641333355,18173.79406820183,17422.85010689563,18812.5,-5.345909468438537
2022-12-26,18014.599609375,0.0116696328935068,0.0741614187098032,18315.041209718274,18167.55114824784,17428.738161646666,18812.5,-4.241330980066449
2022-12-27,18132.30078125,0.0065336546149905,0.0694084566747186,18297.63735938796,18166.16878091459,17435.7387847273,18812.5,-3.615676910299004
2022-12-28,18122.5,-0.0005405150382313,0.0614962228744866,18280.957610874822,18164.45627970225,17442.572229655387,18812.5,-3.667774086378739
2022-12-29,18191.0,0.0037798317009243,0.069822833198559,18272.390219362933,18165.49720991001,17450.01927214638,18812.5,-3.303654485049834
2022-12-30,18105.30078125,-0.0047110779368918,0.059641570341649,18256.47693954265,18163.136565648834,17456.539486167312,18812.5,-3.759198504983386
2023-01-02,18197.44921875,0.0050895833553579,0.055949935081891,18250.855251848112,18164.48215988809,17463.911722312416,18812.5,-3.269372923588043
2023-01-03,18232.55078125,0.0019289276248581,0.0591945435584577,18249.111968934005,18167.15151758856,17471.559872152593,18812.5,-3.082786544850502
2023-01-04,18042.94921875,-0.0103990694870288,0.0487678723839526,18229.477421297437,18162.280839202736,17477.245338287892,18812.5,-4.090635382059804
2023-01-05,17992.150390625,-0.0028154392892826,0.0367694907326436,18206.87484694768,18155.60905690557,17482.36877164448,18812.5,-4.360662375415281
2023-01-06,17859.44921875,-0.0073755037054461,0.0132618852221952,18173.786691881232,18143.99494560535,17486.120815894286,18812.5,-5.066050664451827
2023-01-09,18101.19921875,0.0135362517084902,0.0166214582075512,18166.873599202067,18142.316681807104,17492.24099900728,18812.5,-3.7810008305647846
2023-01-10,17914.150390625,-0.0103335047509585,-0.0006192164335225,18142.804722194727,18133.368984113687,17496.439102406464,18812.5,-4.775280315614616
2023-01-11,17895.69921875,-0.0010299775022909,0.0084413202389064,18119.2708647238,18124.04860115825,17500.41183988252,18812.5,-4.8733596345515
2023-01-12,17858.19921875,-0.0020954755408891,0.0025543573964414,18094.406898440586,18113.623135181457,17503.97191330409,18812.5,-5.072695182724251
2023-01-13,17956.599609375,0.0055100959183882,-0.0025940338631479,18081.28239472005,18107.465349855716,17508.47567147395,18812.5,-4.549636627906972
2023-01-16,17894.849609375,-0.0034388470725693,-0.008911310282043,18063.526891353857,18099.12747768,17512.320188268986,18812.5,-4.877875830564782
2023-01-17,18053.30078125,0.0088545685118242,-0.0087330208093044,18062.55297610587,18097.3303523298,17517.703079741434,18812.5,-4.03561046511628
2023-01-18,18165.349609375,0.00620655632356,-0.0050636532287033,18072.34313165531,18099.997774174717,17524.14732381739,18812.5,-3.440002076411963
2023-01-19,18107.849609375,-0.003165367099256,-0.008101578441039,18075.724700961942,18100.30568928061,17529.95530675826,18812.5,-3.745649916943517
2023-01-20,18027.650390625,-0.0044289753051891,-0.0153183140103951,18071.14619521557,18097.45646188235,17534.907496647484,18812.5,-4.171958056478409
2023-01-23,18118.55078125,0.0050422760956287,0.0003036484613454,18075.66091769504,18098.283690092845,17540.714892514177,18812.5,-3.68876661129568
2023-01-24,18118.30078125,-1.3798013043020418e-05,0.0100287866647807,18079.721857081226,18099.068674059792,17546.462015785182,18812.5,-3.6900955149501646
2023-01-25,17891.94921875,-0.0124929796250122,0.0075997757926451,18061.838748668728,18090.946342479016,17549.899699396774,18812.5,-4.893293189368775
2023-01-27,17604.349609375,-0.0160742469061787,-0.0007266090693539,18018.26835445028,18071.864117651407,17550.44148954581,18812.5,-6.422061877076413
2023-01-30,17648.94921875,0.0025334426073457,0.0291472800765437,17983.095103431202,18055.279219655276,17551.421665955804,18812.5,-6.184987541528242
2023-01-31,17662.150390625,0.0007479862801675,0.0222365031295534,17952.5289403068,18039.86240283056,17552.523444310722,18812.5,-6.114815199335544
2023-02-01,17616.30078125,-0.0025959245256645,0.0295818785381529,17920.50721087282,18023.25214316073,17553.15804467828,18812.5,-6.35853405315615
2023-02-02,17610.400390625,-0.0003349392530399,0.0297305976863473,17890.973227992075,18007.06187835541,17553.72762025984,18812.5,-6.389898255813953
2023-02-03,17854.05078125,0.0138355963078902,0.0296543040140897,17887.45680449283,18001.061443174804,17556.71591041895,18812.5,-5.0947466777408685
2023-02-06,17764.599609375,-0.0050101331608701,0.0106816639029476,17875.756119243513,17991.788430084616,17558.784404935926,18812.5,-5.570234634551497
2023-02-07,17721.5,-0.0024261514654264,-0.0032902137232846,17861.06506026794,17981.18888380679,17560.40346558333,18812.5,-5.799335548172757
2023-02-08,17871.69921875,0.0084755364246817,0.0177389787051729,17862.07783726623,17976.895171451622,17563.500935764096,18812.5,-5.000934385382061
2023-02-09,17893.44921875,0.0012170079483646,0.021531283471891,17865.065587883735,17973.6227811496,17566.784003256493,18812.5,-4.885319767441865
2023-02-10,17856.5,-0.0020649578680046,0.0373483992432854,17864.249817609092,17969.029730908438,17569.666749492746,18812.5,-5.081727574750827
2023-02-13,17770.900390625,-0.0047937507000251,0.0291977581551248,17855.35939599156,17961.25995285811,17571.669074280133,18812.5,-5.536742109634552
2023-02-14,17929.849609375,0.0089443537049958,0.0266865634785169,17862.453702028077,17960.028174682302,17575.23305970396,18812.5,-4.69182931893688
2023-02-15,18015.849609375,0.0047964707944361,0.0232877145435614,17877.062836061115,17962.217250552603,17579.617303979296,18812.5,-4.234686461794023
2023-02-16,18035.849609375,0.0011101336008929,0.0380494458553359,17892.18538590053,17965.104794035837,17584.156928908607,18812.5,-4.128374169435212
2023-02-17,17944.19921875,-0.0050815676893513,0.0653928317388943,17897.139084267146,17964.28496755404,17587.73943925529,18812.5,-4.615552325581396
2023-02-20,17844.599609375,-0.0055505184801407,0.0283620130173447,17892.13532475361,17959.591424096037,17590.295261843545,18812.5,-5.144985465116281
2023-02-21,17826.69921875,-0.001003126492992,0.0291244774193519,17885.90331465803,17954.37996506286,17592.64754002172,18812.5,-5.240137043189364
2023-02-22,17554.30078125,-0.0152803631315826,0.0144297572617468,17854.32212100012,17938.690585305496,17592.265980232947,18812.5,-6.688102159468434
2023-02-23,17511.25,-0.0024524349779846,0.0135995096244787,17821.648585666775,17921.928209411162,17591.4598510764,18812.5,-6.916943521594687
2023-02-24,17465.80078125,-0.002595429723749,0.0150610598077935,17787.758318579465,17904.040859287197,17590.209512073154,18812.5,-7.158534053156151
2023-02-27,17392.69921875,-0.0041854114458053,0.0175811196765336,17750.13364240523,17883.988245932796,17588.244235522674,18812.5,-7.547113787375414
2023-02-28,17303.94921875,-0.0051027157362857,0.0141062938625409,17707.6398877714,17861.241617415824,17585.415429385634,18812.5,-8.018874584717606
2023-03-01,17450.900390625,0.008492348770636,0.0740370434948494,17683.18850709079,17845.1498046005,17584.076971288512,18812.5,-7.237738787375414
2023-03-02,17321.900390625,-0.0073921687198044,0.0398297546247841,17648.780115046426,17824.630219738716,17581.468249092857,18812.5,-7.923453073089703
2023-03-03,17594.349609375,0.0157285986298278,0.0476630919638443,17643.59625736343,17815.59960756759,17581.596421831982,18812.5,-6.475218023255813
2023-03-06,17711.44921875,0.0066555236183669,0.0665725268358501,17650.058444162154,17811.51527859435,17582.888489463006,18812.5,-5.852761627906977
2023-03-08,17754.400390625,0.0024250512391459,0.0761513966730444,17659.99577239671,17809.275479066142,17584.59507554422,18812.5,-5.624449750830562
2023-03-09,17589.599609375,-0.0092822498999752,0.0827467572150155,17653.291375918452,17800.660739078256,17584.644871900746,18812.5,-6.500467192691028
2023-03-10,17412.900390625,-0.010045664635585,0.0976949699043319,17630.396996366693,17785.454450903617,17582.935971589544,18812.5,-7.439732142857148
2023-03-13,17154.30078125,-0.0148510359316261,0.0712432718760041,17585.05449968891,17760.703326603474,17578.670944819998,18812.5,-8.814348006644524
2023-03-14,17043.30078125,-0.0064706805258611,0.042700290208212,17533.458907456636,17732.569893452357,17573.34387851582,18812.5,-9.40438122923588
2023-03-15,16972.150390625,-0.0041746837386849,0.0227328872798249,17480.00095347267,17702.749520792462,17567.36185376069,18812.5,-9.782589285714282
2023-03-16,16985.599609375,0.0007924286811309,0.0213554297874638,17432.915111177655,17674.625994854523,17561.573174712077,18812.5,-9.711098421926913
2023-03-17,17100.05078125,0.0067381296219788,0.0135585277605994,17401.21374642264,17652.0936335367,17556.980912090563,18812.5,-9.10272009966777
2023-03-20,16988.400390625,-0.0065292432199922,0.0195283196678268,17361.898188727628,17626.066447540165,17551.32339446404,18812.5,-9.696210548172758
2023-03-21,17107.5,0.007010642946744,0.0077848405874372,17337.669789801188,17605.730508420944,17546.907241285295,18812.5,-9.06312292358804
2023-03-22,17151.900390625,0.0025953757489405,-0.0078180131669184,17319.977466070122,17587.933248899535,17542.976824860816,18812.5,-8.827107558139534
2023-03-23,17076.900390625,-0.0043726933046436,-0.0023776241808874,17296.82726840868,17567.892744653476,17538.33924840076,18812.5,-9.225778654485053
2023-03-24,16945.05078125,-0.0077209333285906,-0.0213940815309982,17263.32474582214,17543.467569618046,17532.435880568413,18812.5,-9.926640365448502
2023-03-27,16985.69921875,0.0023988383407489,-0.0150734339376561,17236.88421943432,17521.594300956553,17526.995714779176,18812.5,-9.710568936877074
2023-03-28,16951.69921875,-0.0020016838613549,-0.0157379501676561,17209.72374317867,17499.245474203355,17521.271371535106,18812.5,-9.891299833887048
2023-03-29,17080.69921875,0.0076098565893214,-0.0042150516673468,17197.435693233085,17482.831895558127,17516.887569019833,18812.5,-9.205585548172756
2023-03-31,17359.75,0.0163371989446239,0.0079984903031007,17212.894198639457,17478.00515455585,17515.324011119137,18812.5,-7.722259136212628
2023-04-03,17398.05078125,0.0022062979737611,0.0041990612987643,17230.52815888808,17474.86968893601,17514.157113309495,18812.5,-7.51866694352159
2023-04-05,17557.05078125,0.0091389548173612,0.0033603806809252,17261.625551493977,17478.092476869893,17514.58391597557,18812.5,-6.673484219269099
2023-04-06,17599.150390625,0.0023978747854371,0.0076955233040838,17293.77077426836,17482.83984603676,17515.42537343477,18812.5,-6.449698920265778
2023-04-10,17624.05078125,0.001414863221935,-0.0026257644571234,17325.226013028518,17488.377529770612,17516.50622326378,18812.5,-6.317338039867105
2023-04-11,17722.30078125,0.0055747683219642,-0.0183400136379259,17363.04265762104,17497.55099061294,17518.55393030842,18812.5,-5.795078903654483
2023-04-12,17812.400390625,0.0050839679614469,-0.0080746654218224,17405.83863219285,17509.898025907532,17521.477775684703,18812.5,-5.3161441029900285
2023-04-13,17828.0,0.0008757724412713,0.0011427453329673,17446.04447674591,17522.372613126845,17524.52774806595,18812.5,-5.23322259136213
2023-04-17,17706.849609375,-0.0067955121508301,0.0038152234690995,17470.883060805823,17529.60700513658,17526.341895939673,18812.5,-5.877211378737545
2023-04-18,17660.150390625,-0.0026373533282438,-0.0069836244494726,17488.908520788602,17534.726353587106,17527.673323747487,18812.5,-6.125446428571424
2023-04-19,17618.75,-0.0023442830162407,-0.0031795971832486,17501.27437595159,17538.021398544475,17528.57955933209,18812.5,-6.345514950166109
2023-04-20,17624.44921875,0.0003234746363958,0.0053706116440797,17513.00531336096,17541.410724827045,17529.533486291475,18812.5,-6.315220099667773
2023-04-21,17624.05078125,-2.260708945023282e-05,0.0084918379177814,17523.581072207537,17544.651511353437,17530.47395688808,18812.5,-6.317338039867105
2023-04-24,17743.400390625,0.0067719737565652,0.0331758238371395,17544.516245390154,17552.445585050362,17532.592627870537,18812.5,-5.682921511627903
2023-04-25,17769.25,0.0014568576938982,0.0477985919105397,17565.9194601149,17560.947718969957,17534.94742759322,18812.5,-5.545514950166108
2023-04-26,17813.599609375,0.0024958627615121,0.0395090492111045,17589.508045758717,17570.855636240743,17537.72008611841,18812.5,-5.309769518272423
2023-04-27,17915.05078125,0.0056951528101938,0.0300387051739745,17620.512115805508,17584.353485064636,17541.474620398327,18812.5,-4.770494186046514
2023-04-28,18065.0,0.0083700136036979,0.0520063721289649,17662.844295252602,17603.202368003276,17546.683828155557,18812.5,-3.9734219269103033
2023-05-02,18147.650390625,0.0045751669319125,0.0704084432761449,17709.016304335688,17624.55327085119,17552.663594946298,18812.5,-3.53408430232558
2023-05-03,18089.849609375,-0.0031850283648763,0.0516864789861482,17745.28614291086,17642.800186087417,17558.008729418227,18812.5,-3.841330980066449
2023-05-04,18255.80078125,0.0091737176073036,0.0714503922149198,17793.906584657445,17666.8394251134,17564.951933914064,18812.5,-2.9591985049833847
2023-05-05,18069.0,-0.0102324068655403,0.0477788803988825,17820.105957547214,17682.61042805013,17569.96733755671,18812.5,-3.952159468438543
2023-05-08,18264.400390625,0.0108141231183243,0.0679342879454429,17862.41971307843,17705.42572070013,17576.87711917928,18812.5,-2.913486295681067
2023-05-09,18265.94921875,8.480038171931881e-05,0.0701179111238909,17900.85109457096,17727.407034349144,17583.73355798098,18812.5,-2.905253322259138
2023-05-10,18315.099609375,0.0026908205008338,0.0981855925525103,17940.303334076107,17750.453801997217,17591.010832124204,18812.5,-2.643988787375417
2023-05-11,18297.0,-0.0009882342854272,0.0967681736159982,17974.274445116476,17771.88698623262,17598.035599963765,18812.5,-2.740199335548177
2023-05-12,18314.80078125,0.0009728797753729,0.115990602863889,18006.705524748242,17793.177723292127,17605.16759181736,18812.5,-2.6455772425249213
2023-05-15,18398.849609375,0.0045891205221868,0.1286357100726802,18044.052580426986,17816.929561962042,17613.064925325398,18812.5,-2.1988060631229267
2023-05-16,18286.5,-0.0061063388070606,0.1260125566069272,18067.142810862508,17835.344088943923,17619.765771839575,18812.5,-2.7960132890365474
2023-05-17,18181.75,-0.0057282694884204,0.1246142127717666,18078.057781256557,17848.928634475535,17625.357654706844,18812.5,-3.3528239202657795
2023-05-18,18129.94921875,-0.0028490536527011,0.1468844394452175,18082.9998229226,17859.94904954512,17630.378466289363,18812.5,-3.628176910299008
2023-05-19,18203.400390625,0.0040513721791914,0.1534169894514681,18094.46654365616,17873.41772958747,17636.08017697927,18812.5,-3.2377387873754104
2023-05-22,18314.400390625,0.0060977618257063,0.1560443001593772,18115.41262431986,17890.711167275214,17642.829631841418,18812.5,-2.647705564784053
2023-05-23,18348.0,0.0018346005688616,0.1284618784574189,18137.56380295606,17908.644062676187,17649.84625242011,18812.5,-2.469102990033223
2023-05-24,18285.400390625,-0.0034117947119577,0.1259275143028588,18151.64347797215,17923.418820634965,17656.170174193292,18812.5,-2.8018583887043147
2023-05-25,18321.150390625,0.0019551116867164,0.1588769933038998,18167.786993462894,17939.01613710516,17662.786892764754,18812.5,-2.6118251661129577
2023-05-26,18499.349609375,0.0097264208278746,0.1372911946047852,18199.364385454526,17960.9899987628,17671.110899895204,18812.5,-1.6645867940199288
2023-05-29,18598.650390625,0.0053677985089635,0.1470240070181301,18237.39162404219,17985.99628863975,17680.340148559182,18812.5,-1.1367421096345476
2023-05-30,18633.849609375,0.0018925684396833,0.1555767951292122,18275.14952740722,18011.402301217604,17689.82780488571,18812.5,-0.94963662790698
2023-05-31,18534.400390625,-0.0053370195013254,0.1565351256418254,18299.84008580891,18031.91203021397,17698.2315122065,18812.5,-1.478270348837207
2023-06-01,18487.75,-0.0025169624936233,0.143325791868867,18317.736268112825,18049.788029029118,17706.08741755768,18812.5,-1.7262458471760778
2023-06-02,18534.099609375,0.0025070443604549,0.1334142216001292,18338.342300613986,18068.78064002307,17714.326344839443,18812.5,-1.479869186046512
2023-06-05,18593.849609375,0.0032237875731377,0.1159836012246213,18362.6763300198,18089.371579997656,17723.077820108454,18812.5,-1.1622612126245824
2023-06-06,18599.0,0.0002769943144211,0.1214654074940322,18385.18334620839,18109.357008233044,17731.793463689464,18812.5,-1.1348837209302354
2023-06-07,18726.400390625,0.0068498516385289,0.1333706792528484,18417.6802075814,18133.55478793469,17741.690050027133,18812.5,-0.4576723421926942
2023-06-08,18634.55078125,-0.0049048192636628,0.1206730082541496,18438.33454793079,18153.20168963333,17750.57423640746,18812.5,-0.9459094684385329
2023-06-09,18563.400390625,-0.0038181972541345,0.1193357281370912,18450.24558056833,18169.28791320163,17758.662058837486,18812.5,-1.3241175249169457
2023-06-12,18601.5,0.0020524046550352,0.1226315212509769,18464.65076337135,18186.237406801567,17767.048506013234,18812.5,-1.1215946843853852
2023-06-13,18716.150390625,0.0061635024393194,0.1400920933077982,18488.60310882408,18207.018308127976,17776.49230586012,18812.5,-0.5121573920265798
2023-06-14,18755.900390625,0.0021238341844009,0.1467115256018341,18514.05999280512,18228.54309567688,17786.237659937382,18812.5,-0.3008617109634515
2023-06-15,18688.099609375,-0.0036149041015322,0.1341174074917381,18530.635194383205,18246.564919743472,17795.211410678057,18812.5,-0.661264534883721
2023-06-16,18826.0,0.007379048352023,0.1619696716998853,18558.76517587052,18269.287864067257,17805.468013556885,18826.0,0.0
2023-06-19,18755.44921875,-0.0037475183921172,0.1889801675058717,18577.496989478088,18288.353015231285,17814.92056286229,18826.0,-0.3747518392117288
2023-06-20,18816.69921875,0.0032657175674986,0.1960704347140569,18600.27815417065,18309.0724741928,17824.888509687047,18826.0,-0.0494039161266335
2023-06-21,18856.849609375,0.002133763746672,0.2016740306440534,18624.713530856778,18330.553930474456,17835.156779335684,18856.849609375,0.0
2023-06-22,18771.25,-0.0045394438174043,0.2220388837258271,18638.669385060894,18347.83612927938,17844.471139740304,18856.849609375,-0.4539443817404343
2023-06-23,18665.5,-0.0056336152360657,0.2204858273122567,18641.22468172176,18360.29353597431,17852.640581135925,18856.849609375,-1.014748557361711
2023-06-26,18691.19921875,0.0013768299134766,0.2176557716441347,18645.984161438737,18373.270229416496,17860.984448176863,18856.849609375,-0.8784627021824698
2023-06-27,18817.400390625,0.0067519034171119,0.2032509288203026,18662.309516599333,18390.687098483497,17870.501024718636,18856.849609375,-0.2092036557919341
2023-06-28,18972.099609375,0.0082210728123248,0.2308914930471408,18691.81333495892,18413.48758910669,17881.462204665466,18972.099609375,0.0
2023-06-30,19189.05078125,0.0114352747635688,0.2334950197771377,18739.16928222473,18443.901831935844,17894.473036273273,19189.05078125,0.0
2023-07-03,19322.55078125,0.0069570924336936,0.2307945144672516,18794.729424989047,18478.35865347757,17908.682765079015,19322.55078125,0.0
2023-07-04,19389.0,0.0034389465191355,0.2246676986993414,18851.326622609136,18514.070078831395,17923.412289804597,19389.0,0.0
2023-07-05,19398.5,0.0004899685388621,0.2238646680145317,18903.43837283684,18548.75360515173,17938.089779458285,19398.5,0.0
2023-07-06,19497.30078125,0.0050932175812563,0.2340767045788185,18959.996697447616,18585.951533626176,17953.604316789548,19497.30078125,0.0
2023-07-07,19331.80078125,-0.0084883544577184,0.2250630237955673,18995.4066101907,18615.200523729072,17967.31771444587,19497.30078125,-0.848835445771845
2023-07-10,19355.900390625,0.0012466303397029,0.2287861345426336,19029.73935118444,18644.247577332837,17981.13445749243,19497.30078125,-0.7252305958216576
2023-07-11,19439.400390625,0.0043139300324381,0.2275952770323615,19068.75468827402,18675.430040599196,17995.644566279818,19497.30078125,-0.2969661866255912
2023-07-12,19384.30078125,-0.0028344294714754,0.2260125964234163,19098.806697128875,18703.22889317373,18009.46204105564,19497.30078125,-0.5795674040617427
2023-07-13,19413.75,0.0015192303855748,0.2141333998633772,19128.801297402315,18731.09246599045,18023.435055572503,19497.30078125,-0.4285248619149806
2023-07-14,19564.5,0.0077651149314275,0.2127081632121858,19170.29641193543,18763.775114382985,18038.769035119047,19564.5,0.0
2023-07-17,19711.44921875,0.0075110132510414,0.2152108857527928,19221.8347744892,18800.93880475032,18055.41261903577,19711.44921875,0.0
2023-07-18,19749.25,0.0019177068530324,0.2178866551554021,19272.064795966417,18838.12747907384,18072.266722328957,19749.25,0.0
2023-07-19,19833.150390625,0.0042482823714824,0.235071622266985,19325.501519267236,18877.147985409178,18089.787952859264,19833.150390625,0.0
2023-07-20,19979.150390625,0.0073614124394989,0.2513050578445674,19387.75379272988,18920.36376600588,18108.58757910569,19979.150390625,0.0
2023-07-21,19745.0,-0.011719737128305,0.2388125415947304,19421.77724104132,18952.702441848785,18124.870289761355,19979.150390625,-1.1719737128305097
2023-07-24,19672.349609375,-0.0036794322929856,0.2257526462359611,19445.641276120718,18980.923899398837,18140.26809393661,19979.150390625,-1.535604744203556
2023-07-25,19680.599609375,0.0004193703428323,0.2089934336317842,19468.01826024017,19008.362162535155,18155.59477568227,19979.150390625,-1.4943116970083548
2023-07-26,19778.30078125,0.0049643391875346,0.2103815977829788,19497.568976526814,19038.555833857303,18171.741104095883,19979.150390625,-1.0052960483707407
2023-07-27,19659.900390625,-0.0059863783008722,0.1900054086485176,19513.029111202835,19062.922287063884,18186.54865918573,19979.150390625,-1.5979157960080426
2023-07-28,19646.05078125,-0.0007044597937843,0.1831228545941796,19525.69784168352,19085.79007114961,18201.071068360496,19979.150390625,-1.6672361079543396
2023-07-31,19753.80078125,0.0054845628365591,0.1814863350341189,19547.42193116604,19111.98656958493,18216.52111525492,19979.150390625,-1.1279238854958629
2023-08-01,19733.55078125,-0.0010251191770254,0.1865522687300824,19565.148488316896,19136.361636709047,18231.615937802137,19979.150390625,-1.2292795467931603
2023-08-02,19526.55078125,-0.0104897492749598,0.1845868073283378,19561.472516215286,19151.663171789085,18244.50086161754,19979.150390625,-2.265359640054454
2023-08-03,19381.650390625,-0.0074206854169113,0.1646366066622993,19544.3465994924,19160.682278410102,18255.815782304184,19979.150390625,-2.990617660500572
2023-08-04,19517.0,0.0069833892701145,0.1528329346426002,19541.742161445505,19174.65552239402,18268.36487899768,19979.150390625,-2.3131633807704777
2023-08-07,19597.30078125,0.0041144018676027,0.142150323095304,19547.033458569746,19191.22984627073,18281.58812180616,19979.150390625,-1.911240477744136
2023-08-08,19570.849609375,-0.0013497354646058,0.1286500746893537,19549.30166340834,19206.11689580423,18294.41659431928,19979.150390625,-2.0436343551505143
2023-08-09,19632.55078125,0.0031527078847637,0.1318560005945364,19557.23015082183,19222.83979327269,18307.731362348444,19979.150390625,-1.734806548819201
2023-08-10,19543.099609375,-0.0045562684580157,0.1239320554710559,19555.88438496975,19235.399001747293,18320.023583711893,19979.150390625,-2.182529150261625
2023-08-11,19428.30078125,-0.0058741361615907,0.1177252779455759,19543.73356556787,19242.96377741407,18331.05121751824,19979.150390625,-2.757122293015424
2023-08-14,19434.55078125,0.0003216956578122,0.1170887070699813,19533.335205156643,19250.476993250773,18342.031312679752,19979.150390625,-2.7258396815039165
2023-08-16,19465.0,0.0015667570139761,0.1106926884219965,19526.827090379826,19258.88966018212,18353.205130464037,19979.150390625,-2.5734347085462628
2023-08-17,19365.25,-0.0051245825841254,0.1043927059125451,19511.438796057933,19263.060653900466,18363.27522866837,19979.150390625,-3.0727051882699974
2023-08-18,19310.150390625,-0.0028452826260957,0.0935019191701116,19492.268471730986,19264.907310242605,18372.696872070926,19979.150390625,-3.3484907361922667
2023-08-21,19393.599609375,0.0043215209131937,0.0957981021365999,19482.87143722089,19269.954067071325,18382.855108263007,19979.150390625,-2.930809217617003
2023-08-22,19396.44921875,0.0001469355577301,0.088144582474299,19474.64074974748,19274.914661254803,18392.940621800197,19979.150390625,-2.9165463019309668
2023-08-23,19444.0,0.0024515199000461,0.0835783050280729,19471.72258310486,19281.54545885265,18403.39892407084,19979.150390625,-2.6785442832249484
2023-08-24,19386.69921875,-0.0029469646806212,0.0796479948068944,19463.62511983297,19285.66913571137,18413.18300660496,19979.150390625,-2.9653471758889327
2023-08-25,19265.80078125,-0.0062361537740819,0.084880810476879,19444.784706634597,19284.889984556023,18421.666765556656,19979.150390625,-3.5704701923147453
2023-08-28,19306.05078125,0.0020891942389009,0.1037895363584977,19431.57195183606,19285.719819720496,18430.46660650883,19979.150390625,-3.369010174180598
2023-08-29,19342.650390625,0.001895758474361,0.1004210149694211,19423.10323172072,19287.95239112852,18439.543062072175,19979.150390625,-3.1858211563324024
2023-08-30,19347.44921875,0.0002480956863764,0.0989778486917851,19415.898087628277,19290.285600054853,18448.576954178425,19979.150390625,-3.161801976181222
2023-08-31,19253.80078125,-0.0048403506033882,0.0988076233456769,19400.46024892558,19288.85482284682,18456.58913156222,19979.150390625,-3.630532806416842
2023-09-01,19435.30078125,0.0094267101889176,0.1068632060596939,19403.77839486124,19294.59780160773,18466.327555937223,19979.150390625,-2.722085768122529
2023-09-04,19528.80078125,0.0048108337016425,0.1279912863026069,19415.685288803023,19303.78223218194,18476.89942882591,19979.150390625,-2.2540978999103123
2023-09-05,19574.900390625,0.0023605960187407,0.1022337327205968,19430.84863183369,19314.41431682677,18487.82481153038,19979.150390625,-2.02335931256461
2023-09-06,19611.05078125,0.0018467726478093,0.1178973657507742,19448.01074130191,19326.047119353167,18499.00118933853,19979.150390625,-1.8424187324188048
2023-09-07,19727.05078125,0.0059150323607803,0.1247246441559528,19474.585983201727,19341.772753153044,18511.220588263022,19979.150390625,-1.2618134627651378
2023-09-08,19819.94921875,0.004709190366575,0.1219389069408252,19507.47771992061,19360.524771411747,18524.24276369076,19979.150390625,-0.796836545910895
2023-09-11,19996.349609375,0.0089001434200508,0.1325783350205267,19554.036947487697,19385.459078782857,18538.89059300105,19996.349609375,0.0
2023-09-12,19993.19921875,-0.0001575482868895,0.1344045060043599,19595.861925703157,19409.292025448234,18553.361325595568,19996.349609375,-0.0157548286889519
2023-09-13,20070.0,0.0038413452699443,0.1276072757918394,19641.017932779043,19435.202142097325,18568.452257679197,20070.0,0.0
2023-09-14,20103.099609375,0.0016492082399102,0.1272755847733053,19685.02571150247,19461.394199637627,18583.72238058164,20103.099609375,0.0
2023-09-15,20192.349609375,0.0044396138771742,0.1257781014048047,19733.342273204613,19490.059117666544,18599.72862166416,20192.349609375,0.0
2023-09-18,20133.30078125,-0.0029243168460981,0.1141806420456155,19771.433559685127,19515.28428094433,18614.98804613765,20192.349609375,-0.2924316846098174
2023-09-20,19901.400390625,-0.011518249945432,0.1054030627299869,19783.811353107973,19530.4260891671,18627.78816896837,20192.349609375,-1.4408883779177262
2023-09-21,19742.349609375,-0.0079919391664983,0.104318814704625,19779.862615609592,19538.736815449764,18638.878332554512,20192.349609375,-2.2285668023055205
2023-09-22,19674.25,-0.0034494176591149,0.1222644902206433,19769.80427126582,19544.051057981145,18649.180538200737,20192.349609375,-2.565821310534633
2023-09-25,19674.55078125,1.5288066889551644e-05,0.1164607687014995,19760.732510311933,19549.168694187767,18659.383227186303,20192.349609375,-2.564331730293501
2023-09-26,19664.69921875,-0.0005007261720755,0.1037507454570967,19751.58648254413,19553.69930299413,18669.38637138097,20192.349609375,-2.6131203194898145
2023-09-27,19716.44921875,0.0026316191986632,0.1127700747206037,19748.2400764685,19560.081652631616,18679.804907175683,20192.349609375,-2.3568351372246776
2023-09-28,19523.55078125,-0.0097836296667737,0.1074175496080522,19726.8410959715,19558.64906944018,18688.20038850976,20192.349609375,-3.3121397017338072
2023-09-29,19638.30078125,0.0058775169171687,0.1333701474243156,19718.408685045644,19561.77266598174,18697.654123760905,20192.349609375,-2.743855167145892
2023-10-03,19528.75,-0.0055784246544688,0.1476495538629894,19700.345953136537,19560.477659472654,18705.923734469758,20192.349609375,-3.2863912432800846
2023-10-04,19436.099609375,-0.0047443072713306,0.1428024955588611,19675.179634683056,19555.60008888059,18713.189166060853,20192.349609375,-3.7452303205412254
2023-10-05,19545.75,0.0056415841052857,0.1593934521780022,19662.85300280848,19555.213810885278,18721.473353463232,20192.349609375,-3.2022009418596564
2023-10-06,19653.5,0.0055127073660514,0.1685921986717482,19661.962240636243,19559.068171242718,18730.7472504437,20192.349609375,-2.6685830019742784
2023-10-09,19512.349609375,-0.0071819467588469,0.1414502484887698,19647.71341861136,19557.236070777315,18738.524388343518,20192.349609375,-3.3676120568172374
2023-10-10,19689.849609375,0.0090968029762401,0.1659526251795127,19651.72638916028,19562.436601702717,18747.990310940844,20192.349609375,-2.488566262574498
2023-10-11,19811.349609375,0.0061706921287072,0.1468683948631242,19666.9286006093,19572.197896121237,18758.571000477503,20192.349609375,-1.886853225952012
2023-10-12,19794.0,-0.0008757409120068,0.1420625155935135,19679.03063864651,19580.89601784197,18768.873776592158,20192.349609375,-1.972774922587772
2023-10-13,19751.05078125,-0.002169809980297,0.1407132304527607,19685.88969984684,19587.568753661893,18778.64668211114,20192.349609375,-2.1854753739015687
2023-10-16,19731.75,-0.0009772027556287,0.1444666782669219,19690.257347480478,19593.22292018496,18788.130297214517,20192.349609375,-2.281059996906698
2023-10-17,19811.5,0.0040417094276989,0.1665110703394299,19701.80426676805,19601.782805667903,18798.313080326807,20192.349609375,-1.8861084358314464
2023-10-18,19671.099609375,-0.0070868127413371,0.1487712898055189,19698.880013683,19604.501111695638,18806.997523401915,20192.349609375,-2.581423212670564
2023-10-19,19624.69921875,-0.0023588102112444,0.1534204756164574,19691.81517607033,19605.29319432522,18815.13385867901,20192.349609375,-2.811215146361412
2023-10-20,19542.650390625,-0.0041808960845935,0.1371460737136323,19677.60900602792,19602.83661378796,18822.372829146138,20192.349609375,-3.21755135642241
2023-10-23,19281.75,-0.0133503074255556,0.1137922763577319,19639.908148310973,19590.244981874705,18826.943746269066,20192.349609375,-4.50962679921223
2023-10-25,19122.150390625,-0.008277236732921,0.0935098027345839,19590.59788567421,19571.88833123746,18829.881125814893,20192.349609375,-5.300023223910122
2023-10-26,18857.25,-0.0138530649123475,0.0768033804907992,19520.75522989572,19543.863298639917,18830.15345292121,20192.349609375,-6.611908149387102
2023-10-27,19047.25,0.0100757003274603,0.0844514387269199,19475.65949371517,19524.3882673207,18832.31361756876,20192.349609375,-5.670957721746994
2023-10-30,19140.900390625,0.0049167407696648,0.0890175713790741,19443.77767437325,19509.34952705813,18835.38413272355,20192.349609375,-5.207166273814057
2023-10-31,19079.599609375,-0.0032026069828995,0.0760740301101194,19409.094049135325,19492.496589109767,18837.81413746635,20192.349609375,-5.510750465034375
2023-11-01,18989.150390625,-0.0047406245729368,0.0754856360876725,19369.099414991484,19472.75752250252,18839.319970831115,20192.349609375,-5.958688523258204
2023-11-02,19133.25,0.0075885232572669,0.0787227140377642,19346.637565944675,19459.443502012226,18842.24464773827,20192.349609375,-5.245053843973047
2023-11-03,19230.599609375,0.0050879808383312,0.0811724854785007,19335.586331985654,19450.469231712726,18846.108876212267,20192.349609375,-4.76294249359408
2023-11-06,19411.75,0.0094199033989916,0.0777001611104279,19342.84001465369,19448.95083046909,18851.737146100702,20192.349609375,-3.865818611879524
2023-11-07,19406.69921875,-0.0002601919584787,0.0695106639133,19348.921843615244,19447.293904519323,18857.25915677383,20192.349609375,-3.8908319528116464
2023-11-08,19443.5,0.0018962926582819,0.0752453523652365,19357.92928708046,19447.14512394994,18863.092398994988,20192.349609375,-3.70858084305018
2023-11-09,19395.30078125,-0.002478937369815,0.074371236468923,19361.48847700137,19445.112012471516,18868.38800478857,20192.349609375,-3.947281240390877
2023-11-10,19425.349609375,0.0015492839458333,0.0722077805032157,19367.570489608384,19444.33701627165,18873.92991130187,20192.349609375,-3.7984683052629697
2023-11-13,19443.55078125,0.0009369804014345,0.0681625874452269,19374.806707859967,19444.306183525703,18879.59778065459,20192.349609375,-3.7083293554770025
2023-11-15,19675.44921875,0.0119267535086042,0.0836288604257311,19403.43932794473,19453.3706162796,18887.516700436638,20192.349609375,-2.559882334768071
2023-11-16,19765.19921875,0.0045615222809993,0.0963490573253402,19437.892650878566,19465.59918892549,18896.24985982284,20192.349609375,-2.115407066974917
2023-11-17,19731.80078125,-0.0016897597201204,0.0753201208381524,19465.88390139013,19476.038467055867,18904.563799339525,20192.349609375,-2.2808085093335206
2023-11-20,19694.0,-0.0019157289123818,0.0744633319214345,19487.60924411488,19484.58597815172,18912.418885913263,20192.349609375,-2.468011989766772
2023-11-21,19783.400390625,0.004539473475424,0.0749861422730875,19515.779829496794,19496.30419040557,18921.08536854721,20192.349609375,-2.0252681171889497
2023-11-22,19811.849609375,0.0014380348265852,0.0761665316286539,19543.97695138996,19508.67852056124,18929.94869432659,20192.349609375,-1.8843770406161144
2023-11-23,19802.0,-0.0004971574875239,0.0794868909188031,19568.550575067104,19520.181323676483,18938.625821746227,20192.349609375,-1.9331559572134505
2023-11-24,19794.69921875,-0.0003686890844358,0.0812255421310912,19590.08854113214,19530.946731326425,18947.143965,20192.349609375,-1.9693121321571083
2023-11-28,19889.69921875,0.0047992646389904,0.0952508170129708,19618.62289138146,19545.01545632343,18956.52262424129,20192.349609375,-1.4988369183370542
2023-11-29,20096.599609375,0.0104023891135545,0.1015336638464923,19664.14448357132,19566.64620742349,18967.86667384461,20192.349609375,-0.4741894918238953
2023-11-30,20133.150390625,0.0018187545137213,0.1021445696875555,19708.811712814528,19588.86205774512,18979.46153669815,20192.349609375,-0.2931764747303833
2023-12-01,20267.900390625,0.0066929416105065,0.0965046076869911,19762.05825355838,19615.491011975704,18992.2818238019,20267.900390625,0.0
2023-12-04,20686.80078125,0.0206681690037693,0.117435323290705,19850.128970481397,19657.503159790384,19009.14270895064,20686.80078125,0.0
2023-12-05,20855.099609375,0.0081355657602475,0.1234919184590106,19945.84045989983,19704.46772644076,19027.51043930312,20855.099609375,0.0
2023-12-06,20937.69921875,0.0039606432442005,0.1245913691371003,20040.303198837944,19752.829745747007,19046.517292829954,20937.69921875,0.0
2023-12-07,20901.150390625,-0.001745599062397,0.1142318394673205,20122.28864567481,19797.861927899085,19064.97135350453,20937.69921875,-0.1745599062397018
2023-12-08,20969.400390625,0.0032653705047074,0.1146525124584718,20202.96595471768,19843.804612711865,19083.92089616245,20969.400390625,0.0
2023-12-11,20997.099609375,0.0013209351833629,0.1230737987107313,20278.59773135171,19889.03186748297,19102.957500274017,20997.099609375,0.0
2023-12-12,20906.400390625,-0.0043196070141755,0.1179265077225566,20338.38846080631,19928.928672312068,19120.902205650644,20997.099609375,-0.4319607014175552
2023-12-13,20926.349609375,0.0009542158562574,0.1224926370505961,20394.384760669996,19968.04321886356,19138.86685643397,20997.099609375,-0.3369512995423984
2023-12-14,21182.69921875,0.0122500872899569,0.1412784794994745,20469.462328106183,20015.676787486555,19159.20349685503,21182.69921875,0.0
2023-12-15,21456.650390625,0.0129327792008919,0.1530037771881931,20563.48023882226,20072.185556237084,19182.06366495224,21456.650390625,0.0
2023-12-18,21418.650390625,-0.0017710126840955,0.1579777279586545,20644.925015184424,20124.9880987621,19204.318259237545,21456.650390625,-0.1771012684095518
2023-12-19,21453.099609375,0.0016083748565725,0.1598056541859647,20721.89402415496,20177.070903099862,19226.69419306976,21456.650390625,-0.0165486279794735
2023-12-20,21150.150390625,-0.0141214660942333,0.1366159926174226,20762.68034477115,20215.23088300281,19245.83306070713,21456.650390625,-1.4284615465138928
2023-12-21,21255.05078125,0.0049597940765233,0.139051885091114,20809.572767292942,20256.008133914464,19265.825276831936,21456.650390625,-0.9395670139784928
2023-12-22,21349.400390625,0.0044389265566107,0.1593546496452378,20860.984921896,20298.8862616286,19286.557367516445,21456.650390625,-0.4998450272874821
2023-12-26,21441.349609375,0.0043068759341071,0.1736465931017023,20916.25774927495,20343.688745853957,19307.99808634091,21456.650390625,-0.0713102043955804
2023-12-27,21654.75,0.0099527499207277,0.1755820796138802,20986.5903445821,20395.10291268321,19331.348851650957,21654.75,0.0
2023-12-28,21778.69921875,0.0057238813077962,0.184571276688642,21062.02928497904,20449.36159135249,19355.700596597213,21778.69921875,0.0
2023-12-29,21731.400390625,-0.0021717930740454,0.1940920626331639,21125.77891408818,20499.637622696515,19379.33940051789,21778.69921875,-0.2171793074045469
2024-01-01,21741.900390625,0.0004831718072126,0.1993976427409247,21184.45714994883,20548.353809674103,19402.8474700712,21778.69921875,-0.1689670616017213
2024-01-02,21665.80078125,-0.003500136051024,0.2167149533151067,21230.29940054894,20592.175259539825,19425.36441844113,21778.69921875,-0.5183892590003847
2024-01-03,21517.349609375,-0.0068518663756694,0.1944395143912678,21257.637515675237,20628.456606592183,19446.18019148525,21778.69921875,-1.200023962634078
2024-01-04,21658.599609375,0.0065644701863494,0.194476082801992,21295.82438174188,20668.8543714072,19468.19431504635,21778.69921875,-0.5514544655247478
2024-01-05,21710.80078125,0.0024101822286055,0.1980025262105118,21335.345943599797,20709.715014930447,19490.50880724738,21778.69921875,-0.3117653484168814
2024-01-08,21513.0,-0.009110708685643,0.1826177780220987,21352.26537754267,20741.21638689396,19510.633097722533,21778.69921875,-1.2199958137134814
2024-01-09,21544.849609375,0.0014804820050666,0.189974685849297,21370.60673295527,20772.73141522655,19530.874058037483,21778.69921875,-1.0737537950552656
2024-01-10,21618.69921875,0.0034277152411805,0.1880071189579069,21394.234588745247,20805.906623207866,19551.648437746066,21778.69921875,-0.7346627931857919
2024-01-11,21647.19921875,0.0013183031833516,0.187283089375051,21418.32645826951,20838.89848969971,19572.499689298344,21778.69921875,-0.6038009831495716
2024-01-12,21894.55078125,0.0114264926377058,0.2134685142547243,21463.68115569622,20880.296618780118,19595.604675287912,21894.55078125,0.0
2024-01-15,22097.44921875,0.0092670746948486,0.2281716603627384,21524.0400188442,20928.028093288736,19620.49865084475,22097.44921875,0.0
2024-01-16,22032.30078125,-0.0029482333845447,0.2336495102054474,21572.44580573999,20971.332904581337,19644.496681993063,22097.44921875,-0.2948233384544751
2024-01-17,21571.94921875,-0.0208943935120824,0.1917414397828873,21572.398511740943,20994.88648552913,19663.6753141996,22097.44921875,-2.378102534812509
2024-01-18,21462.25,-0.0050852715087356,0.1980612829527113,21561.908177289424,21013.21446648877,19681.57157972996,22097.44921875,-2.8745363886209296
2024-01-19,21622.400390625,0.0074619571864553,0.2082456307697882,21567.66934046424,21037.104110572545,19700.8833091916,22097.44921875,-2.1497903374381955
2024-01-23,21238.80078125,-0.0177408429427344,0.1893024890746306,21536.34852530098,21045.013783932445,19716.185970605115,22097.44921875,-3.8857355389753545
2024-01-24,21453.94921875,0.0101299710711508,0.1947668091651975,21528.50097229612,21061.05046765078,19733.47714720357,22097.44921875,-2.9121008204602283
2024-01-25,21352.599609375,-0.0047240537554001,0.1932259882300719,21511.74846154173,21072.48376732624,19749.58781846896,22097.44921875,-3.370749275183238
2024-01-29,21737.599609375,0.0180305914522447,0.2040789588988336,21533.25809466871,21098.56674152423,19769.36903031877,22097.44921875,-1.6284667330275449
2024-01-30,21522.099609375,-0.0099136981024832,0.1847886262683107,21532.195381783597,21115.17587359681,19786.80913558301,22097.44921875,-2.603692415714698
2024-01-31,21725.69921875,0.0094600254190029,0.1997945469738122,21550.624318637536,21139.117965563604,19806.10157422149,22097.44921875,-1.6823208702503312
2024-02-01,21697.44921875,-0.0013003033741542,0.2035650097826071,21564.60764245777,21161.01330882581,19824.92095376904,22097.44921875,-1.8101636801617584
2024-02-02,21853.80078125,0.0072059881750932,0.206156112875508,21592.149846152268,21188.181444999314,19845.108812748957,22097.44921875,-1.102608880726652
2024-02-05,21771.69921875,-0.0037568550808078,0.2016413394174787,21609.249786399672,21211.06449495032,19864.278866540008,22097.44921875,-1.4741520470317293
2024-02-06,21929.400390625,0.0072434021015312,0.2256574240465607,21639.740320135417,21239.23453007482,19884.827339416475,22097.44921875,-0.7604897129140475
2024-02-07,21930.5,5.014315737827957e-05,0.2457432672389758,21667.43171821776,21266.342979875808,19905.18229126308,22097.44921875,-0.7555135305315708
2024-02-08,21717.94921875,-0.0096920171108729,0.2305519693873419,21672.24290874464,21284.05302845911,19923.21977312862,22097.44921875,-1.7173927915534626
2024-02-09,21782.5,0.0029722318898448,0.2332869734572107,21682.743584102293,21303.59996851954,19941.720073893517,22097.44921875,-1.4252740921914198
2024-02-12,21616.05078125,-0.0076414194307357,0.2270482350220288,21676.39188859255,21315.85294156779,19958.38008093189,22097.44921875,-2.178524918122793
2024-02-13,21743.25,0.0058844800115076,0.2346823194079759,21682.75932777421,21332.61361052592,19976.13998062411,22097.44921875,-1.6028964033072968
2024-02-14,21840.05078125,0.0044519922849619,0.2232546579393637,21697.739466200477,21352.51310741706,19994.686356749746,22097.44921875,-1.1648332572322118
2024-02-15,21910.75,0.0032371361888359,0.2333939678796324,21718.02618370519,21374.40475026345,20013.75166663283,22097.44921875,-0.8448903622395587
2024-02-16,22040.69921875,0.0059308430222606,0.243726502765003,21748.756948947557,21400.53394510606,20033.920298992205,22097.44921875,-0.2568169721229529
2024-02-19,22122.25,0.0037000088082788,0.2378369694578652,21784.32771571445,21428.836535494054,20054.699699002234,22122.25,0.0
2024-02-20,22196.94921875,0.003376655573009,0.2405070116660623,21823.62500171784,21458.95860150409,20076.015614621618,22196.94921875,0.0
2024-02-21,22055.05078125,-0.00639270001033,0.2351273083331,21845.665552149472,21482.3347654157,20095.707506826875,22196.94921875,-0.6392700010330099
2024-02-22,22217.44921875,0.0073633218581414,0.2502151680772893,21881.07352039714,21511.16278319352,20116.81936465696,22217.44921875,0.0
2024-02-23,22212.69921875,-0.0002137959201901,0.2388670124224368,21912.65692024027,21538.67401596044,20137.67389056833,22217.44921875,-0.0213795920190107
2024-02-26,22122.05078125,-0.0040809285088362,0.2279215946462072,21932.59919271739,21561.55153616788,20157.418934256708,22217.44921875,-0.4293851943160565
2024-02-27,22198.349609375,0.0034489943486464,0.2307903475662349,21957.90875620859,21586.52400962698,20177.726702168333,22217.44921875,-0.0859667065600033
2024-02-28,21951.150390625,-0.0111359278099485,0.2233006401137205,21957.26510234349,21600.82308339161,20195.372709018648,22217.44921875,-1.198602168516549
2024-02-29,21982.80078125,0.0014418556686905,0.2319021587741827,21959.69707176316,21615.802600954685,20213.1580629712,22217.44921875,-1.0561448129786766
2024-03-01,22338.75,0.0161921687000685,0.2531063505297859,21995.797350642857,21644.15347934862,20234.30823149885,22338.75,0.0
2024-03-04,22405.599609375,0.0029925402887358,0.2763595593227355,22034.82613718877,21674.01411189868,20255.91312083095,22405.599609375,0.0
2024-03-05,22356.30078125,-0.0022002905070378,0.2766821775287316,22065.44276995651,21700.77045187324,20276.812500536616,22405.599609375,-0.2200290507037849
2024-03-06,22474.05078125,0.0052669715420341,0.2867460852626058,22104.35781865113,21731.095170672328,20298.6755680064,22474.05078125,0.0
2024-03-07,22493.55078125,0.000867667346212,0.293275442663959,22141.423815089114,21760.99539069498,20320.51512236704,22493.55078125,0.0
2024-03-11,22332.650390625,-0.0071531788017711,0.2906100282833737,22159.635869902057,21783.41323382949,20340.536368817364,22493.55078125,-0.7153178801771132
2024-03-12,22335.69921875,0.000136518866846,0.2799167217038967,22176.40380788757,21805.071507747944,20360.38873548336,22493.55078125,-0.701763647878928
2024-03-13,21997.69921875,-0.0151327252704165,0.2699356723385644,22159.384323207807,21812.625535630377,20376.68038208303,22493.55078125,-2.2044165784324665
2024-03-14,22146.650390625,0.0067712159528048,0.2587365195258111,22158.17156772373,21825.72454955173,20394.292023959068,22493.55078125,-1.5422215638544956
2024-03-15,22023.349609375,-0.0055674686273187,0.2434527145333913,22145.331381214328,21833.474551897747,20410.50155217216,22493.55078125,-2.09038215641324
2024-03-18,22055.69921875,0.0014688778023679,0.2422666343830033,22136.794984789158,21842.18924471548,20426.871678207764,22493.55078125,-1.9465648921244585
2024-03-19,21817.44921875,-0.0108021966402886,0.2403607645009506,22106.381102309235,21841.2190476188,20440.70827065097,22493.55078125,-3.005757379415519
2024-03-20,21839.099609375,0.0009923428906801,0.2541908079330104,22080.925722029784,21841.13593239355,20454.62261232982,22493.55078125,-2.909505832314085
2024-03-21,22011.94921875,0.0079146856998078,0.2831737941082104,22074.356531241232,21847.83449264282,20470.118399458377,22493.55078125,-2.14106508653783
2024-03-22,22096.75,0.0038524885010076,0.2965064856632406,22076.48924255159,21857.5958850882,20486.303788518493,22493.55078125,-1.7640646650628478
2024-03-26,22004.69921875,-0.0041658063402989,0.2965180435182131,22069.652097427628,21863.36464327102,20501.412200759605,22493.55078125,-2.173296547326331
2024-03-27,22123.650390625,0.0054057167831516,0.3024945188519641,22074.794792017856,21873.57192748098,20517.553874290606,22493.55078125,-1.6444730946318151
2024-03-28,22326.900390625,0.0091870010785439,0.3056628121307205,22098.80484902806,21891.349514270943,20535.55732221433,22493.55078125,-0.7408807628714431
2024-04-01,22462.0,0.0060509791780918,0.3221962917942287,22133.394863406334,21913.72796469169,20554.725906072897,22493.55078125,-0.1402658991318528
2024-04-02,22453.30078125,-0.0003872860275131,0.3124828748355983,22163.86209367716,21934.887682988094,20573.61719836322,22493.55078125,-0.1789401788602984
2024-04-03,22434.650390625,-0.0008306302403686,0.3079979407347468,22189.65145529124,21954.486220542483,20592.13494156981,22493.55078125,-0.2618545697733898
2024-04-04,22514.650390625,0.0035659124883635,0.3184272248250188,22220.60373484684,21976.453442898663,20611.26444852558,22514.650390625,0.0
2024-04-05,22513.69921875,-4.224679746289706e-05,0.3286297875047863,22248.517590456664,21997.521904696758,20630.1941477318,22514.650390625,-0.0042246797462897
2024-04-08,22666.30078125,0.0067781647528144,0.3344343667777512,22288.306465770314,22023.748527306685,20650.45391522949,22666.30078125,0.0
2024-04-09,22642.75,-0.0010390218270411,0.3357215526190567,22322.06299283981,22048.023094863285,20670.277756869,22666.30078125,-0.1039021827041186
2024-04-10,22753.80078125,0.0049044741142307,0.332135206518505,22363.180877450304,22075.70065119217,20691.009329250897,22753.80078125,0.0
2024-04-12,22519.400390625,-0.0103015928142499,0.2972191644824955,22378.058926324084,22093.10064097385,20709.202275135216,22753.80078125,-1.0301592814249916
2024-04-15,22272.5,-0.010963897188301,0.2801721457212451,22368.0056952456,22100.135909955272,20724.757476377654,22753.80078125,-2.115254439805992
2024-04-16,22147.900390625,-0.005594325260972,0.2614818209831564,22347.04328528173,22102.00902684428,20738.918102390067,22753.80078125,-2.6628535445571977
2024-04-18,21995.849609375,-0.0068652458503182,0.2498245154545701,22313.59626852871,22097.84591243372,20751.424883554097,22753.80078125,-3.3310969853422523
2024-04-19,22147.0,0.0068717686886063,0.2566350537052417,22297.72995724026,22099.77352371083,20765.311203120724,22753.80078125,-2.666810644444184
2024-04-22,22336.400390625,0.0085519659829773,0.2603555636668049,22301.41285565785,22109.053008687857,20780.9439313546,22753.80078125,-1.8344205200607755
2024-04-23,22368.0,0.0014147135985376,0.2557543907317903,22307.754488452345,22119.207792660884,20796.735534027688,22753.80078125,-1.695544339862176
2024-04-24,22402.400390625,0.0015379287654238,0.2565851688705969,22316.76838389736,22130.313384737907,20812.71229876995,22753.80078125,-1.544359089733116
2024-04-25,22570.349609375,0.0074969296067168,0.2746677194019307,22340.918976799992,22147.56970727269,20830.201227233683,22753.80078125,-0.8062440804446624
2024-04-26,22419.94921875,-0.0066636269808832,0.2695219872335723,22348.44566650952,22158.251256742395,20846.01961520897,22753.80078125,-1.4672342687253703
2024-04-29,22643.400390625,0.0099666225688024,0.285187677367861,22376.536592615757,22177.27671297309,20863.904001034007,22753.80078125,-0.4851953820215082
2024-04-30,22604.849609375,-0.0017025173156396,0.2825847394610514,22398.280689449966,22194.04427753787,20881.226842908047,22753.80078125,-0.6546210600461122
2024-05-02,22648.19921875,0.001917712797214,0.2850734203991927,22422.08245414521,22211.85427523246,20898.808657593043,22753.80078125,-0.464105155508876
2024-05-03,22475.849609375,-0.0076098592965534,0.2667160248071989,22427.203135595664,22222.20703343413,20914.500607362017,22753.80078125,-1.221559310232001
2024-05-06,22442.69921875,-0.0014749338156797,0.263007680051212,22428.678953038936,22230.85378579946,20929.706563694235,22753.80078125,-1.367250972665457
2024-05-07,22302.5,-0.006246985595782,0.2519928868426215,22416.66190989237,22233.663441258304,20943.366199876386,22753.80078125,-1.983408335111592
2024-05-08,22302.5,0.0,0.2449029741708537,22405.78934704548,22236.362914150137,20956.8899192806,22753.80078125,-1.983408335111592
2024-05-09,21957.5,-0.0154691178119045,0.215471907002491,22363.09512351733,22225.42711359523,20966.846238491737,22753.80078125,-3.499638539097094
2024-05-10,22055.19921875,0.004449469144939,0.2153198206939022,22333.77170401568,22218.75150987581,20977.67562137988,22753.80078125,-3.070263158301334
2024-05-13,22104.05078125,0.0022149680905385,0.2219035126635136,22311.89352089514,22214.253442086563,20988.88333441341,22753.80078125,-2.855566884172678
2024-05-14,22217.849609375,0.0051483245877055,0.2170295828487733,22302.936957893224,22214.394468254737,21001.11185456229,22753.80078125,-2.3554358106037565
2024-05-15,22200.55078125,-0.0007786004689536,0.2286540916071724,22293.185893451013,22213.85157856828,21013.046570250724,22753.80078125,-2.431461914072386
2024-05-16,22403.849609375,0.0091573776762647,0.2266403019107461,22303.725294967586,22221.30248173717,21026.88540646092,22753.80078125,-1.5379899614985315
2024-05-17,22466.099609375,0.002778540343975,0.2299442717334145,22319.189515387337,22230.902369095515,21041.2059457934,22753.80078125,-1.2644092942576737
2024-05-21,22529.05078125,0.0028020516676037,0.2300807127315864,22339.17630261235,22242.59446368981,21056.010372016848,22753.80078125,-0.9877470676688094
2024-05-22,22597.80078125,0.00305161547495,0.2350549697354758,22363.807205339748,22256.524123201973,21071.35157011867,22753.80078125,-0.6855997444108364
2024-05-23,22967.650390625,0.016366619608483,0.2540486060944988,22421.31608012882,22284.4114278068,21090.220215098838,22967.650390625,0.0
2024-05-24,22957.099609375,-0.0004593757337192,0.2477464676746625,22472.343082914173,22310.791356495745,21108.79612946974,22967.650390625,-0.0459375733719236
2024-05-27,22932.44921875,-0.0010737589261899,0.254064431069368,22516.16271489853,22335.170096191992,21126.94193135313,22967.650390625,-0.1532641401114642
2024-05-28,22888.150390625,-0.0019317094176221,0.2588529921830957,22551.59011258677,22356.855597934464,21144.46639363444,22967.650390625,-0.3461390200908409
2024-05-29,22704.69921875,-0.008015115627261,0.2523310983832647,22566.171932221365,22370.49652424096,21159.99109836196,22967.650390625,-1.1448762385478095
2024-05-30,22488.650390625,-0.0095155996581792,0.2354093140865572,22558.788928259804,22375.130009197197,21173.21158883224,22967.650390625,-2.08554202042156
2024-05-31,22530.69921875,0.0018697799732139,0.2302176832545002,22556.1137178303,22381.23076251299,21186.718928433413,22967.650390625,-1.902463527803244
2024-06-03,23263.900390625,0.0325423176953527,0.2679256807622083,22623.521972382176,22415.84525773307,21207.387400694028,23263.900390625,0.0
2024-06-04,21884.5,-0.0592935994164107,0.1968291386837923,22553.1389273934,22395.008188802363,21214.12483949309,23263.900390625,-5.929359941641077
2024-06-05,22620.349609375,0.0336242367600356,0.2346577112837802,22559.539944724977,22403.84510725619,21228.11712576057,23263.900390625,-2.766306468150725
2024-06-06,22821.400390625,0.0088880492442378,0.2336325801994516,22584.47903481069,22420.21982425105,21243.970690585094,23263.900390625,-1.9020886118405131
2024-06-07,23290.150390625,0.0205399314668071,0.2522494859285509,22651.68583060253,22454.33474842257,21264.33068760042,23290.150390625,0.0
2024-06-10,23259.19921875,-0.0013289382574128,0.2482229762683021,22709.54424852134,22485.898060984437,21284.180125721312,23290.150390625,-0.132893825741287
2024-06-11,23264.849609375,0.0002429314342191,0.2552253711505412,22762.430473364544,22516.44518052916,21303.88827978752,23290.150390625,-0.1086329664070517
2024-06-12,23322.94921875,0.0024973129141392,0.2615352987113089,22815.8132110203,22548.07278987116,21323.97843838416,23322.94921875,0.0
2024-06-13,23398.900390625,0.003256499474515,0.2624783983997401,22871.345323363606,22581.43857813601,21344.624427958697,23398.900390625,0.0
2024-06-14,23465.599609375,0.0028505279152657,0.2620086804156827,22927.940969650404,22616.11155975323,21365.72865861956,23465.599609375,0.0
2024-06-18,23557.900390625,0.0039334507869606,0.2666218823928705,22987.93710498132,22653.044455081534,21387.541312669364,23557.900390625,0.0
2024-06-19,23516.0,-0.0017786131162043,0.2557672328619449,23038.22880926881,22686.885848999904,21408.72000607564,23557.900390625,-0.1778613116204308
2024-06-20,23567.0,0.0021687361796223,0.264693754985122,23088.58797029083,22721.40012943128,21430.19542890076,23567.0,0.0
2024-06-21,23501.099609375,-0.0027962995130903,0.2659910961810459,23127.874793060757,22751.976579625152,21450.801440646774,23567.0,-0.279629951309035
2024-06-24,23537.849609375,0.001563756616109,0.26537373918098,23166.92001366211,22782.79512981142,21471.56808909183,23567.0,-0.1236915628845425
2024-06-25,23721.30078125,0.0077938798539154,0.2674241383063529,23219.718182003813,22819.59927300509,21493.9534890138,23721.30078125,0.0
2024-06-26,23868.80078125,0.0062180401218379,0.2726022363170923,23281.53557240821,22860.744430191164,21517.583810329583,23868.80078125,0.0
2024-06-27,24044.5,0.0073610408985447,0.2866209246839593,23354.19885122648,22907.16621724249,21542.727255002927,24044.5,0.0
2024-06-28,24010.599609375,-0.0014099020825968,0.2753957085612981,23416.713209145382,22950.438114973174,21567.283198827525,24044.5,-0.1409902082596836
2024-07-01,24141.94921875,0.0054704843490753,0.2871965335074493,23485.7833052982,22997.16404061149,21592.901766189934,24141.94921875,0.0
2024-07-02,24123.849609375,-0.0007497161563467,0.2820447055526434,23546.551524734088,23041.34778840613,21618.085326818647,24141.94921875,-0.074971615634678
2024-07-03,24286.5,0.0067423066077227,0.2879404833310839,23617.022808092748,23090.17728690001,21644.636716601548,24286.5,0.0
2024-07-04,24302.150390625,0.0006444070008029,0.2946474204235201,23682.2730540482,23137.705643908837,21671.07963873113,24302.150390625,0.0
2024-07-05,24323.849609375,0.0008928929498506,0.3031448184819587,23743.375583126945,23184.22109353496,21697.47535983207,24323.849609375,0.0
2024-07-08,24320.55078125,-0.0001356211363734,0.3011765856549717,23798.344649614854,23228.7830420728,21723.575612781504,24323.849609375,-0.0135621136373442
2024-07-09,24433.19921875,0.0046318209860134,0.2984364849314065,23858.806989532488,23276.01504900132,21750.53704169661,24433.19921875,0.0
2024-07-10,24324.44921875,-0.0044509111977667,0.2821168831904168,23903.153868505586,23317.130114481664,21776.14810813496,24433.19921875,-0.4450911197766749
2024-07-11,24315.94921875,-0.0003494426502141,0.2671783245531662,23942.467711386005,23356.29949111964,21801.419760976896,24433.19921875,-0.4798798509776047
2024-07-12,24502.150390625,0.007657573644356,0.26805982646976,23995.77082369448,23401.234820512007,21828.292702565435,24502.150390625,0.0
2024-07-15,24586.69921875,0.0034506697076412,0.2680746412269843,24052.049718461672,23447.72362044291,21855.739533572247,24586.69921875,0.0
2024-07-16,24613.0,0.0010697158254551,0.2688094440291775,24105.473554798657,23493.42073336672,21883.17496109889,24613.0,0.0
2024-07-18,24800.849609375,0.0076321297434283,0.2720145156310698,24171.69984571069,23544.692453994496,21912.206549638955,24800.849609375,0.0
2024-07-19,24530.900390625,-0.0108846762510892,0.2689402641898539,24205.90942141681,23583.36727503883,21938.263204773142,24800.849609375,-1.0884676251089245
2024-07-22,24509.25,-0.0008825762723847,0.2662417921860673,24234.799000329494,23619.67640150789,21963.84516293461,24800.849609375,-1.175764596648221
2024-07-23,24479.05078125,-0.0012321559717249,0.2592492715493149,24258.06107470288,23653.377357576213,21988.872084509887,24800.849609375,-1.2975314684516182
2024-07-24,24413.5,-0.0026778318259059,0.2594470275458493,24272.86478187404,23683.18608865165,22012.99773541029,24800.849609375,-1.5618400799808807
2024-07-25,24406.099609375,-0.0003031269840456,0.2571553465649345,24285.5538130646,23711.535638483943,22036.80969435521,24800.849609375,-1.591679342512442
2024-07-26,24834.849609375,0.0175673297602745,0.2693833018669018,24337.867698427497,23755.587166754183,22064.65088753949,24834.849609375,0.0
2024-07-29,24836.099609375,5.03324972633834e-05,0.2599834407786876,24385.318356612974,23797.960203719707,22092.22749173686,24836.099609375,0.0
2024-07-30,24857.30078125,0.0008536433743,0.2586453045685279,24430.26906372126,23839.502971465998,22119.74065879669,24857.30078125,0.0
2024-07-31,24951.150390625,0.0037755350108565,0.2580528004476408,24479.876809140664,23883.0969879036,22147.913889959167,24951.150390625,0.0
2024-08-01,25010.900390625,0.0023946791656728,0.2518500487568829,24530.450483567744,23927.32457232405,22176.40131782649,25010.900390625,0.0
2024-08-02,24717.69921875,-0.0117229354919546,0.2518459974044063,24548.28369644225,23958.319656497617,22201.687864104337,25010.900390625,-1.172293549195469
2024-08-05,24055.599609375,-0.0267864578946228,0.2228127339660093,24501.361402435843,23962.134556610457,22220.134747141856,25010.900390625,-3.8195377468620895
2024-08-06,23992.55078125,-0.0026209626510589,0.219096534529414,24452.90324803719,23963.327349733576,22237.770727580744,25010.900390625,-4.071623146189152
2024-08-07,24297.5,0.0127101624804444,0.2284927946405912,24438.102938700315,23976.432159547945,22258.265546211784,25010.900390625,-2.85235788989191
2024-08-08,24117.0,-0.007428747813561,0.2267101826975892,24407.52170644314,23981.9446238794,22276.76041639873,25010.900390625,-3.5740432238099973
2024-08-09,24367.5,0.0103868640378157,0.2403256141054113,24403.71011535332,23997.064442550796,22297.56379534004,25010.900390625,-2.572479921059423
2024-08-12,24347.0,-0.0008412844977941,0.2325223013846424,24398.309151986337,24010.787405588017,22317.956195386407,25010.900390625,-2.6544441833603605
2024-08-13,24139.0,-0.0085431469996303,0.2232466557886721,24373.61304227335,24015.81535046692,22336.07603423829,25010.900390625,-3.4860815764626407
2024-08-14,24143.75,0.0001967769998756,0.2364574916724964,24351.721323961603,24020.832395546648,22354.062839867755,25010.900390625,-3.4670898571490083
2024-08-16,24541.150390625,0.0164597624902924,0.2662054002633169,24369.762187453354,24041.237022804624,22375.82490504942,25010.900390625,-1.878181083700925
2024-08-19,24572.650390625,0.0012835584110202,0.2590382943395501,24389.084873469703,24062.07676271915,22397.6838651049,25010.900390625,-1.7522359977263036
2024-08-20,24698.849609375,0.0051357593399101,0.2603189533635153,24418.58627688925,24087.048246901733,22420.58103668968,25010.900390625,-1.2476591261263326
2024-08-21,24770.19921875,0.0028887826964991,0.2656680580123798,24452.073223733136,24113.83848109186,22443.960322083312,25010.900390625,-0.9623850725710924
2024-08-22,24811.5,0.0016673576536574,0.2637940060084367,24486.30434528236,24141.19775634316,22467.5179308188,25010.900390625,-0.7972539473218743
2024-08-23,24823.150390625,0.0004695560778267,0.2701746850185993,24518.38492102928,24167.940996903235,22490.9570597721,25010.900390625,-0.7506726949757292
2024-08-26,25010.599609375,0.007551387144671,0.2873282069789862,24565.26251039554,24200.98643268644,22516.0281299174,25010.900390625,-0.001202600647332
2024-08-27,25017.75,0.000285894410237,0.2872821338446649,24608.356557024537,24233.01637650266,22540.9208848436,25017.75,0.0
2024-08-28,25052.349609375,0.0013830024432652,0.2870459598959671,24650.641609629343,24265.14709151726,22565.9102253862,25052.349609375,0.0
2024-08-29,25151.94921875,0.0039756594063229,0.2988187200655814,24698.38519145036,24299.92364552639,22591.64195666345,25151.94921875,0.0
2024-08-30,25235.900390625,0.0033377600735777,0.3068722863430897,24749.57711518128,24336.62861592241,22617.952985857104,25235.900390625,0.0
2024-09-02,25278.69921875,0.0016959501132323,0.3034557651963745,24799.969696473538,24373.57256113134,22644.42807275156,25278.69921875,0.0
2024-09-03,25279.849609375,4.550829989491412e-05,0.3033235786753012,24845.672545321297,24409.11283753305,22670.65117261846,25279.849609375,0.0
2024-09-04,25198.69921875,-0.0032100820170585,0.2959627246837071,24879.29413326689,24440.07700934548,22695.805879545143,25279.849609375,-0.3210082017058524
2024-09-05,25145.099609375,-0.0021270784221717,0.2970284072419979,24904.60894051528,24467.72495444468,22720.176961434,25279.849609375,-0.533033234303848
2024-09-06,24852.150390625,-0.0116503502989019,0.2899619731774547,24899.612888144777,24482.80046174587,22741.390627396097,25279.849609375,-1.6918582402934423
2024-09-09,24936.400390625,0.0033900486950126,0.2916365274892567,24903.11645980956,24500.58869425093,22763.231520562556,25279.849609375,-1.3585888526118195
2024-09-10,25041.099609375,0.0041986500501236,0.2946053981057284,24916.257712149127,24521.785200726383,22785.89687468009,25279.849609375,-0.9444280867535682
2024-09-11,24918.44921875,-0.0048979634496194,0.2879449346015614,24916.466427063497,24537.340652413583,22807.116300989244,25279.849609375,-1.4295986574658026
2024-09-12,25388.900390625,0.0188796328272711,0.3186435592160881,24961.46013787888,24570.73515195129,22832.80569491597,25388.900390625,0.0
2024-09-13,25356.5,-0.0012761636040355,0.3046620829486937,24999.082981890413,24601.549459717902,22857.91708103621,25388.900390625,-0.1276163604035596
2024-09-16,25383.75,0.0010746751326089,0.2998109962989359,25035.717935996086,24632.22399070936,22883.049746896544,25388.900390625,-0.0202859932716958
2024-09-17,25418.55078125,0.0013709866056039,0.2985277203976832,25072.17820697265,24663.060335436447,22908.278612910013,25418.55078125,0.0
2024-09-18,25377.55078125,-0.0016129951842196,0.2940433974865495,25101.26130928478,24691.079568605608,22932.848485231803,25418.55078125,-0.1612995184219645
2024-09-19,25415.80078125,0.0015072376499098,0.2883730600727705,25131.217449471944,24719.500008317154,22957.55447822701,25418.55078125,-0.0108188701380629
2024-09-20,25790.94921875,0.0147604413777415,0.3012621240397193,25194.04904654605,24761.51762441256,22985.74746071978,25790.94921875,0.0
2024-09-23,25939.05078125,0.0057423850996662,0.2971893014457423,25265.00159270833,24807.695395268933,23015.133563411626,25939.05078125,0.0
2024-09-24,25940.400390625,5.203002169906768e-05,0.2974612070237163,25329.325287748008,24852.115199008385,23044.240696020715,25940.400390625,0.0
2024-09-25,26004.150390625,0.0024575565157058,0.2956726652030392,25393.594345164864,24897.293049660017,23073.69253377797,26004.150390625,0.0
2024-09-26,26216.05078125,0.008148714241454,0.3040800319680179,25471.92352955393,24949.009039134133,23104.95978002148,26216.05078125,0.0
2024-09-27,26178.94921875,-0.0014152231703233,0.2964786032921851,25539.25930947736,24997.24198735436,23135.54673961081,26216.05078125,-0.1415223170323387
2024-09-30,25810.849609375,-0.0140609008520233,0.2819979142919506,25565.125052324755,25029.148168610074,23162.166668663194,26216.05078125,-1.5456224709665456
2024-10-01,25796.900390625,-0.0005404401234794,0.2962354349082494,25587.198894067635,25059.25609888517,23188.382924603116,26216.05078125,-1.5988311669154265
2024-10-03,25250.099609375,-0.0211963752609873,0.2789814844219225,25555.094200287385,25066.740158120065,23208.89751848144,26216.05078125,-3.684579267621269
2024-10-04,25014.599609375,-0.0093266958801446,0.2714385356176221,25503.6185249624,25064.695430718297,23226.864703465457,26216.05078125,-4.582883905360335
2024-10-07,24795.75,-0.0087488751686026,0.2602956111013494,25436.202474965976,25054.14855108229,23242.47550243595,26216.05078125,-5.417676343020417
2024-10-08,25013.150390625,0.0087676473034692,0.271982353372348,25395.91180026684,25052.54078008396,23260.094158039825,26216.05078125,-4.588411888053434
2024-10-09,24981.94921875,-0.0012473907279866,0.2670612716103364,25356.48679250333,25049.77248356106,23277.227044216048,26216.05078125,-4.707427418406751
2024-10-10,24998.44921875,0.0006604768849507,0.2804253436704749,25322.387975955397,25047.759806509646,23294.35363301738,26216.05078125,-4.644488876909114
2024-10-11,24964.25,-0.0013680536120755,0.2712021410648237,25288.27959729297,25044.48491213672,23310.969517265967,26216.05078125,-4.774940328332367
2024-10-14,25127.94921875,0.0065573457544287,0.2867156996095501,25273.010037431737,25047.758022199985,23329.048917280736,26216.05078125,-4.150516687579131
2024-10-15,25057.349609375,-0.0028096049048969,0.2892169783534444,25252.470949045382,25048.13416287352,23346.24593909262,26216.05078125,-4.419815866025544
2024-10-16,24971.30078125,-0.0034340754096676,0.2775821230318611,25225.692837826773,25045.12108908436,23362.415639014584,26216.05078125,-4.748045426011527
2024-10-17,24749.849609375,-0.0088682273228345,0.2593100266809982,25180.37443511708,25033.54181537027,23376.2209521525,26216.05078125,-5.592761412117964
2024-10-18,24854.05078125,0.0042101739412401,0.2737600175690016,25149.29599189164,25026.50295128712,23390.925726571382,26216.05078125,-5.195290516350837
2024-10-21,24781.099609375,-0.0029351823779982,0.2585723152286487,25114.2296697472,25016.87929081998,23404.75830251968,26216.05078125,-5.473559628978486
2024-10-22,24472.099609375,-0.0124691803378693,0.2352565621170235,25053.07442590223,24995.515381743706,23415.37861403068,26216.05078125,-6.652226860661614
2024-10-23,24435.5,-0.0014955647434917,0.2344902495705769,24994.25781391154,24973.553994224345,23425.52907558261,26216.05078125,-6.791834499052274
2024-10-24,24399.400390625,-0.0014773427748562,0.2353469524663343,24937.604725979487,24951.038166632214,23435.21933742383,26216.05078125,-6.9295349089127045
2024-10-25,24180.80078125,-0.0089592205494931,0.2254767459171132,24865.52815981477,24920.832778970165,23442.63805825792,26216.05078125,-7.763373732307666
2024-10-28,24339.150390625,0.0065485676346082,0.2285364758158141,24815.396943701464,24898.021704917413,23451.558578977994,26216.05078125,-7.159355946805612
2024-10-29,24466.849609375,0.0052466588480091,0.2437967421869189,24782.20195947989,24881.1129952883,23461.660977290405,26216.05078125,-6.672252760229036
2024-10-30,24340.849609375,-0.0051498252538292,0.2403170789042745,24740.168402327046,24859.92619584072,23470.409122883288,26216.05078125,-7.152874349847405
2024-10-31,24205.349609375,-0.005566773640794,0.2385909344715489,24689.23327918876,24834.25652578324,23477.721963544896,26216.05078125,-7.669733281540159
2024-11-01,24304.349609375,0.0040900049616161,0.2604846349203262,24652.577691587445,24813.47586239468,23485.947114249677,26216.05078125,-7.292102032554304
2024-11-04,23995.349609375,-0.0127137736646451,0.2548457740997152,24589.984540900547,24781.39247992332,23491.01579579321,26216.05078125,-8.470769264237422
2024-11-05,24213.30078125,0.0090830588186072,0.2840313821607074,24554.109897124305,24759.114374092995,23498.202711071383,26216.05078125,-7.63940387784261
2024-11-06,24484.05078125,0.0111818707596305,0.2854375713685702,24547.43760037437,24748.327566530526,23508.0121446055,26216.05078125,-6.606639628722211
2024-11-07,24199.349609375,-0.0116280257061476,0.2642743609505209,24514.286363136336,24726.79901919109,23514.891124354453,26216.05078125,-7.692620023902941
2024-11-08,24148.19921875,-0.0021137093124677,0.2656554494405889,24479.420920813827,24704.1088309385,23521.192697433016,26216.05078125,-7.887730992567921
2024-11-11,24141.30078125,-0.0002856708874028,0.2713207428789774,24447.21900276013,24682.03792702915,23527.36292712274,26216.05078125,-7.914044786195962
2024-11-12,23883.44921875,-0.0106809307765333,0.248269333163472,24393.52664237821,24650.72072278291,23530.90607430311,26216.05078125,-8.897608499325537
2024-11-13,23559.05078125,-0.0135825623229214,0.2250814462261936,24314.05275084219,24607.910136840444,23531.18612113841,26216.05078125,-10.135012409650637
2024-11-14,23532.69921875,-0.0011185324376894,0.2122914842170336,24239.638128738174,24565.74500279768,23531.201176836035,26216.05078125,-10.235529313283
2024-11-18,23453.80078125,-0.0033527151631265,0.208541468947478,24164.796476596443,24522.139347050717,23530.431023646124,26216.05078125,-10.53648401526438
2024-11-19,23518.5,0.0027585814066317,0.2095816082495436,24103.244431206305,24482.780941284014,23530.31230699293,26216.05078125,-10.289691623497
2024-11-21,23349.900390625,-0.0071688079331164,0.2038947296552382,24031.49737972237,24438.35425302288,23528.517163546487,26216.05078125,-10.932807593868798
2024-11-22,23907.25,0.0238694641112378,0.2307243102827842,24019.66429593929,24417.52663525728,23532.28564948135,26216.05078125,-8.80682144124194
2024-11-25,24221.900390625,0.0131612958673623,0.2457549890518406,24038.924876385547,24409.85501782072,23539.147487701684,26216.05078125,-7.606601037144911
2024-11-26,24194.5,-0.0011312238174179,0.229679674959772,24053.741554825017,24401.40972300422,23545.668408222067,26216.05078125,-7.711118650623893
2024-11-27,24274.900390625,0.0033230854378061,0.2281637094554012,24074.80430109168,24396.44857271484,23552.924447847967,26216.05078125,-7.404434812940364
2024-11-28,23914.150390625,-0.0148610290544929,0.211959853828914,24059.503928666283,24377.53491851524,23556.5187358358,26216.05078125,-8.78050019750245
2024-11-29,24131.099609375,0.0090720019405352,0.2253021026391286,24066.322564924256,24367.870788745036,23562.23595845808,26216.05078125,-7.952956718279546
2024-12-02,24276.05078125,0.0060068200049485,0.2270919205959147,24086.296680764804,24364.270004137383,23569.338593510736,26216.05078125,-7.400046697298546
2024-12-03,24457.150390625,0.0074600111445999,0.2344708279560043,24121.616081703876,24367.91237223494,23578.17254174073,26216.05078125,-6.709250013670953
2024-12-04,24467.44921875,0.0004210968146538,0.235604949941925,24154.55257094636,24371.815777980628,23587.02106589008,26216.05078125,-6.669965576015047
2024-12-05,24708.400390625,0.0098478255628851,0.2482331819025887,24207.299982344328,24385.01517455492,23598.17906912127,26216.05078125,-5.750867677229588
2024-12-06,24677.80078125,-0.0012384293961259,0.2407327285264455,24252.109582240108,24396.496963052767,23608.921573719566,26216.05078125,-5.867588573257465
2024-12-09,24619.0,-0.0023827399277279,0.2250331139858763,24287.05152678867,24405.222572344817,23618.97210532435,26216.05078125,-6.091881628457285
2024-12-10,24610.05078125,-0.00036350862139,0.2223646227124827,24317.81336054689,24413.25505112541,23628.833584686792,26216.05078125,-6.126018039103842
2024-12-11,24641.80078125,0.0012901233029631,0.2158043164968466,24348.66930537576,24422.21762877736,23638.91286027449,26216.05078125,-6.004909027434147
2024-12-12,24548.69921875,-0.0037781963796591,0.1866841798467131,24367.719773316163,24427.177691129225,23647.96546085633,26216.05078125,-6.360040939852418
2024-12-13,24768.30078125,0.0089455478085889,0.1876376159870221,24405.870345500334,24440.555067212397,23659.113075984627,26216.05078125,-5.522380209285549
2024-12-16,24668.25,-0.0040394689217332,0.1781738643904693,24430.858884024117,24449.48428026289,23669.154239407668,26216.05078125,-5.904019618229473
2024-12-17,24336.0,-0.0134687300477334,0.164337825678517,24421.824704593248,24445.033916331013,23675.789520607592,26216.05078125,-7.171372976568358
2024-12-18,24198.849609375,-0.0056356998120069,0.1540077044927723,24400.58898123913,24435.37962978372,23680.99409860528,26216.05078125,-7.69452725243317
2024-12-19,23951.69921875,-0.010213311567061,0.140714654135174,24357.837575287784,24416.41177052749,23683.687681890304,26216.05078125,-8.63727180494893
2024-12-20,23587.5,-0.0152055691508056,0.1282430049783833,24284.472091927044,24383.90542658524,23682.73059052821,26216.05078125,-10.026494086325034
2024-12-23,23753.44921875,0.0070354729729729,0.1350976000185173,24233.8984849578,24359.18165372896,23683.43425847072,26216.05078125,-9.39348791718575
2024-12-24,23727.650390625,-0.0010861087115143,0.1201429121753436,24185.68438073563,24334.415721842528,23683.874219984693,26216.05078125,-9.491896439278836
2024-12-26,23750.19921875,0.0009503186263191,0.1068922122684683,24144.209603403662,24311.50527074086,23684.534170221166,26216.05078125,-9.405884902632256
2024-12-27,23813.400390625,0.002661079652128,0.1118067644938165,24112.70396409141,24291.971746030435,23685.81642117046,26216.05078125,-9.164806746344125
2024-12-30,23644.900390625,-0.0070758479358679,0.1021670910571908,24068.151242808897,24266.596398759637,23685.40929648842,26216.05078125,-9.80754276103216
2024-12-31,23644.80078125,-4.212721278373799e-06,0.1179495343792342,24027.832151231854,24242.21225689651,23685.005231660176,26216.05078125,-9.807922716715922
2025-01-01,23742.900390625,0.0041488871182535,0.1170474554485487,24000.695793078823,24222.63139939567,23685.581302893657,26216.05078125,-9.433725969106776
2025-01-02,24188.650390625,0.0187740331916654,0.1329896834595307,24018.59623094036,24221.298810816428,23690.58696545815,26216.05078125,-7.733431734405316
2025-01-03,24004.75,-0.0076027553276091,0.1195540596709536,24017.27754227937,24212.80670058833,23693.712965801853,26216.05078125,-8.434911877846785
2025-01-06,23616.05078125,-0.0161925959966257,0.0905713887830614,23979.065469800385,24189.404507673105,23692.94020774661,26216.05078125,-9.917588357204233
2025-01-07,23707.900390625,0.0038892874268343,0.0885820200966862,23953.240224164638,24170.521993279064,23693.08906528769,26216.05078125,-9.567231966222977
2025-01-08,23688.94921875,-0.0007993610384197,0.0900792766659204,23928.069652220383,24151.63678643479,23693.04787278483,26216.05078125,-9.639520397585631
2025-01-09,23526.5,-0.0068575949591475,0.0820811234212308,23889.82492343749,24127.121618339308,23691.3906800208,26216.05078125,-10.25917596701329
2025-01-10,23431.5,-0.0040379997024632,0.0814970670402392,23846.17493072916,24099.842339188748,23688.80470310517,26216.05078125,-10.62154938775729
2025-01-13,23085.94921875,-0.0147472753024774,0.072899294655303,23773.77248196924,24060.08182466174,23682.80614107179,26216.05078125,-11.939638005044916
2025-01-14,23176.05078125,0.0039028744993869,0.0700622939268043,23716.846605710263,24025.413940606377,23677.763799183016,26216.05078125,-11.595949463808031
2025-01-15,23213.19921875,0.0016028803979861,0.0692005077397932,23668.880187904524,23993.56238288652,23673.14126604438,26216.05078125,-11.454248344100982
2025-01-16,23311.80078125,0.0042476507253836,0.0836145949542137,23634.872625366,23966.82663380273,23669.545838334983,26216.05078125,-11.078136917850156
2025-01-17,23203.19921875,-0.0046586517926727,0.0769719742510242,23593.760872354957,23936.88046066341,23664.905573463493,26216.05078125,-11.492392914705608
2025-01-20,23344.75,0.0061004855371675,0.0798406399841571,23570.04555117829,23913.65965828445,23661.719945866844,26216.05078125,-10.952453537752472
2025-01-21,23024.650390625,-0.0137118456772935,0.0636318425287048,23518.10315493512,23878.79654974879,23655.38094531717,26216.05078125,-12.173459752784444
2025-01-22,23155.349609375,0.0056764909144164,0.057585051217617,23483.555198215105,23850.42608149884,23650.405509138647,26216.05078125,-11.674913195026482
2025-01-23,23205.349609375,0.0021593282262408,0.05013702620866,23457.05942784938,23825.12896494496,23645.977092225578,26216.05078125,-11.48419034200333
2025-01-24,23092.19921875,-0.0048760476583936,0.0481065708036265,23422.310836506585,23796.386621956925,23640.46686462881,26216.05078125,-11.915797648417026
2025-01-27,22829.150390625,-0.0113912419355629,0.0582794423965296,23365.81936547024,23758.455789355678,23632.39406389245,26216.05078125,-12.919186108104997
2025-01-28,22957.25,0.0056112298172781,0.0696571887849597,23326.907997330218,23727.035954478983,23625.67621251044,26216.05078125,-12.43055564868195
2025-01-29,23163.099609375,0.0089666492883511,0.0712547724080632,23311.30719847734,23704.92080369059,23621.07346024044,26216.05078125,-11.645351152807892
2025-01-30,23249.5,0.0037300875997627,0.0946710334288309,23305.42079862236,23687.061164330175,23617.37621187984,26216.05078125,-11.315780572761591
2025-01-31,23508.400390625,0.0111357401503258,0.0957609785931385,23324.752188336894,23680.054859478994,23616.29187534994,26216.05078125,-10.328216149785383
2025-02-01,23482.150390625,-0.0011166221250199,0.0997326236714992,23339.742493316717,23672.29389991609,23614.9571342084,26216.05078125,-10.42834564762254
2025-02-03,23361.05078125,-0.0051570919766934,0.0746840130027437,23341.771854072264,23660.088287419385,23612.43070283568,26216.05078125,-10.890274907622343
2025-02-04,23739.25,0.0161893068206311,0.1030173835669459,23379.62691558919,23663.1926683049,23613.692586389552,26216.05078125,-9.447650227399752
2025-02-05,23696.30078125,-0.0018092070621439,0.090703711887869,23409.78633136641,23664.491025675296,23614.51455847772,26216.05078125,-9.61147817810206
2025-02-06,23603.349609375,-0.0039226026346081,0.0878398364439081,23428.22092927199,23662.093323075285,23614.403464456795,26216.05078125,-9.966036431938983
2025-02-07,23559.94921875,-0.0018387386257991,0.0780710163224254,23440.766480650847,23658.087671925277,23613.86163116618,26216.05078125,-10.131585358385376
2025-02-10,23381.599609375,-0.0075700336923079,0.0739446367713245,23435.13154052934,23647.245002805656,23611.550566272734,26216.05078125,-10.811892285096691
2025-02-11,23071.80078125,-0.0132496849360461,0.0520944654334181,23400.528611074165,23624.67856274465,23606.17992164564,26216.05078125,-11.99360661236132
2025-02-12,23045.25,-0.0011507892904301,0.0508310344041402,23366.692552876622,23601.955874009567,23600.598529390463,26216.05078125,-12.094883427361191
2025-02-13,23031.400390625,-0.0006009745771905,0.0604776794827865,23334.75996599552,23579.58114917096,23594.93486631817,26216.05078125,-12.147712167626311
2025-02-14,22929.25,-0.0044352661537063,0.0526454722827958,23296.13996923404,23554.077966850527,23588.311136305056,26216.05078125,-12.537360446374912
2025-02-17,22959.5,0.0013192755977626,0.062150539538671,23264.07901978318,23530.76118383678,23582.05430907814,26216.05078125,-12.421973120295904
2025-02-18,22945.30078125,-0.0006184463402948,0.0552838596460971,23233.719187541927,23507.80195236279,23575.71845307985,26216.05078125,-12.476135430509904
2025-02-19,22932.900390625,-0.0005404326900405,0.0500387851805375,23205.069778311743,23485.25679307896,23569.32225345344,26216.05078125,-12.523436188081938
2025-02-20,22913.150390625,-0.0008612081186238,0.045749250510594,23177.267931865383,23462.821247884687,23562.793180191464,26216.05078125,-12.59877171502608
2025-02-21,22795.900390625,-0.0051171487988824,0.0342639389240677,23140.947213652016,23436.667488776464,23555.162406165928,26216.05078125,-13.04601680536539
2025-02-24,22553.349609375,-0.0106401053300685,0.0194871502390128,23084.985537054206,23402.027571937197,23545.19411963069,26216.05078125,-13.971216345425308
2025-02-25,22547.55078125,-0.0002571160481895,0.015795033769949,23033.801274596663,23368.518678184755,23535.267320243824,26216.05078125,-13.99333572630913
2025-02-27,22545.05078125,-0.0001108767876499,0.0222171331573886,22987.25360856365,23336.22581948143,23525.414419358312,26216.05078125,-14.002871868960288
2025-02-28,22124.69921875,-0.0186449596666951,-0.0041746466521335,22905.105571438537,23288.71497239393,23511.476954675643,26216.05078125,-15.606284854415142
2025-03-03,22119.30078125,-0.0002440004922383,-0.0042047315627972,22830.26701999201,23242.855592349068,23497.624455437577,26216.05078125,-15.626876962452483
2025-03-04,22082.650390625,-0.0016569416451024,-0.0017810460257325,22759.06543624277,23197.357349144204,23483.54511150909,26216.05078125,-15.766678303740743
2025-03-05,22337.30078125,0.0115316950692254,0.0062595271414374,22718.897373862503,23163.62964059933,23472.139695287613,26216.05078125,-14.795325323271513
2025-03-06,22544.69921875,0.009284847776867,0.0270395317585949,22702.3070733756,23139.35785935034,23462.91143183948,26216.05078125,-14.004212889020607
2025-03-07,22552.5,0.0003460139864501,0.0259156794631882,22688.039733054116,23116.34382565033,23453.852611622173,26216.05078125,-13.974457143904417
2025-03-10,22460.30078125,-0.0040882039130917,0.0054412525879916,22666.350309072768,23090.61664743855,23443.966523757776,26216.05078125,-14.326147104834542
2025-03-11,22497.900390625,0.001674047455606,0.0041195407781624,22650.30745969679,23067.372872661548,23434.55293039327,26216.05078125,-14.182725009383413
2025-03-12,22470.5,-0.0012179087892316,0.0051081446732805,22633.182939725662,23043.96609334149,23424.9603639217,26216.05078125,-14.287242622862395
2025-03-13,22397.19921875,-0.0032620894617386,-0.0034195687839291,22610.708299632744,23018.602686494763,23414.733884865265,26216.05078125,-14.566845305438925
2025-03-17,22508.75,0.0049805683362682,0.0006757145146985,22600.997985382008,22998.60846349497,23405.71911984173,26216.05078125,-14.141339640299677
2025-03-18,22834.30078125,0.0144632989948354,0.0224626446861671,22623.2172992742,22992.16502497556,23400.03336522888,26216.05078125,-12.899540164221312
2025-03-19,22907.599609375,0.0032100316461272,0.0256047677318698,22650.301328807607,22988.848734167696,23395.133526862173,26216.05078125,-12.619944931756232
2025-03-20,23190.650390625,0.01235619558909,0.0542307247686237,22701.76314421879,22996.762524617003,23393.098868790163,26216.05078125,-11.54025988074756
2025-03-21,23350.400390625,0.0068885519512889,0.0543535920226367,22763.538120067,23010.63067622516,23392.674008310907,26216.05078125,-10.93090036533857
2025-03-24,23658.349609375,0.0131881772302988,0.074239388149385,22848.758261905856,23036.031418701623,23395.317546629954,26216.05078125,-9.75624129361351
2025-03-25,23668.650390625,0.0004353972876416,0.0731308110378925,22926.84322654577,23060.840005835875,23398.03727642095,26216.05078125,-9.716949405846163
2025-03-26,23486.849609375,-0.0076810793285454,0.0765167538096209,22980.177167767604,23077.546264798195,23398.920981226463,26216.05078125,-10.410420679482948
2025-03-27,23591.94921875,0.0044748278770025,0.0802619906831023,23038.441172623072,23097.71892965905,23400.8416602068,26216.05078125,-10.00952273245056
2025-03-28,23519.349609375,-0.0030773044101545,0.0684810043692532,23084.241976123256,23114.253466118505,23402.02084378061,26216.05078125,-10.28645082501789
2025-04-01,23165.69921875,-0.0150365718652369,0.0483758570264858,23091.99980875437,23116.27094661385,23399.669384825087,26216.05078125,-11.635435054472977
2025-04-02,23332.349609375,0.0071938424586863,0.0603348574514357,23114.89026595634,23124.744619663317,23398.999536313146,26216.05078125,-10.999754295324504
2025-04-03,23250.099609375,-0.0035251486188494,0.0509160648835482,23127.76734628193,23129.66050161279,23397.51794500033,26216.05078125,-11.313493388547602
2025-04-04,22904.44921875,-0.0148666197750665,0.0258678463208226,23106.498953183647,23120.828686598565,23392.61178852023,26216.05078125,-12.63196196151898
2025-04-07,22161.599609375,-0.0324325462830553,-0.0133737151912117,23016.508539487582,23083.211860040778,23380.3629111158,26216.05078125,-15.465529898861751
2025-04-08,22535.849609375,0.0168873189028142,0.0036764673902169,22970.73149852448,23061.74667374016,23371.959793685543,26216.05078125,-14.037969343983416
2025-04-09,22399.150390625,-0.0060658560080705,-0.0015823736667113,22916.295202534053,23035.76250577486,23362.280098132705,26216.05078125,-14.559402644104155
2025-04-11,22828.55078125,0.0191703874091904,0.0139420504062415,22907.93859098319,23027.63655579349,23356.96935866124,26216.05078125,-12.921473292318977
2025-04-15,23328.55078125,0.0219023977821084,0.0361935883829065,22947.996894818127,23039.43711365453,23356.6865867467,26216.05078125,-11.0142447620874
2025-04-16,23437.19921875,0.004657316201027,0.0340107741858655,22994.587592335447,23055.035627579844,23357.48770746315,26216.05078125,-10.599809962557227
2025-04-17,23851.650390625,0.0176834769379541,0.053390175249252,23076.212620743976,23086.275422209063,23362.40474908665,26216.05078125,-9.018903763781406
2025-04-21,24125.55078125,0.0114834984640164,0.0602866313715102,23176.149588411216,23127.031318642046,23369.998241944,26216.05078125,-7.974122484898249
2025-04-22,24167.25,0.0017284255654137,0.0731746663228658,23270.540103800624,23167.824208107064,23377.931095257994,26216.05078125,-7.815062605521517
2025-04-23,24328.94921875,0.0066908406521222,0.0923313152430127,23371.34097189104,23213.358522249924,23387.39396215841,26216.05078125,-7.198267878889197
2025-04-24,24246.69921875,-0.0033807460922566,0.0947628800522057,23454.708423972847,23253.88168681856,23395.94426321903,26216.05078125,-7.512006972112295
2025-04-25,24039.349609375,-0.0085516633626838,0.0929038903379766,23510.38853686829,23284.68435044822,23402.34630646436,26216.05078125,-8.30293315357704
2025-04-28,24328.5,0.0120282118827472,0.0985009256332685,23588.303914309407,23325.618297489465,23411.56176610153,26216.05078125,-7.199981404521827
2025-04-29,24335.94921875,0.0003061930965739,0.0895197432512111,23659.50822901804,23365.23911793105,23420.75965120252,26216.05078125,-7.171566679465958
2025-04-30,24334.19921875,-7.191007773188485e-05,0.0879023255878934,23723.764513754413,23403.237553257288,23429.848602123388,26216.05078125,-7.178241979321765
2025-05-02,24346.69921875,0.0005136803511647,0.0867897544112574,23783.091628515896,23440.23604994328,23438.971493831115,26216.05078125,-7.130561266065982
2025-05-05,24461.150390625,0.0047008906976129,0.0837736594237168,23847.668653478668,23480.2719064406,23449.14242812757,26216.05078125,-6.6939921854290985
2025-05-06,24379.599609375,-0.0033338898599493,0.0874065490293853,23898.328744516413,23515.53965949685,23458.400708538,26216.05078125,-7.005064138754447
2025-05-07,24414.400390625,0.0014274549954715,0.078212634562309,23947.478425098183,23550.78909993325,23467.91314318563,26216.05078125,-6.872318053005754
2025-05-08,24273.80078125,-0.0057588802970967,0.0738315538796077,23978.55674473169,23579.14249920057,23475.93192565393,26216.05078125,-7.408629225684582
2025-05-09,24008.0,-0.0109501096942064,0.0600401280523992,23981.36086428105,23595.960440408395,23481.22613534892,26216.05078125,-8.42251489240028
2025-05-12,24924.69921875,0.0381830730902199,0.1089547070271172,24071.20261232572,23648.06784348061,23495.589051601663,26216.05078125,-4.925805085118274
2025-05-13,24578.349609375,-0.0138958390765435,0.0951601395985715,24119.50232633041,23684.549481358827,23506.36278849493,26216.05078125,-6.246940797987399
2025-05-14,24666.900390625,0.0036027960647213,0.106015038252438,24171.635475310846,23723.07304642809,23517.910426327075,26216.05078125,-5.909167645238799
2025-05-15,25062.099609375,0.0160214381414618,0.123734989771326,24256.441583316955,23775.58389203385,23533.275492825065,26216.05078125,-4.4016971949883406
2025-05-16,25019.80078125,-0.0016877607536591,0.1394649109074348,24329.142459310577,23824.3767112188,23548.066789227305,26216.05078125,-4.563044258579064
2025-05-19,24945.44921875,-0.0029717088137536,0.131046197829983,24387.83834116195,23868.34033896512,23561.971092008625,26216.05078125,-4.846655101113662
2025-05-20,24683.900390625,-0.0104848313546668,0.116713883573023,24416.0347268251,23900.32308608904,23573.13456761675,26216.05078125,-5.844321875210934
2025-05-21,24813.44921875,0.0052483127088862,0.1168249697882448,24453.883726056043,23936.13195403653,23585.476006931516,26216.05078125,-5.350163433094801
2025-05-22,24609.69921875,-0.0082112727740422,0.1085175075716906,24468.7232967888,23962.54635657431,23595.667282671,26216.05078125,-6.127359059164162
2025-05-23,24853.150390625,0.0098924887180058,0.1093249965499267,24505.33540096368,23997.47200496845,23608.17955240189,26216.05078125,-5.198725017727545
2025-05-26,25001.150390625,0.0059549794562796,0.1128389362340462,24552.55587616952,24036.83194166087,23622.039958752368,26216.05078125,-4.634185372778987
2025-05-27,24826.19921875,-0.0069977248703164,0.1019638359292003,24578.61714689147,24067.78752115456,23634.02164293145,26216.05078125,-5.301529105573888
2025-05-28,24752.44921875,-0.0029706520659956,0.0953477047769961,24595.172582306568,24094.63699949164,23645.15027552666,26216.05078125,-5.582845313783047
2025-05-29,24833.599609375,0.0032784792287758,0.0812424948575343,24617.879918217848,24123.615925369417,23656.975642032616,26216.05078125,-5.273300633304179
2025-05-30,24750.69921875,-0.0033382349691143,0.0781283193388482,24630.529375411388,24148.207427070614,23667.858463691497,26216.05078125,-5.589520613638854
2025-06-02,24716.599609375,-0.0013777230725331,0.0778002547223017,24638.72654055078,24170.49731657275,23678.29369897193,26216.05078125,-5.719592109378368
2025-06-03,24542.5,-0.0070438333802584,0.0722797421871459,24629.56210811737,24185.08565709931,23686.89276664385,26216.05078125,-6.38368759358271
2025-06-04,24620.19921875,0.0031659048079861,0.0843657950076759,24628.6704043681,24202.148934026787,23696.17939800809,26216.05078125,-6.0873072600293066
2025-06-05,24750.900390625,0.0053086967621067,0.1005951873814126,24640.311355440183,24223.668598991422,23706.67413425304,26216.05078125,-5.588753252159895
2025-06-06,25003.05078125,0.0101875239545026,0.1097325714792958,24674.85796742207,24254.23260613882,23719.57340437241,26216.05078125,-4.62693641434182
2025-06-09,25103.19921875,0.0040054487100871,0.0790623582993936,24715.652372310444,24287.525414476517,23733.340825411,26216.05078125,-4.244924499825597
2025-06-10,25104.25,4.18584595869298e-05,0.1471246772830086,24752.66167018564,24319.553829595083,23746.981712720342,26216.05078125,-4.240916339867528
2025-06-11,25141.400390625,0.0014798446727146,0.1114505666263068,24789.684405465578,24351.783106498217,23760.85652543581,26216.05078125,-4.099207770049029
2025-06-12,24888.19921875,-0.0100710846627866,0.090564066742111,24799.066768635523,24372.81903246888,23772.0738656678,26216.05078125,-5.065032767825173
2025-06-13,24718.599609375,-0.0068144588479197,0.0613327606216314,24791.40322965833,24386.37905509265,23781.49203227185,26216.05078125,-5.711963195257441
2025-06-16,24946.5,0.0092197937677085,0.0725433737155409,24806.17435064325,24408.344582343914,23793.084151353723,26216.05078125,-4.842646941155593
2025-06-17,24853.400390625,-0.0037319707924959,0.0682811540982351,24810.672068736752,24425.797751296115,23803.634561694733,26216.05078125,-5.197771403462426
2025-06-18,24812.05078125,-0.0016637405234334,0.0638470524689418,24810.8033746904,24440.944928941368,23813.668553929117,26216.05078125,-5.355497712890289
2025-06-19,24793.25,-0.0007577278241026,0.0595903904071346,24809.13162471988,24454.760814080924,23823.415632994496,26216.05078125,-5.427212485671573
2025-06-20,25112.400390625,0.0128724709598377,0.0701793607946872,24838.01436432989,24480.55060139638,23836.241351975896,26216.05078125,-4.209827024802459
2025-06-23,24971.900390625,-0.0055948454872697,0.0600223269711552,24850.76541445324,24499.819220581816,23847.541441912705,26216.05078125,-4.745758241797537
2025-06-24,25044.349609375,0.0029012296868362,0.0649919037835942,24869.202004445782,24521.173353475668,23859.44998089243,26216.05078125,-4.469403807811556
2025-06-25,25244.75,0.0080018205204253,0.071190647939916,24904.96848021285,24549.54890824133,23873.234060684543,26216.05078125,-3.70498512287245
2025-06-26,25549.0,0.0120520108141297,0.087140619999247,24966.30481543068,24588.743068702453,23889.90834863793,26216.05078125,-2.544436562226537
2025-06-27,25637.80078125,0.003475704773181,0.0892159312224767,25030.256812175376,24629.882586841573,23907.30031314154,26216.05078125,-2.205709795212829
2025-06-30,25517.05078125,-0.0047098423546652,0.0757020037206144,25076.618142563435,24664.673496426218,23923.31773073466,26216.05078125,-2.666305485263753
2025-07-01,25541.80078125,0.0009699396772837,0.0700914979069335,25120.92125100977,24699.07064485068,23939.42203969501,26216.05078125,-2.571897673017287
2025-07-02,25453.400390625,-0.0034610085397696,0.0585955370510926,25152.58593097313,24728.652203508496,23954.486500898296,26216.05078125,-2.9090971671845267
2025-07-03,25405.30078125,-0.0018897125192245,0.0580868947283779,25176.65401195188,24755.1874418513,23968.922463886876,26216.05078125,-3.0925710617705104
2025-07-04,25461.0,0.0021924250859925,0.0546372941678441,25203.734582242178,24782.86636570027,23983.769006534767,26216.05078125,-2.880108783547297
2025-07-07,25461.30078125,1.1813410706551508e-05,0.0554410342267777,25228.2646964334,24809.4716368983,23998.4708152384,26216.05078125,-2.878961466384577
2025-07-08,25522.5,0.0024036171315751,0.0508924711259342,25256.287106296884,24837.433533490523,24013.63528473852,26216.05078125,-2.645519674328811
2025-07-09,25476.099609375,-0.0018180190273288,0.0483063926393474,25277.221630399563,24862.47926195658,24028.187168565742,26216.05078125,-2.822511971956587
2025-07-10,25355.25,-0.004743646446198,0.0424028435954262,25284.65290369484,24881.80360462495,24041.39177385365,26216.05078125,-3.283487617691272
2025-07-11,25149.849609375,-0.008100901810276,0.0340986861516454,25271.814494712,24892.315212654365,24052.42120505287,26216.05078125,-4.066978587932701
2025-07-14,25082.30078125,-0.0026858541571485,0.0265663762116703,25253.76556962038,24899.765627109096,24062.66876302498,26216.05078125,-4.324640692300119
2025-07-15,25195.80078125,0.0045251032187942,0.0358220469727361,25248.245113585104,24911.374848840114,24073.94370847996,26216.05078125,-3.891699815937544
2025-07-16,25212.05078125,0.0006449487413033,0.0368524195555162,25244.798034315096,24923.1660618758,24085.268156965238,26216.05078125,-3.829714888705016
2025-07-17,25111.44921875,-0.0039902173517283,0.0248671573070635,25232.09814711842,24930.54971508655,24095.478913798917,26216.05078125,-4.213455229076768
2025-07-18,24968.400390625,-0.0056965580472427,0.0155247017291328,25206.98407507143,24932.034055303742,24104.16469963798,26216.05078125,-4.759108841509163
2025-07-21,25090.69921875,0.0048981443028652,0.0194084109515297,25195.90932685034,24938.256218576145,24113.98096350974,26216.05078125,-4.29260521308138
2025-07-22,25060.900390625,-0.0011876443882732,0.0104855593798567,25183.051332924115,24943.06579395061,24123.40304736164,26216.05078125,-4.40627156341632
2025-07-23,25219.900390625,0.0063445445902445,0.028087024488645,25186.560766990864,24953.922052643724,24134.31346868764,26216.05078125,-3.799772890802677
2025-07-24,25062.099609375,-0.006256994627491,0.0225567738455889,25174.7073234084,24958.16430977044,24143.54517158005,26216.05078125,-4.4016971949883406
2025-07-25,24837.0,-0.0089816740370306,0.0146226756073473,25142.54472117903,24953.412768210816,24150.44521962403,26216.05078125,-5.260329989276313
2025-07-28,24680.900390625,-0.0062849623293875,0.0109529723564831,25098.5785944596,24942.72600830549,24155.723380529515,26216.05078125,-5.85576524639232
2025-07-29,24821.099609375,0.0056804742343701,0.0170039460070297,25072.15202445154,24937.95634560233,24162.344039523003,26216.05078125,-5.320981346559961
2025-07-30,24855.05078125,0.0013678351245234,0.000813420342492,25051.475715575205,24934.705147000284,24169.2366439183,26216.05078125,-5.191476059290368
2025-07-31,24768.349609375,-0.0034882717656889,-0.0027278840504579,25024.51132450852,24928.181400426743,24175.19796695767,26216.05078125,-5.522193956499399
2025-08-01,24565.349609375,-0.0081959437427822,-0.0117450874672289,24980.781637352942,24913.95270273844,24179.080072852368,26216.05078125,-6.2965287397734215
2025-08-04,24722.75,0.0064074150430544,-0.0091539022068825,24956.207195700285,24906.45455753301,24184.489723868763,26216.05078125,-5.696131708434226
2025-08-05,24649.55078125,-0.0029608040671041,-0.0144476849586129,24927.00182289549,24896.37989963956,24189.11719707654,26216.05078125,-5.975346985215557
2025-08-06,24574.19921875,-0.0030569142281212,-0.005805556525712,24893.40157488164,24883.745363134087,24192.94885898374,26216.05078125,-6.262772284810614
2025-08-07,24596.150390625,0.0008932609229541,0.0224708920179788,24865.09193828577,24872.467128918044,24196.96081452246,26216.05078125,-6.179040482266574
2025-08-08,24363.30078125,-0.0094669127354072,0.0154527129432915,24817.30230428236,24852.499821166355,24198.6159385695,26216.05078125,-7.067235318773135
2025-08-11,24585.05078125,0.0091018044718578,0.0118345830332338,24795.18311161261,24842.011623522576,24202.46106138224,26216.05078125,-6.221379465615429
2025-08-12,24487.400390625,-0.0039719417907191,0.015358477033835,24765.870471518552,24828.105300663847,24205.29627858864,26216.05078125,-6.593862687591945
2025-08-13,24619.349609375,0.0053884535167121,0.0103354718118395,24751.91610369536,24819.918802966247,24209.416212228305,26216.05078125,-6.090548058508405
2025-08-14,24631.30078125,0.000485438164071,0.0116770354150408,24740.42893012913,24812.522017800904,24213.61406863648,26216.05078125,-6.044960826569001
2025-08-18,24876.94921875,0.0099730192766349,0.0305708280686856,24753.430862378736,24815.048574700868,24220.214418388856,26216.05078125,-5.107945409755388
2025-08-19,24980.650390625,0.0041685646806257,0.0346632312969195,24775.07081744981,24821.54276356064,24227.780945475784,26216.05078125,-4.71238174251849
2025-08-20,25050.55078125,0.0027981813736617,0.0207569890782135,24801.3070044784,24830.523470136694,24235.967710010853,26216.05078125,-4.445749703969826
2025-08-21,25083.75,0.0013252889742787,0.0207995312369722,24828.206337385214,24840.4539222882,24244.40335468736,26216.05078125,-4.319112709607021
2025-08-22,24870.099609375,-0.0085174820600987,0.0069335213059882,24832.19617281281,24841.616498252388,24250.629188067334,26216.05078125,-5.134072950597268
2025-08-25,24967.75,0.0039264173509054,0.0079753408321585,24845.10606111636,24846.562910085628,24257.76471853433,26216.05078125,-4.761589728620752
2025-08-26,24712.05078125,-0.0102411798720348,-0.0040081905064184,24832.434129700512,24841.287924641096,24262.284977864834,26216.05078125,-5.736943418936602
2025-08-28,24500.900390625,-0.0085444301039235,-0.0129818332858228,24800.8594878838,24827.939393895365,24264.65926057887,26216.05078125,-6.542367517275693
2025-08-29,24426.849609375,-0.0030223697933294,-0.023340104160525,24765.23949945439,24812.210382737703,24266.27309489525,26216.05078125,-6.824831042647572
2025-09-01,24625.05078125,0.0081140701746054,-0.0156968240049565,24751.888192958733,24804.8707905225,24269.84302212266,26216.05078125,-6.068801183196904
2025-09-02,24579.599609375,-0.0018457290617897,-0.018870485498218,24735.47975642695,24796.03662655593,24272.9251772197,26216.05078125,-6.2421727266618205
2025-09-03,24715.05078125,0.005510715147017,-0.0173703609887342,24733.53413974343,24792.860711053738,24277.32443696129,26216.05078125,-5.725500047755217
2025-09-04,24734.30078125,0.0007788776228048,-0.0198764300702875,24733.607153220248,24790.564243218298,24281.87146526268,26216.05078125,-5.652071749341303
2025-09-05,24741.0,0.0002708473067116,-0.021270842067347,24734.311233865938,24788.62054740581,24286.439908394397,26216.05078125,-5.626517867080771
2025-09-08,24773.150390625,0.0012994782193525,-0.0200436009936582,24738.010201176323,24788.01387459088,24291.28279876485,26216.05078125,-5.503881582564596
2025-09-09,24868.599609375,0.0038529301782352,-0.0130998670411279,24750.447287671435,24791.17409948437,24297.02724464157,26216.05078125,-5.139794636187967
2025-09-10,24973.099609375,0.0042020862308871,-0.0068402990114173,24771.65227069082,24798.308433205577,24303.75433284787,26216.05078125,-4.741183873369559
2025-09-11,25005.5,0.0012974116602184,0.006170476476468,24793.923483005983,24806.43359268771,24310.736876799638,26216.05078125,-4.617593974588264
2025-09-12,25114.0,0.0043390454100098,0.0071221028934782,24824.406960814937,24818.49502042545,24318.72954469217,26216.05078125,-4.203725383528012
2025-09-15,25069.19921875,-0.0017838966811339,0.0011221395950391,24847.720509189705,24828.326557614648,24326.19690463305,26216.05078125,-4.3746160398813405
2025-09-16,25239.099609375,0.0067772563910986,0.0128679914151208,24884.994709207356,24844.435304742507,24335.28051363546,26216.05078125,-3.726538295286364
2025-09-17,25330.25,0.0036114755294653,-0.0023100799846635,24927.39997499713,24863.48686141927,24345.180707529635,26216.05078125,-3.378849044202848
2025-09-18,25423.599609375,0.0036853015416349,0.0026462488661684,24974.65708303312,24885.452067221457,24355.911243866405,26216.05078125,-3.0227709676309056
2025-09-19,25327.05078125,-0.0037976065391384,-0.0022336817353622,25008.2183876252,24902.769663850027,24365.57432384037,26216.05078125,-3.3910523267517534
2025-09-22,25202.349609375,-0.0049236357186648,-0.0085056450989519,25026.707075410897,24914.51789700787,24373.9004460845,26216.05078125,-3.866719592258383
2025-09-23,25169.5,-0.001303434397354,-0.008198221453416,25040.30640156224,24924.517195164422,24381.816859556297,26216.05078125,-3.992023016672308
2025-09-24,25056.900390625,-0.0044736530076083,-0.0141211521806454,25041.88678147298,24929.708693025623,24388.534108621658,26216.05078125,-4.421529391658174
2025-09-25,24890.849609375,-0.0066269482123226,-0.0348998248083334,25027.502288892218,24928.18480739227,24393.532272808257,26216.05078125,-5.054922966592656
2025-09-26,24654.69921875,-0.0094874379272315,-0.0495142082619457,24991.99723459296,24917.45988234748,24396.13094888728,26216.05078125,-5.955708491443323
2025-09-29,24634.900390625,-0.0008030448049409,-0.0503269024510436,24957.98801135792,24906.379117966204,24398.506764227957,26216.05078125,-6.0312302711736265
2025-09-30,24611.099609375,-0.0009661407544825,-0.0535703247490916,24924.951020692875,24894.799529394,24400.62211592096,26216.05078125,-6.122017329257224
2025-10-01,24836.30078125,0.0091503904924759,-0.0526299712917405,24916.508140745937,24892.505460839333,24404.957227018764,26178.94921875,-5.262997129174051
2025-10-03,24894.25,0.0023332467769816,-0.0490737503638941,24914.388317817757,24892.57387413975,24409.825811824547,25810.849609375,-5.041952322564791
2025-10-06,25077.650390625,0.0073671787912872,-0.0284066286017833,24929.937086656537,24899.83177674701,24416.47083250913,25796.900390625,-4.342379407653563
2025-10-07,25108.30078125,0.0012222193924698,-0.0266931142481461,24946.92410518925,24908.007031825564,24423.354712596105,25637.80078125,-4.225464808728074
2025-10-08,25046.150390625,-0.0024752925801897,-0.0080771649183624,24956.374227611697,24913.42441844515,24429.55168451679,25637.80078125,-4.46253480505815
2025-10-09,25181.80078125,0.0054160175719368,0.0066841434396709,24977.843423196296,24923.9489816924,24437.03675015593,25637.80078125,-3.9451022147840353
2025-10-10,25285.349609375,0.004112050167679,0.0197453035046328,25007.129726641888,24938.12155532701,24445.477674128266,25637.80078125,-3.550119656239936
2025-10-13,25227.349609375,-0.0022938183927065,0.0085634642340088,25028.103048806945,24949.463831956346,24453.257494379475,25637.80078125,-3.771358165746797
2025-10-14,25145.5,-0.0032444791324643,0.0065467582140166,25039.28371082533,24957.1515248208,24460.14547951003,25637.80078125,-4.083569986123425
2025-10-15,25323.55078125,0.0070808208725219,0.0130048692082931,25066.35676515149,24971.520123112143,24468.73657703978,25637.80078125,-3.404402926463379
2025-10-16,25585.30078125,0.0103362282114798,0.0248776062269044,25115.78000477992,24995.58995284304,24479.846668623963,25637.80078125,-2.4059687908871474
2025-10-17,25709.849609375,0.0048679837376106,0.0231574962826968,25172.358062360407,25023.600135452136,24492.08550385532,25709.849609375,-1.930882634073328
2025-10-20,25843.150390625,0.0051848137299641,0.0313600916896652,25236.243046004653,25055.73936114519,24505.528935564467,25843.150390625,-1.4224125278689992
2025-10-21,25868.599609375,0.0009847568259027,0.0359332033194981,25296.46748061135,25087.616233624794,24519.091827841192,25868.599609375,-1.3253375757247945
2025-10-23,25891.400390625,0.0008814076368377,0.0461235441534801,25353.12775775551,25119.137180958136,24532.74663941118,25891.400390625,-1.2383649747016556
2025-10-24,25795.150390625,-0.0037174505259611,0.0378650392910988,25395.225151362127,25145.647502905857,24545.30787076654,25891.400390625,-1.6055064667712338
2025-10-27,25966.05078125,0.0066252915000297,0.0478167309180548,25449.589497065732,25177.82018048798,24559.444616144487,25966.05078125,-0.9536142651157876
2025-10-28,25936.19921875,-0.001149638146805,0.0598272985458967,25495.933280083285,25207.560534929627,24573.143666916683,25966.05078125,-1.067481768459777
2025-10-29,26053.900390625,0.0045381040946781,0.0662315234239119,25549.07300489678,25240.75033319219,24587.877564665025,26053.900390625,-0.6185157023763876
2025-10-30,25877.849609375,-0.00675717564781,0.0605936701345359,25580.38506246613,25265.734618532693,24600.71310739846,26053.900390625,-1.2900538479155066
2025-10-31,25722.099609375,-0.0060186608373972,0.0637406032193994,25593.881685981265,25283.631284840238,24611.871182044997,26053.900390625,-1.8841555350826544
2025-11-03,25763.349609375,0.0016036793506921,0.0585147466486166,25610.02148820924,25302.443768155325,24623.328678834347,26053.900390625,-1.72680918133854
2025-11-04,25597.650390625,-0.0064315867797603,0.0462176700026271,25608.84328843931,25314.02049844825,24633.02342223525,26053.900390625,-2.358861736212714
2025-11-06,25509.69921875,-0.0034359080045569,0.0480200826237722,25599.40099608795,25321.694173754207,24641.746564489127,26053.900390625,-2.694347704747313
2025-11-07,25492.30078125,-0.0006820322478444,0.0531680472558244,25589.20097562719,25328.384628950123,24650.20979052655,26053.900390625,-2.76071329751022
2025-11-10,25574.349609375,0.0032185728871263,0.0522540212106774,25587.78655979365,25338.03031445698,24659.40521160962,26053.900390625,-2.4477415657660817
2025-11-11,25694.94921875,0.0047156471705849,0.0708303749286054,25597.9925273133,25352.02713423318,24669.70913207868,26053.900390625,-1.987719534296517
2025-11-12,25875.80078125,0.0070384090258497,0.0686606099275561,25624.45045625965,25372.56727725345,24681.71004401073,26053.900390625,-1.2978690148225946
2025-11-13,25879.150390625,0.0001294494962036,0.056979934482221,25648.707592865878,25392.433281699392,24693.62487333028,26053.900390625,-1.2850920736923288
2025-11-14,25910.05078125,0.0011940264714482,0.0706920309631902,25673.59742033103,25412.73200717197,24705.728613707597,26053.900390625,-1.1672238605017315
2025-11-17,26013.44921875,0.0039906690408659,0.0772417844951236,25705.964258275693,25436.28954488091,24718.7407590314,26053.900390625,-0.7728149605389922
2025-11-18,25910.05078125,-0.0039748069020186,0.0732665574248487,25725.401069987533,25454.868416895384,24730.59459009825,26053.900390625,-1.1672238605017315
2025-11-19,26052.650390625,0.0055036406751542,0.0908244513598999,25756.56767195301,25478.310847237724,24743.74937418309,26053.900390625,-0.6232837737019659
2025-11-20,26192.150390625,0.0053545415882216,0.1117659465070897,25798.05174039796,25506.30455482154,24758.16132459545,26192.150390625,-0.091167013767357
2025-11-21,26068.150390625,-0.0047342428227803,0.1077416214904427,25823.77542137196,25528.33772485305,24771.196041670377,26192.150390625,-0.5641596892647871
2025-11-24,25959.5,-0.004167936312968,0.1068355292227589,25836.701571717487,25545.246049368616,24783.01996165376,26192.150390625,-0.9786019389064092
2025-11-25,25884.80078125,-0.002877529180069,0.1006144431511364,25841.282448815826,25558.561921207103,24793.982954883573,26192.150390625,-1.263538901278427
2025-11-26,26205.30078125,0.0123817835303625,0.1222874762999608,25875.9508614286,25583.92422944408,24808.025918330008,26205.30078125,-0.0410054133999748
2025-11-27,26215.55078125,0.0003911422381892,0.0965523337585878,25908.2937109354,25608.693898142352,24822.031140846622,26215.55078125,-0.001907228530229
2025-11-28,26202.94921875,-0.0004806903583736,0.081787506189719,25936.35614025108,25631.99802836226,24835.771619233725,26215.55078125,-0.0499753475812214
2025-12-01,26175.75,-0.0010380212747401,0.081888445721135,25959.155555465262,25653.321635093154,24849.104737450307,26215.55078125,-0.1537255995812447
2025-12-02,26032.19921875,-0.0054841133969418,0.0723915978993541,25966.112094825712,25668.179579550288,24860.87682184135,26215.55078125,-0.7012938906553079
2025-12-03,25986.0,-0.0017746951904364,0.0866369733204999,25968.006181032782,25680.64312545028,24872.072077345416,26215.55078125,-0.8775188268041356
2025-12-04,26033.75,0.0018375278996383,0.0788464024194659,25974.267497124903,25694.490453863997,24883.63106165044,26215.55078125,-0.69537850216701
2025-12-05,26186.44921875,0.0058654330916598,0.0786947784347003,25994.475280136816,25713.78295444776,24896.5944263977,26215.55078125,-0.1129138890788694
2025-12-08,25960.55078125,-0.0086265394598917,0.0614707914296217,25991.24437548093,25723.46012412628,24907.18105679424,26215.55078125,-0.9745937789483404
2025-12-09,25839.650390625,-0.0046570811090926,0.0560827227884241,25976.806853113696,25728.016605165445,24916.459358623404,26215.55078125,-1.4357631275806249
2025-12-10,25758.0,-0.0031598875909956,0.0424794641814709,25955.968105198102,25729.192424570723,24924.83289734357,26215.55078125,-1.7472150365897332
2025-12-11,25898.55078125,0.0054565875164998,0.0494675360588661,25950.49978863162,25735.833928754226,24934.52163250682,26215.55078125,-1.2110901166970556
2025-12-12,26046.94921875,0.0057299900196514,0.0580019179800155,25959.685448642893,25748.034528361903,24945.590563713224,26215.55078125,-0.6450306490134783
2025-12-15,26027.30078125,-0.0007543469807149,0.0575882598779431,25966.125004129284,25758.98614612222,24956.353849459854,26215.55078125,-0.7199787701624216
2025-12-16,25860.099609375,-0.0064240688375742,0.0494403326664343,25956.02734748602,25762.95137997527,24965.34634458339,26215.55078125,-1.3577604607387328
2025-12-17,25818.55078125,-0.0016066770334456,0.0517278553614808,25942.934341177828,25765.13174865271,24973.835940968136,26215.55078125,-1.5162466815341058
2025-12-18,25815.55078125,-0.0001161955225689,0.042281867022254,25930.802573565656,25767.10896561731,24982.21121301074,26215.55078125,-1.5276900527155024
2025-12-19,25966.400390625,0.0058433620360547,0.052624340625095,25934.19284185702,25774.924315617613,24992.004140151184,26215.55078125,-0.9522806951669184
2025-12-22,26172.400390625,0.0079333291061156,0.0754602395884698,25956.879275073017,25790.511612676728,25003.74937647431,26215.55078125,-0.1665025407115106
2025-12-23,26177.150390625,0.0001814888939914,0.0817518523890317,25977.85747655416,25805.67391769431,25015.42500845591,26215.55078125,-0.1483838696743067
2025-12-24,26142.099609375,-0.0013389838361685,0.0914507305147811,25993.49958444186,25818.867082073943,25026.63570100237,26215.55078125,-0.2820835696881185
2025-12-26,26042.30078125,-0.003817552133005,0.1040721051934288,25998.147317471205,25827.629187923983,25036.741821203843,26215.55078125,-0.6627619142554719
2025-12-29,25942.099609375,-0.0038476313101776,0.0921403190951051,25992.80944050966,25832.11822405932,25045.750356409528,26215.55078125,-1.0449749817807552
2025-12-30,25938.849609375,-0.0001252789885528,0.0931908209345357,25987.670408973023,25836.303768581503,25054.636916140527,26215.55078125,-1.0573719672272608
2025-12-31,26129.599609375,0.007353834224439,0.1001844392423683,26001.187475677976,25847.80556625968,25065.333062341862,26215.55078125,-0.3297642829439118
2026-01-01,26146.55078125,0.0006487344669803,0.0979763642467259,26015.03160001817,25859.521064886758,25076.091447604635,26215.55078125,-0.2651047657021954
2026-01-02,26328.55078125,0.0069607651702385,0.1134980628503321,26044.890569659296,25877.91438709708,25088.553729531457,26328.55078125,0.0
2026-01-05,26250.30078125,-0.002972058760474,0.1101933581130498,26064.45344695365,25892.517775103075,25100.11340168786,26328.55078125,-0.2972058760474017
2026-01-06,26178.69921875,-0.0027276473171363,0.1025906181658744,26075.33399664854,25903.74057681472,25110.84559887256,26328.55078125,-0.5691599349506027
2026-01-07,26140.75,-0.0014496220164682,0.0807031222432976,26081.564092205823,25913.035063998457,25121.0934038589,26328.55078125,-0.7132970698248364
2026-01-08,25876.849609375,-0.0100953641584499,0.0779887151240901,26062.067474793363,25911.61602656225,25128.613366102843,26328.55078125,-1.715632491996788
2026-01-09,25683.30078125,-0.0074796132854935,0.0875358043200558,26025.994456360662,25902.662487530397,25134.1326438655,26328.55078125,-2.4507615529659854
2026-01-12,25790.25,0.0041641539637333,0.0878335734107622,26003.54260337393,25898.254154686067,25140.661174772315,26328.55078125,-2.044551505027592
2026-01-13,25732.30078125,-0.0022469428853927,0.0862575854940272,25977.71004888594,25891.746179257203,25146.5481360308,26328.55078125,-2.264651803108819
2026-01-14,25665.599609375,-0.0025921184600641,0.0909229851178459,25947.985245122996,25882.877686320648,25151.71282730786,26328.55078125,-2.5179934033707774
2026-01-15,25665.599609375,0.0,0.0953459919072616,25921.091375051757,25874.35697742082,25156.82612862196,26328.55078125,-2.5179934033707774
2026-01-16,25694.349609375,0.001120176439965,0.1129864908698015,25899.49692117778,25867.29786494844,25162.17462096776,26328.55078125,-2.408796356260712
2026-01-19,25585.5,-0.0042363247573811,0.1039628900321234,25869.59245249418,25856.24696828379,25166.386813793957,26328.55078125,-2.822224388359296
2026-01-20,25232.5,-0.0137968771374411,0.086989335774922,25808.916980828068,25831.7863028609,25167.04465644277,26328.55078125,-4.162974218962923
2026-01-21,25157.5,-0.0029723570791637,0.0791744591535168,25746.87726836825,25805.34370274871,25166.949684736872,26328.55078125,-4.447836080989198
2026-01-22,25289.900390625,0.0052628596094603,0.0899316146968554,25703.35566096413,25785.13023952817,25168.173074845214,26328.55078125,-3.9449584569032914
2026-01-23,25048.650390625,-0.0095393811867061,0.0729885901808757,25641.00277807469,25756.24867682609,25166.98379440521,26328.55078125,-4.861264113087782
2026-01-27,25175.400390625,0.0050601528634628,0.0934107560163313,25596.65969355567,25733.47031266134,25167.06754163128,26328.55078125,-4.379847566263395
2026-01-28,25342.75,0.0066473464881742,0.0944663081113392,25572.47781797894,25718.14794745893,25168.815625794155,26328.55078125,-3.744227281784318
2026-01-29,25418.900390625,0.0030048195489833,0.0953896760234855,25557.851396326183,25706.41274915172,25171.304031414365,26328.55078125,-3.454996054218118
2026-01-30,25320.650390625,-0.0038652340774046,0.0965023361683794,25535.26082435464,25691.284813523223,25172.790064839348,26328.55078125,-3.828165093472524
2026-02-02,25088.400390625,-0.0091723552285208,0.0989633850293343,25492.70268780896,25667.64228713506,25171.95036658846,26328.55078125,-4.710287326213869
2026-02-03,25727.55078125,0.0254759323302189,0.1206721528602075,25515.069172898584,25669.991639845448,25177.4787289234,26328.55078125,-2.282693054370488
2026-02-04,25776.0,0.0018831648283172,0.1128044361371851,25539.919727860623,25674.148830439743,25183.434164456503,26328.55078125,-2.0986752588125768
2026-02-05,25642.80078125,-0.0051675674561607,0.1029398817716509,25549.717923421515,25672.919495177404,25188.0049765639,26328.55078125,-2.6045869584601644
2026-02-06,25693.69921875,0.0019849016468285,0.092958210333889,25563.430427738516,25673.7343862979,25193.03676006824,26328.55078125,-2.4112666427204665
2026-02-09,25867.30078125,0.0067565810988132,0.1015729118052684,25592.370461406277,25681.32522531563,25199.74585480637,26328.55078125,-1.751900451461541
2026-02-10,25935.150390625,0.0026229876069705,0.1101876637946877,25625.016168950915,25691.27915336698,25207.06331287422,26328.55078125,-1.494196903937306
2026-02-11,25953.849609375,0.0007209990483325,0.0932885246743262,25656.33363946749,25701.57603399475,25214.49402229214,26328.55078125,-1.423174313649822
2026-02-12,25807.19921875,-0.0056504292362096,0.0890813488985704,25670.70178987535,25705.718119671423,25220.391586436,26328.55078125,-1.9801756915207136
2026-02-13,25471.099609375,-0.0130234825765521,0.0791307179239573,25651.692058399127,25696.51739377745,25222.886193629423,26328.55078125,-3.2567351655588994
2026-02-16,25682.75,0.0083094328030934,0.0901020949383279,25654.64995759921,25695.977495982257,25227.461952896792,26328.55078125,-2.45285350726524
2026-02-17,25725.400390625,0.0016606629206374,0.1002412504023138,25661.38809407785,25697.13133498785,25232.416564217478,26328.55078125,-2.2908605780707747
2026-02-18,25819.349609375,0.0036520021971839,0.1190868824750723,25676.43204791568,25701.924208493238,25238.25669402004,26328.55078125,-1.9340265862169304
2026-02-19,25454.349609375,-0.0141366845223501,0.1045377945292413,25655.281339483237,25692.21540068468,25240.40687228228,26328.55078125,-3.3203543147447667
2026-02-20,25571.25,0.0045925506806878,0.1102776889940593,25647.278354770544,25687.471659481354,25243.698843702357,26328.55078125,-2.876348142144292
2026-02-23,25713.0,0.0055433347998239,0.121406064306508,25653.53755907811,25688.472770874243,25248.368506949097,26328.55078125,-2.337959222914643
2026-02-24,25424.650390625,-0.0112141566279703,0.1073695154783422,25631.7387811302,25678.1267951782,25250.122555542886,26328.55078125,-3.433156644796098
2026-02-25,25482.5,0.0022753354908011,0.1105759842914457,25617.525563879703,25670.4551561516,25252.43476892057,26328.55078125,-3.213434678875371
2026-02-26,25496.55078125,0.0005513894339252,0.1117891913782098,25606.004156010207,25663.635376743696,25254.863783968627,26328.55078125,-3.160067589411386
2026-02-27,25178.650390625,-0.0124683685002122,0.0988733526982363,25565.30379740209,25644.616357680217,25254.105441746306,26328.55078125,-4.367503552242258
2026-03-02,24865.69921875,-0.0124292274216383,0.0907969763272094,25498.674789911416,25614.07058752609,25250.240703209027,26328.55078125,-5.5561415994904495
2026-03-04,24480.5,-0.0154911878954741,0.0854485220157239,25401.705762300804,25569.61683899565,25242.58159173431,26328.55078125,-7.019189155546302
2026-03-05,24765.900390625,0.0116582745705766,0.0983853914288432,25341.15286976025,25538.09854690269,25237.83849520586,26328.55078125,-5.935193332926813
2026-03-06,24450.44921875,-0.012737318930444,0.0845151539461006,25256.323950616417,25495.445632073173,25230.003776037145,26328.55078125,-7.133326775575888
2026-03-09,24028.05078125,-0.0172756923081839,0.0860283587894821,25139.3455535339,25437.900735962463,25218.044044745733,26328.55078125,-8.737662847885696
2026-03-10,24261.599609375,0.0097198407915488,0.0968520139633426,25055.750701709243,25391.771280017856,25208.52718469229,26328.55078125,-7.85060746050249
2026-03-11,23866.849609375,-0.0162705677430874,0.0807964255734206,24942.52202624884,25331.970430188725,25195.177159067247,26328.55078125,-9.349930394300742
2026-03-12,23639.150390625,-0.0095403969303329,0.0582814200392456,24818.391394284667,25265.58533059799,25179.69430564991,26328.55078125,-10.21476804010143
2026-03-13,23151.099609375,-0.0206458681122294,0.0268976926567585,24659.601700483745,25182.66432192258,25159.50928379643,26328.55078125,-12.06846209757142
2026-03-16,23408.80078125,0.0111312713531173,0.0379692176587962,24540.477803413865,25113.101045817773,25142.089298696465,26328.55078125,-11.089672288682571
2026-03-17,23581.150390625,0.0073625988356076,0.0499035885712935,24449.113287910164,25053.024549535705,25126.557568267894,26328.55078125,-10.435061213401742
2026-03-18,23777.80078125,0.0083393043752089,0.0568897705298021,24385.178763466334,25003.015774308817,25113.137102725428,26328.55078125,-9.688151927513331
2026-03-19,23002.150390625,-0.0326207792621695,0.0236599270432344,24253.461775576685,24924.550465144745,25092.13225981896,26328.55078125,-12.634194788244525
2026-03-20,23114.5,0.0048843089653387,0.0320263607178841,24144.989225521764,24853.5680939626,25072.45432688544,26328.55078125,-12.207473202584708
2026-03-23,22512.650390625,-0.0260377516007268,0.000173283306492,23989.528384103025,24761.767399714063,25046.983640952498,26328.55078125,-14.49339320773596
2026-03-24,22912.400390625,0.0177566831565274,0.0034202759315113,23886.944765676548,24689.2432032792,25025.744006620884,26328.55078125,-12.975079483135952
2026-03-25,23306.44921875,0.0171980596274072,0.0174112354055537,23831.659475493067,24635.015988199622,25008.6365957963,26328.55078125,-11.47841971101654
2026-03-27,22819.599609375,-0.0208890511293899,-0.0160000161703097,23735.27282157706,24563.823189030038,24986.855133244844,26328.55078125,-13.327551527727522
2026-03-30,22331.400390625,-0.0213938555937428,-0.0436395086573813,23601.57068529591,24476.27719693572,24960.432697994896,26328.55078125,-15.181809374299435
2026-04-01,22679.400390625,0.0155834382937352,-0.041378592966691,23513.744942946298,24405.81143982549,24937.735859115597,26328.55078125,-13.860050334497554
2026-04-02,22713.099609375,0.0014858954897207,-0.0403720011694662,23437.493006415694,24339.4305837294,24915.600175038573,26328.55078125,-13.73205537180482
2026-04-06,22968.25,0.0112336226676734,-0.0220804244928615,23392.80319628087,24285.658796132167,24896.22355638148,26328.55078125,-12.762953833535928
2026-04-07,23123.650390625,0.0067658785769486,-0.0198499421892962,23367.169595742216,24240.089839053457,24878.5860124436,26328.55078125,-12.172718571761964
2026-04-08,23997.349609375,0.0377837929561599,0.0203236912558784,23427.18673989772,24230.570614360186,24869.817491020032,26328.55078125,-8.854270754375037
2026-04-09,23775.099609375,-0.0092614394346771,0.0263061513866051,23460.32129889556,24212.70900632155,24858.924775779786,26328.55078125,-9.698411405512877
2026-04-10,24050.599609375,0.0115877537645043,0.0307834406746334,23516.53828084598,24206.351775068742,24850.881739298147,26328.55078125,-8.652018832336395
2026-04-13,23842.650390625,-0.0086463215939506,0.0254859459187464,23547.59657701541,24192.088975678795,24840.849586575037,26328.55078125,-9.441842854470162
2026-04-15,24231.30078125,0.0163006370624727,0.0579298611299421,23612.71126313299,24193.62669354433,24834.784424333,26328.55078125,-7.9656872017945135
2026-04-16,24196.75,-0.0014258739785333,0.0918322876731367,23668.33399997747,24193.74917615044,24828.435823095853,26328.55078125,-8.096916533545674
2026-04-17,24353.55078125,0.0064802414063871,0.0806582047440904,23733.592741051045,24200.015905762182,24823.71059879888,26328.55078125,-7.5013623666916995
2026-04-20,24364.849609375,0.0004639499277327,0.0877577579716026,23793.712442796183,24206.47997257053,24819.14481780959,26328.55078125,-7.458447630446329
2026-04-21,24576.599609375,0.0086907985641135,0.0765729215522845,23868.273125327494,24220.99446813149,24816.73143265104,26328.55078125,-6.654187639992171
2026-04-22,24378.099609375,-0.0080767886182383,0.0449898854826662,23916.82802857012,24227.15545406261,24812.366936897048,26328.55078125,-7.408122034821696
2026-04-23,24173.05078125,-0.008411190019346,0.0313967362581153,23941.23019549201,24225.033702187608,24806.00558211449,26328.55078125,-8.186929914634911
2026-04-24,23897.94921875,-0.0113805065396787,0.0019411163322768,23937.108197707057,24212.206859699854,24796.97019541435,26328.55078125,-9.23180915916938
2026-04-27,24092.69921875,0.0081492348241831,-0.0013616917100823,23951.92639018734,24207.52028554496,24789.962524004757,26328.55078125,-8.492117857441173
2026-04-28,23995.69921875,-0.0040261159249649,-0.0070984816745802,23956.09523100283,24199.2135770432,24782.05940653953,26328.55078125,-8.860539198995154
2026-04-29,24177.650390625,0.007582657634449,-0.0062188805099892,23977.195722395416,24198.367961889544,24776.045386480684,26328.55078125,-8.169459870752826
2026-04-30,23997.55078125,-0.0074490120613553,-0.010275561025945,23979.134299429184,24190.49277833505,24768.299171503262,26328.55078125,-8.85350667177638
2026-05-01,23997.55078125,0.0,-0.0017387670134261,23980.888250078788,24182.92642550819,24760.630033291796,26328.55078125,-8.85350667177638
2026-05-04,24119.30078125,0.0050734344146123,-0.0085989361756787,23994.07039590462,24180.43130220395,24754.248647699336,26328.55078125,-8.391080915753735
2026-05-05,24032.80078125,-0.0035863394542201,-0.0124568158313888,23997.75900403275,24174.64187000968,24747.070061963524,26328.55078125,-8.719621596624027
2026-05-06,24330.94921875,0.0124058964335362,-0.0001335568913027,24029.49140543439,24180.77156996028,24742.929556060903,26328.55078125,-7.587206675737734
2026-05-07,24326.650390625,-0.000176681480297,-0.0008234721242853,24057.79226116683,24186.49230802556,24738.787474812787,26328.55078125,-7.603534304860648
2026-05-08,24176.150390625,-0.0061866306122441,-0.0116511282359487,24069.06446397237,24186.086742637304,24733.189095865648,26328.55078125,-8.175157107993359
2026-05-11,23815.849609375,-0.0149031494025498,-0.0231238416148235,24044.948763534525,24171.567639372115,24724.061339781165,26328.55078125,-9.543636460478613
2026-05-12,23379.55078125,-0.0183196835418901,-0.0423868533659493,23981.57752712648,24140.50815473988,24710.683125268417,26328.55078125,-11.20076841487282
2026-05-13,23412.599609375,0.0014135784059419,-0.0354786289809309,23927.389154007287,24111.962721588312,24697.76687137893,26328.55078125,-11.07524373863984
2026-05-14,23689.599609375,0.0118312363693726,-0.0132622621886454,23904.742530708976,24095.39946228583,24687.73535633412,26328.55078125,-10.023153928222827
2026-05-15,23643.5,-0.0019459851637491,-0.051402795576614,23879.862289689077,24077.67791474521,24677.344954778557,26328.55078125,-10.198247535759442
2026-05-18,23649.94921875,0.0002727692071817,-0.0377730972738249,23857.965806742497,24060.904240392458,24667.12211163399,26328.55078125,-10.17375238293624
2026-05-19,23618.0,-0.0013509212410769,-0.0425225858950502,23835.11192038607,24043.53544665158,24656.683085647583,26328.55078125,-10.295100568848367
2026-05-20,23659.0,0.0017359640951817,-0.0559849187116845,23818.33935653978,24028.45562521426,24646.75589076552,26328.55078125,-10.13937608427401
2026-05-21,23654.69921875,-0.0001817820385476,-0.05456084860288,23802.75458151218,24013.798511235276,24636.884680098698,26328.55078125,-10.155711131674572
2026-05-22,23719.30078125,0.0027310244743588,-0.0491531912994526,23794.80660053483,24002.24958064761,24627.75449205045,26328.55078125,-9.910344179893826
2026-05-25,24031.69921875,0.0131706427765758,-0.0264221278466472,23817.367802269608,24003.40446841633,24621.82359380866,26328.55078125,-8.723805505222536
2026-05-26,23913.69921875,-0.0049101812953756,-0.0362605775629175,23826.542222886783,23999.886615488245,24614.777580126483,26328.55078125,-9.171988168143862
2026-05-27,23907.150390625,-0.0002738525756761,-0.0285476397691903,23834.21919124281,23996.249900787727,24607.73651356428,26328.55078125,-9.196861653127565
2026-05-28,23907.150390625,0.0,-0.0380635849029765,23841.1650197554,23992.755802349973,24600.76550736588,26328.55078125,-9.196861653127565
2026-05-29,23547.75,-0.0150331756295779,-0.0581333405829996,23813.220732159643,23975.30459441468,24590.287741123437,26328.55078125,-10.561921179612966
2026-06-01,23382.599609375,-0.0070134255130532,-0.0581482327059037,23772.209196656346,23952.061261668023,24578.2709437926,26328.55078125,-11.18918848345034
2026-06-02,23483.55078125,0.0043173630631951,-0.0512635507818276,23744.7179189986,23933.688301651637,24567.378205856858,26328.55078125,-10.805759966196394
2026-06-03,23405.599609375,-0.0033193946094914,-0.0575027391301304,23712.42093712969,23912.9789411702,24555.818219822213,26328.55078125,-11.101830845762285
2026-06-04,23416.55078125,0.0004678868329701,-0.0539034645328043,23684.242827045902,23893.51117019293,24544.48222540856,26328.55078125,-11.060236562939863
2026-06-05,23366.69921875,-0.0021289028843615,-0.0546151336332277,23654.000578636773,23872.851877979487,24532.76299151146,26328.55078125,-11.24958068185544
2026-06-08,23123.0,-0.0104293386271027,-0.0578384435163491,23603.42909495708,23843.44592198029,24518.73549905861,26328.55078125,-12.17518885822173
2026-06-09,23242.099609375,0.0051506988442242,-0.0559743484254782,23569.01676299688,23819.86371364283,24506.03265438514,26328.55078125,-11.722829704979551
2026-06-10,23214.94921875,-0.0011681556778996,-0.062056375632168,23535.29604449718,23796.14157658821,24493.186053035537,26328.55078125,-11.825951182688588
2026-06-11,23161.599609375,-0.0022980713363744,-0.0736490593882215,23499.70590781888,23771.257577873967,24479.936436680706,26328.55078125,-12.02858143688774
2026-06-12,23622.900390625,0.0199166201397973,-0.0589685328641036,23511.43871570517,23765.43964896224,24471.40871482941,26328.55078125,-10.276488110207117
2026-06-15,23853.900390625,0.0097786468291451,-0.0498062921367895,23544.054113316583,23768.9086976549,24465.264353394537,26328.55078125,-9.399113575166218
2026-06-16,23989.150390625,0.0056699322871809,-0.0458307803900082,23586.444234965,23777.545626790983,24460.526901028672,26328.55078125,-8.885412683978855
2026-06-17,24085.69921875,0.004024687267071,-0.0322441970568694,23633.992328658813,23789.63008137761,24456.79727234928,26328.55078125,-8.518704964563629
2026-06-18,24168.0,0.0034169978003351,-0.0222747088458107,23684.85020211988,23804.46811740202,24453.92366764929,26328.55078125,-8.206113580655739
2026-06-19,24013.099609375,-0.0064093177186775,-0.0374160860491451,23716.11205042989,23812.649744538216,24449.53735861174,26328.55078125,-8.79444976334952
2026-06-22,24102.900390625,0.003739658049598,-0.0301970751770086,23752.94903521038,23824.03212281613,24446.08823455217,26328.55078125,-8.453372193239005
2026-06-23,23824.099609375,-0.0115671050675063,-0.0398173927896994,23759.725280368915,23824.03476934785,24439.89929300812,26328.55078125,-9.51230165565572
2026-06-24,24021.650390625,0.0082920565515207,-0.0311213580057071,23784.670528964733,23831.7844015548,24435.737612387395,26328.55078125,-8.76197254376747
2026-06-25,24056.0,0.00142994377224,-0.0420668822650412,23810.51143096809,23840.57717012128,24431.959128682047,26328.55078125,-8.63150729461497
2026-06-26,24056.0,0.0,-0.0366772402699815,23833.89129468541,23849.025124234173,24428.21824182949,26328.55078125,-8.63150729461497
2026-06-29,23946.25,-0.0045622713668107,-0.0438462018979299,23844.592123762995,23852.837864460285,24423.42253793069,26328.55078125,-9.048355152713404
2026-06-30,23865.75,-0.0033616954637991,-0.0546252191049624,23846.607159595093,23853.344222716747,24417.87355745377,26328.55078125,-9.354106884621594
2026-07-01,24005.849609375,0.0058703208311072,-0.0603996395406865,23861.773107193178,23859.32482611511,24413.77381667687,26328.55078125,-8.821986410012062
2026-07-02,24175.69921875,0.0070753425577017,-0.0570291334648834,23891.67083210335,23871.731665041967,24411.40491520496,26328.55078125,-8.176870730132112
2026-07-03,24270.849609375,0.0039357865004874,-0.0488379782819852,23927.783096605413,23887.38334913346,24410.006354947946,26328.55078125,-7.81547449751926
2026-07-06,24430.349609375,0.0065716694127753,-0.0435149886804734,23975.64657401204,23908.67614365273,24410.20877539001,26328.55078125,-7.209668270943393
2026-07-07,24398.69921875,-0.0012955357222089,-0.0414365529040853,24015.93730208232,23927.892734833014,24410.094252438368,26328.55078125,-7.32988146037401
2026-07-08,23882.05078125,-0.0211752451582731,-0.059957959683918,24003.1862048602,23926.095011163092,24404.84008854595,26328.55078125,-9.292193939296824
2026-07-09,23962.80078125,0.0033812004144717,-0.0588429055712658,23999.33997404018,23927.53445312729,24400.441687478327,26328.55078125,-8.985492667848549
2026-07-10,24206.900390625,0.010186605964942,-0.0492669404993147,24019.107632762545,23938.489980087983,24398.51590343004,26328.55078125,-8.058363744562591
2026-07-13,24211.0,0.0001693570555851,-0.0513860319326084,24037.38309630897,23949.176647535514,24396.650073545163,26328.55078125,-8.042792779760688
2026-07-14,24052.05078125,-0.0065651653690471,-0.0558974430921506,24038.78001868431,23953.210927289023,24393.22122486561,26328.55078125,-8.64650705203729
2026-07-15,24078.5,0.0010996658451518,-0.0503544630796383,24042.562874047708,23958.12422425808,24390.089670389338,26328.55078125,-8.546048736007084
2026-07-16,24072.75,-0.0002388022509708,-0.0428272783378193,24045.43783842412,23962.61935271855,24386.93206172875,26328.55078125,-8.567888145429103
2026-07-17,24334.30078125,0.010865014643113,-0.029821825618133,24072.948594883725,23977.1950950139,24386.408367395627,26328.55078125,-7.574476911278438
2026-07-20,24238.5,-0.0039368618852535,-0.0379944574717544,24088.71539537099,23987.442346189822,24384.936642346915,26328.55078125,-7.938343430351047
2026-07-21,24187.69921875,-0.0020958714957608,-0.040629442300735,24098.14242616899,23995.29555687846,24382.97408091809,26328.55078125,-8.131292832207905
2026-07-22,23996.25,-0.0079151479856997,-0.0444099904006063,24088.438385581467,23995.332986020483,24379.126080112936,26328.55078125,-8.858447244695899
2026-07-23,23869.599609375,-0.0052779242850445,-0.0440076562398675,24067.59659737133,23990.40226536772,24374.05616498121,26328.55078125,-9.339485459359786
2026-07-24,23767.44921875,-0.0042795183956449,-0.0527386657686745,24039.011132740725,23981.659008637613,24368.020274968967,26328.55078125,-9.727468799095083
2026-07-27,23995.94921875,0.0096139891957669,-0.0424945295370706,24034.90999807494,23982.219409034176,24364.3180754046,26328.55078125,-8.859589659455057
2026-07-28,23985.349609375,-0.0004417249460887,-0.0489514535001462,24030.1899610559,23982.34216198872,24360.547244896843,26328.55078125,-8.899848652299248
2026-07-29,24250.19921875,0.0110421408771743,-0.0323955455959201,24051.143223693434,23992.84636029308,24359.449254586925,26328.55078125,-7.893907947186019
2026-07-30,24317.150390625,0.0027608503860552,-0.0209304509149655,24076.47723959168,24005.56416540414,24359.0283703684,26328.55078125,-7.639616807383975
2026-07-31,24383.599609375,0.0027326071386892,-0.0120457834416336,24105.72698909485,24020.389084775547,24359.272860308763,26328.55078125,-7.38723216493976
2026-08-03,24774.30078125,0.0160231129994761,-0.001885445401755,24169.40068358582,24049.954249343173,24363.402491362907,26328.55078125,-5.9032873207243375
2026-08-04,24614.900390625,-0.0064341025013161,-0.0096620358066684,24211.82922711336,24072.10899998168,24365.904958022234,26328.55078125,-6.508715215139693
2026-08-05,24624.650390625,0.0003961015419633,-0.005801727649048,24251.145528400182,24093.777289810827,24368.47953944117,26328.55078125,-6.471683173076281
2026-08-06,24636.0,0.0004609043862535,0.0028760181209892,24287.798335219217,24115.04092550452,24371.14143457111,26328.55078125,-6.428575561611838
2026-08-07,24570.650390625,-0.0026526063230638,-0.0061522124106339,24314.736626210244,24132.907963352383,24373.12659831294,26328.55078125,-6.67678371373519
2026-08-10,24583.80078125,0.0005352072662276,-0.0026673914094212,24340.36178383308,24150.59003464249,24375.22285883968,26328.55078125,-6.626836450271057
2026-08-11,24471.69921875,-0.004559976852135,-0.0041710413058665,24352.870110968022,24163.182551666312,24376.18282261988,26328.55078125,-7.052615914668447
2026-08-12,24435.94921875,-0.0014608711753293,-0.0065132620077027,24360.78240694726,24173.87928370881,24376.77751312864,26328.55078125,-7.1884000689009575
2026-08-13,24395.849609375,-0.0016410088683697,0.0013359777649688,24364.122140511805,24182.58400236239,24376.9672852306,26328.55078125,-7.340704727475478
2026-08-14,24366.0,-0.0012235527703666,-0.0089099177869935,24364.300984272584,24189.776786583472,24376.858158014373,26328.55078125,-7.454078264906395
2026-08-17,24287.650390625,-0.003215530221415,-0.0081572562547911,24357.00092773472,24193.614967134123,24375.970518537863,26328.55078125,-7.751662473114306
2026-08-18,24154.900390625,-0.0054657407309864,-0.0188652107435501,24337.753257533797,24192.09674844749,24373.77081577256,26328.55078125,-8.255867968900798
2026-08-19,24078.30078125,-0.0031711829954277,-0.0224511082427671,24313.04349788772,24187.63416149857,24370.830815429053,26328.55078125,-8.546805400328095
2026-08-20,24231.849609375,0.0063770624646639,-0.025931620622065,24305.31074660079,24189.368100630974,24369.447917856374,26328.55078125,-7.963602665772917
2026-08-21,24252.0,0.0008315663455258,-0.0291685916591849,24300.23353263881,24191.82425354741,24368.27928185781,26328.55078125,-7.887068295186328
2026-08-24,24219.05078125,-0.0013586186190829,-0.0331928829533906,24292.50184203035,24192.89196051614,24366.79442115525,26328.55078125,-8.012214639258797
2026-08-25,24334.55078125,0.0047689730304962,-0.0298679112473214,24296.50650290841,24198.447208388057,24366.473588917383,26328.55078125,-7.573527371738353
2026-08-26,24207.75,-0.0052107303064621,-0.026632366567817,24288.05350263142,24198.812023745388,24364.894249724177,26328.55078125,-8.055136793781825
2026-08-27,24090.849609375,-0.0048290481612293,-0.0351213221305484,24269.272179464144,24194.578203574,24362.167437382395,26328.55078125,-8.499142966382289
2026-08-28,24090.849609375,0.0,-0.0251375807444653,24252.27955374137,24190.5104155662,24359.467757501727,26328.55078125,-8.499142966382289
2026-08-31,24009.849609375,-0.0033622724525447,-0.0200421524687269,24229.19098761124,24183.425678068503,24355.98896995818,26328.55078125,-8.806793777370657
2026-09-01,24021.20256079497,0.00047284558648540376,0.0,24021.20256079497,24021.20256079497,24021.20256079497,24021.20256079497,0.0
2026-09-02,23898.976088614247,-0.00508827448881383,0.0,23898.976088614247,23898.976088614247,23898.976088614247,23898.976088614247,0.0
2026-09-03,24049.810752863254,0.006311344205280293,0.0,24049.810752863254,24049.810752863254,24049.810752863254,24049.810752863254,0.0
2026-09-04,24118.19530280737,0.002843454804981098,0.0,24118.19530280737,24118.19530280737,24118.19530280737,24118.19530280737,0.0
2026-09-07,24063.72377088715,-0.002258524372836456,0.0,24063.72377088715,24063.72377088715,24063.72377088715,24063.72377088715,0.0
2026-09-08,24091.743750516944,0.0011644074664659502,0.0,24091.743750516944,24091.743750516944,24091.743750516944,24091.743750516944,0.0
2026-09-09,24006.90399142323,-0.0035215283697300824,0.0,24006.90399142323,24006.90399142323,24006.90399142323,24006.90399142323,0.0
2026-09-10,23960.10907415205,-0.0019492274925537367,0.0,23960.10907415205,23960.10907415205,23960.10907415205,23960.10907415205,0.0
2026-09-11,23863.077339658714,-0.004049720065674121,0.0,23863.077339658714,23863.077339658714,23863.077339658714,23863.077339658714,0.0
2026-09-15,23317.087779608017,-0.02288009850025928,0.0,23317.087779608017,23317.087779608017,23317.087779608017,23317.087779608017,0.0
2026-09-16,23286.0100291052,-0.0013328315609805062,0.0,23286.0100291052,23286.0100291052,23286.0100291052,23286.0100291052,0.0
2026-09-17,23470.41359027279,0.007919070761246958,0.0,23470.41359027279,23470.41359027279,23470.41359027279,23470.41359027279,0.0
2026-09-18,23746.285771802646,0.011754040058509697,0.0,23746.285771802646,23746.285771802646,23746.285771802646,23746.285771802646,0.0
2026-09-21,23742.45311382719,-0.0001614003138128273,0.0,23742.45311382719,23742.45311382719,23742.45311382719,23742.45311382719,0.0
2026-09-22,23757.59710620994,0.0006378444683095749,0.0,23757.59710620994,23757.59710620994,23757.59710620994,23757.59710620994,0.0
2026-09-23,23990.67867627681,0.009810822577083921,0.0,23990.67867627681,23990.67867627681,23990.67867627681,23990.67867627681,0.0
2026-09-24,23667.802986238577,-0.013458380831781538,0.0,23667.802986238577,23667.802986238577,23667.802986238577,23667.802986238577,0.0
2026-09-25,23702.488076067726,0.001465496812243926,0.0,23702.488076067726,23702.488076067726,23702.488076067726,23702.488076067726,0.0
